Date/Time,Ticker,Alert,BearBreak,Buy_ATR,Buy_BB,Buy_EW,Buy_LR,Buy_ZZ,Close,DnBars,Downtrend Length,FromHigh,FromLow,LR_LC,LR_MC,LR_UC,Mega Sellby Larger Wave,NumberOfTickers,Pattern,PercentileRank,Rank,S1,SCTR,SL,UpBars,Uptrend Length,hh,ll,myShort,Buy
2024-09-27,ABHICAP.BO,0.0,,,BB,,,,171.35,,,1.0,1.0,,,,,3563.0,_DC,26.98,2602.0,0.52,0.43,,,,195.0,162.2,,BB_DC
2024-09-27,ACROW.BO,1.0,,,BB,EW,,,762,,,4.0,4.0,,,,,3563.0,_DC,34.22,2344.0,5.5,3.58,722.0,,,1020.0,601.0,,EWBB_DC
2024-09-27,AGRITECH.NS,1.0,,ATR,,EW,,,226,,,9.0,9.0,,,,,3563.0,_BW,62.46,1338.0,4.76,16.01,210.15,,,246.99,205.3,,ATREW_BW
2024-09-27,AKZOINDIA.NS,1.0,,ATR,,,,,3782.85,,,2.0,0.0,,,,,3563.0,_UC,83.55,587.0,5.9,32.37,,,,3971.25,2752.0,,ATR_UC
2024-09-27,ALKALI.NS,1.0,,,BB,,,,125.07,,,3.0,4.0,,,,,3563.0,_W,50.22,1774.0,4.49,10.24,,,,140.44,112.99,,BB_W
2024-09-27,ALPA.NS,1.0,,ATR,BB,EW,,,132,,,0.0,0.0,,,,,3563.0,_W,87.2,457.0,22.32,38.46,109.51,,,132.81,69.9,,ATREWBB_W
2024-09-27,AMBUJACEM.NS,0.0,,,BB,,,,634.0,,,0.0,1.0,,,,,3563.0,_DC,42.59,2046.0,1.15,6.93,,,,706.95,598.0,,BB_DC
2024-09-27,AMTL.BO,1.0,,,BB,,,ZZ,43.13,0.0,22.0,0.0,0.0,41.45,42.79,44.12,,3563.0,_DC,46.21,1917.0,4.42,8.46,,3.0,3.0,49.44,38.0,,BB_DC
2024-09-27,ASHIS.BO,1.0,,ATR,,,,ZZ,58.65,0.0,26.0,0.0,0.0,47.81,52.21,56.6,,3563.0,_W,84.25,562.0,15.14,33.13,,14.0,14.0,62.65,36.6,,ATR_W
2024-09-27,ASIANHOTNR.NS,0.0,,,BB,,LR,,187.5,,,8.0,6.0,,,,,3563.0,_DC,76.28,846.0,3.35,24.83,,,,213.12,165.4,,BBLR_DC
2024-09-27,AVADHSUGAR.NS,1.0,,,BB,,,ZZ,802.2,0.0,20.0,0.0,0.0,759.29,793.45,827.61,,3563.0,_DC,81.36,665.0,5.5,29.66,,6.0,6.0,830.5,572.9,,BB_DC
2024-09-27,BAJAJHIND.NS,1.0,,ATR,,,,ZZ,42.66,0.0,20.0,0.0,1.0,40.76,41.96,43.15,,3563.0,_BW,75.49,874.0,8.32,24.39,,6.0,6.0,46.1,37.34,,ATR_BW
2024-09-27,BALMLAWRIE.NS,1.0,,ATR,,,,,274.2,,,0.0,0.0,,,,,3563.0,_UC,52.67,1687.0,4.74,11.3,,,,292.15,260.65,,ATR_UC
2024-09-27,BALPHARMA.NS,1.0,,,,EW,,,133,,,4.0,0.0,,,,,3563.0,_DC,64.35,1271.0,5.7,17.03,121.76,,,157.98,121.76,,EW_DC
2024-09-27,BALRAMCHIN.NS,1.0,,ATR,,,,ZZ,654.8,0.0,20.0,0.0,0.0,610.96,628.73,646.5,,3563.0,_UC,90.26,348.0,8.0,44.87,,12.0,12.0,664.85,352.0,,ATR_UC
2024-09-27,BASF.NS,1.0,,ATR,,,,ZZ,7265.25,0.0,8.0,7.0,0.0,6922.86,7162.43,7402.0,,3563.0,_UC,93.94,217.0,9.54,59.2,,3.0,3.0,7466.0,3742.95,,ATR_UC
2024-09-27,BBL.NS,0.0,,ATR,,EW,,,4842,,,0.0,10.0,,,,,3563.0,_UC,79.51,731.0,3.22,27.86,4545.0,,,5470.0,4545.0,,ATREW_UC
2024-09-27,BBTC.NS,1.0,,ATR,,EW,,ZZ,2859,0.0,9.0,0.0,0.0,2734.42,2792.7,2850.99,,3563.0,_BW,91.13,317.0,8.12,46.7,2506.15,6.0,6.0,2878.0,1318.2,,ATREW_BW
2024-09-27,BERLDRG.BO,1.0,,,BB,,,ZZ,37.96,0.0,14.0,2.0,0.0,37.19,38.43,39.67,,3563.0,_W,73.95,929.0,6.14,23.21,,4.0,4.0,45.0,26.0,,BB_W
2024-09-27,BERYLSE.BO,1.0,,,,EW,,,28,,,3.0,5.0,,,,,3563.0,_W,26.42,2622.0,4.44,0.11,26.0,,,32.0,23.37,,EW_W
2024-09-27,BGRENERGY.NS,0.0,,,BB,,,ZZ,50.4,0.0,23.0,4.0,1.0,54.62,55.14,55.65,,3563.0,_W,51.71,1721.0,1.48,10.92,,10.0,10.0,57.01,40.5,,BB_W
2024-09-27,BI.BO,0.0,,,BB,,,,62.08,,,4.0,0.0,,,,,3563.0,_W,30.6,2473.0,1.29,2.21,,,,73.44,60.06,,BB_W
2024-09-27,BIBCL.BO,1.0,,ATR,,EW,,,30,,,0.0,1.0,,,,,3563.0,_DC,34.45,2336.0,6.18,3.67,27.11,,,30.52,27.05,,ATREW_DC
2024-09-27,BLBLIMITED.NS,0.0,,,BB,,,ZZ,20.4,0.0,26.0,5.0,3.0,19.66,20.51,21.36,,3563.0,_W,14.85,3034.0,2.82,-10.86,,18.0,18.0,21.69,17.05,,BB_W
2024-09-27,BLOIN.BO,1.0,,,,EW,,,33,,,0.0,0.0,,,,,3563.0,_BW,98.51,54.0,18.25,147.46,28.5,,,36.62,3.95,,EW_BW
2024-09-27,BNRSEC.BO,1.0,,,,EW,,,175,,,0.0,2.0,,,,,3563.0,_W,88.12,424.0,6.12,40.28,132.0,,,180.3,132.0,,EW_W
2024-09-27,BOSCHLTD.NS,0.0,,ATR,,,,ZZ,37976.1,0.0,54.0,0.0,0.0,34941.04,36365.67,37790.3,,3563.0,_DC,74.26,918.0,1.43,23.4,,31.0,31.0,38179.9,30900.0,,ATR_DC
2024-09-27,BPCL.NS,1.0,,ATR,,,,ZZ,367.3,0.0,19.0,0.0,0.0,347.01,357.66,368.32,,3563.0,_UC,67.27,1167.0,6.45,18.74,,6.0,6.0,370.5,322.95,,ATR_UC
2024-09-27,BPL.NS,0.0,,,,EW,,,109,,,1.0,1.0,,,,,3563.0,_DC,42.2,2060.0,0.79,6.78,107.6,,,147.85,106.2,,EW_DC
2024-09-27,BRADYM.BO,1.0,,,,EW,,,1855,,,1.0,1.0,,,,,3563.0,_UC,96.1,140.0,5.61,76.11,1681.0,,,1994.1,1060.0,,EW_UC
2024-09-27,BRAWN.BO,1.0,,,BB,,,,19.74,,,1.0,0.0,,,,,3563.0,_DC,29.14,2525.0,5.47,1.44,,,,24.32,17.56,,BB_DC
2024-09-27,BRIGADE.NS,1.0,,ATR,,,,ZZ,1414.5,0.0,42.0,0.0,0.0,1343.54,1396.97,1450.4,,3563.0,_DC,84.28,561.0,7.21,33.17,,32.0,32.0,1448.7,1089.8,,ATR_DC
2024-09-27,BRIGHTBR.BO,1.0,,,,EW,,,307,,,4.0,4.0,,,,,3563.0,_UC,92.39,272.0,4.92,51.48,290.0,,,333.45,133.75,,EW_UC
2024-09-27,BRPL.BO,1.0,,ATR,,,,ZZ,125.29,0.0,54.0,0.0,0.0,93.58,103.52,113.47,,3563.0,_UC,91.86,291.0,23.17,49.59,,30.0,30.0,125.29,73.5,,ATR_UC
2024-09-27,CALSOFT.NS,0.0,,,,EW,,,23,,,2.0,0.0,,,,,3563.0,_BW,75.91,859.0,3.76,24.61,21.3,,,28.02,15.8,,EW_BW
2024-09-27,CENLUB.BO,1.0,,,,EW,,,462,,,0.0,0.0,,,,,3563.0,_UC,58.98,1462.0,5.84,14.39,436.55,,,491.6,343.55,,EW_UC
2024-09-27,CHAMBLFERT.NS,0.0,,,BB,EW,,ZZ,525,0.0,18.0,14.0,14.0,516.48,524.18,531.88,,3563.0,_DC,77.26,811.0,3.62,25.86,473.75,5.0,5.0,542.5,473.75,,EWBB_DC
2024-09-27,CIFL.BO,0.0,,,BB,,,ZZ,145.6,0.0,12.0,2.0,2.0,139.88,144.89,149.91,,3563.0,_W,64.21,1276.0,1.89,16.99,,10.0,10.0,170.8,98.6,,BB_W
2024-09-27,CIPLA.NS,0.0,,ATR,BB,,,ZZ,1672.5,0.0,71.0,1.0,0.0,1647.55,1683.38,1719.2,,3563.0,_UC,54.72,1614.0,3.39,12.32,,64.0,64.0,1683.0,1317.25,,ATRBB_UC
2024-09-27,CLIOINFO.BO,1.0,,,,EW,,,6,,,0.0,9.0,,,,,3563.0,_DC,38.52,2191.0,5.39,5.35,5.76,,,7.28,5.76,,EW_DC
2024-09-27,COALINDIA.NS,0.0,,,,,LR,ZZ,516.1,0.0,24.0,0.0,1.0,509.33,516.36,523.39,,3563.0,_BW,56.04,1567.0,1.79,12.98,,6.0,6.0,543.55,476.25,,LR_BW
2024-09-27,CORDSCABLE.NS,1.0,,ATR,,,,ZZ,225.75,0.0,23.0,4.0,6.0,218.22,224.76,231.31,,3563.0,_DC,72.46,982.0,7.24,22.22,,6.0,6.0,259.99,195.8,,ATR_DC
2024-09-27,CORNE.BO,0.0,,,BB,,,,17.99,,,2.0,1.0,,,,,3563.0,_DT,91.02,321.0,-1.83,46.47,,,,22.31,8.25,,BB_DT
2024-09-27,CPSEETF.BO,0.0,,,,EW,,,102,,,0.0,2.0,,,,,3563.0,_BW,64.23,1275.0,0.45,16.99,96.22,,,104.82,95.63,,EW_BW
2024-09-27,CRANESSOFT.BO,1.0,,ATR,,EW,,,5,,,0.0,0.0,,,,,3563.0,_DC,62.69,1330.0,4.78,16.15,4.73,,,8.07,4.73,,ATREW_DC
2024-09-27,CTL.BO,0.0,,,,,LR,ZZ,45.84,0.0,29.0,0.0,2.0,43.64,44.83,46.02,,3563.0,_DC,37.87,2214.0,1.72,5.1,,10.0,10.0,65.64,41.51,,LR_DC
2024-09-27,CYBERMEDIA.NS,0.0,,,,,LR,ZZ,26.4,0.0,28.0,0.0,0.0,25.92,26.33,26.73,,3563.0,_DC,37.39,2231.0,3.05,4.83,,4.0,4.0,34.69,24.47,,LR_DC
2024-09-27,DAICHI.BO,1.0,,,BB,,,,564.5,,,0.0,0.0,,,,,3563.0,_W,28.64,2543.0,5.12,1.31,,,,799.2,531.0,,BB_W
2024-09-27,DATAMATICS.NS,0.0,,,BB,,,,628.55,,,4.0,4.0,,,,,3563.0,_DC,43.77,2004.0,0.84,7.51,,,,740.0,543.0,,BB_DC
2024-09-27,DAULAT.BO,1.0,,ATR,,,,ZZ,70.35,0.0,23.0,0.0,0.0,57.66,63.63,69.59,,3563.0,_W,95.85,149.0,4.56,71.52,,17.0,17.0,70.35,39.8,,ATR_W
2024-09-27,DHAMPURSUG.NS,0.0,,,BB,,,ZZ,227.03,0.0,17.0,0.0,0.0,215.01,221.5,227.99,,3563.0,_DC,39.16,2168.0,2.81,5.58,,12.0,12.0,233.0,195.0,,BB_DC
2024-09-27,DHANCOT.BO,,,,BB,,,,105.0,,,,0.0,,,,,3563.0,_UC,10.86,3176.0,,,,,,105.0,90.3,,BB_UC
2024-09-27,DLTNCBL.BO,0.0,Bearish Breakout,ATR,,,,,613.0,,,4.0,2.0,,,,,3563.0,_W,81.92,645.0,-2.29,30.17,,,,737.15,490.0,,ATR_W
2024-09-27,DONEAR.NS,1.0,,,BB,,,,120.04,,,0.0,0.0,,,,,3563.0,_DC,46.27,1915.0,5.72,8.46,,,,154.8,113.7,,BB_DC
2024-09-27,DRREDDY.NS,0.0,,,,,LR,,6749.9,,,0.0,1.0,,,,,3563.0,_BW,43.85,2001.0,0.22,7.54,,,,7107.45,6482.5,,LR_BW
2024-09-27,DYNAMATECH.NS,1.0,,ATR,,EW,,,8088,,,0.0,0.0,,,,,3563.0,_UC,61.82,1361.0,10.03,15.69,7330.0,,,8261.4,6400.0,,ATREW_UC
2024-09-27,ECORECO.BO,0.0,,,BB,,,,919.8,,,4.0,3.0,,,,,3563.0,_W,89.64,370.0,1.64,43.49,,,,1215.1,442.6,,BB_W
2024-09-27,EIDPARRY.NS,0.0,,,BB,,,ZZ,843.7,0.0,42.0,4.0,1.0,812.17,846.58,880.98,,3563.0,_W,77.91,788.0,3.04,26.3,,38.0,38.0,875.0,733.45,,BB_W
2024-09-27,ELPROINTL.BO,1.0,,ATR,,,,ZZ,131.8,0.0,23.0,0.0,0.0,126.42,131.81,137.21,,3563.0,_DC,89.11,389.0,10.3,42.22,,6.0,6.0,134.55,100.5,,ATR_DC
2024-09-27,EMERALL.BO,0.0,,,BB,,,,147.65,,,0.0,3.0,,,,,3563.0,_DC,16.79,2965.0,-1.56,-7.16,,,,321.75,97.38,,BB_DC
2024-09-27,ESABINDIA.NS,0.0,,,BB,,,,6180.45,,,0.0,1.0,,,,,3563.0,_DC,50.25,1773.0,-0.38,10.24,,,,6999.0,5939.45,,BB_DC
2024-09-27,EVEREADY.NS,0.0,,,BB,,,ZZ,470.8,0.0,26.0,5.0,2.0,451.73,467.41,483.09,,3563.0,_W,73.61,941.0,0.1,23.09,,12.0,12.0,505.0,435.35,,BB_W
2024-09-27,EXIDEIND.NS,1.0,,ATR,,EW,LR,ZZ,497,0.0,66.0,0.0,1.0,476.99,487.28,497.58,,3563.0,_DC,78.05,783.0,6.8,26.38,454.05,6.0,6.0,620.35,454.05,,ATREWLR_DC
2024-09-27,FCSSOFT.NS,1.0,,,BB,EW,,,4,,,0.0,0.0,,,,,3563.0,_DC,37.03,2244.0,12.36,4.7,3.32,,,3.92,3.32,,EWBB_DC
2024-09-27,FOCUS.NS,0.0,,,BB,,,ZZ,120.78,0.0,17.0,3.0,6.0,120.27,120.63,120.98,,3563.0,_W,18.53,2903.0,2.27,-5.36,,7.0,7.0,128.79,77.0,,BB_W
2024-09-27,FORCEMOT.BO,1.0,,ATR,BB,,LR,ZZ,7680.95,0.0,24.0,0.0,1.0,6985.27,7362.52,7739.78,,3563.0,_DC,38.88,2178.0,8.82,5.52,,6.0,6.0,9755.0,6663.65,,ATRBBLR_DC
2024-09-27,GAGAN.BO,1.0,,ATR,,,,,23.1,,,2.0,0.0,,,,,3563.0,_DC,47.0,1889.0,6.87,8.8,,,,24.57,21.1,,ATR_DC
2024-09-27,GAIL.NS,0.0,,,BB,,,ZZ,236.98,0.0,28.0,0.0,1.0,233.68,235.98,238.29,,3563.0,_DC,68.16,1135.0,1.26,19.22,,5.0,5.0,246.3,208.62,,BB_DC
2024-09-27,GARWSYN.BO,1.0,,,BB,EW,,,26,,,0.0,0.0,,,,,3563.0,_W,75.77,864.0,5.83,24.55,25.18,,,36.35,25.18,,EWBB_W
2024-09-27,GEOJITFSL.NS,1.0,,,,EW,,,155,,,1.0,1.0,,,,,3563.0,_DC,95.09,176.0,4.99,65.33,146.63,,,177.0,98.31,,EW_DC
2024-09-27,GOACARBON.NS,0.0,,,BB,,,ZZ,854.1,0.0,23.0,4.0,2.0,809.34,833.38,857.42,,3563.0,_W,58.0,1497.0,3.01,13.92,,14.0,14.0,893.8,695.55,,BB_W
2024-09-27,GRASIM.NS,0.0,,,,,LR,,2783.15,,,1.0,0.0,,,,,3563.0,_W,61.62,1368.0,1.07,15.61,,,,2819.05,2583.95,,LR_W
2024-09-27,GRPLTD.NS,1.0,,,,EW,,,3266,,,0.0,0.0,,,,,3563.0,_BW,88.6,407.0,6.88,41.12,2931.0,,,4815.15,2931.0,,EW_BW
2024-09-27,HBLPOWER.NS,0.0,,,BB,,,,609.7,,,4.0,2.0,,,,,3563.0,_W,66.37,1199.0,2.58,18.13,,,,724.0,592.5,,BB_W
2024-09-27,HEMORGANIC.BO,0.0,,,,EW,,,12,,,3.0,1.0,,,,,3563.0,_W,54.88,1608.0,2.4,12.37,10.26,,,15.25,9.41,,EW_W
2024-09-27,HERITGFOOD.NS,1.0,,ATR,,,,ZZ,633.05,0.0,46.0,15.0,0.0,576.74,600.16,623.58,,3563.0,_AT,90.68,333.0,4.53,45.71,,37.0,37.0,638.0,518.7,,ATR_AT
2024-09-27,HINDALCO.NS,0.0,,,BB,,,ZZ,747.15,0.0,23.0,0.0,0.0,715.79,734.52,753.24,,3563.0,_UC,72.66,975.0,1.02,22.33,,12.0,12.0,757.7,608.0,,BB_UC
2024-09-27,HINDPETRO.NS,1.0,,ATR,,,,ZZ,437.95,0.0,16.0,19.0,1.0,427.03,434.09,441.15,,3563.0,_UC,77.51,802.0,4.28,26.05,,5.0,5.0,457.15,323.0,,ATR_UC
2024-09-27,HOCL.BO,0.0,,,BB,,,,47.7,,,1.0,1.0,,,,,3563.0,_DT,40.82,2109.0,1.01,6.23,,,,62.7,43.0,,BB_DT
2024-09-27,ICICIPRULI.NS,0.0,,ATR,,,,ZZ,789.5,0.0,95.0,0.0,0.0,761.61,800.64,839.66,,3563.0,_UC,72.09,995.0,-0.46,22.01,,80.0,80.0,795.0,515.45,,ATR_UC
2024-09-27,IDFC.NS,0.0,,,BB,,,ZZ,111.9,0.0,68.0,3.0,7.0,0.0,0.0,0.0,,3563.0,_W,31.89,2427.0,1.0,2.7,,38.0,38.0,114.7,106.61,,BB_W
2024-09-27,IITLPROJ.BO,0.0,,ATR,,,,ZZ,42.47,0.0,21.0,0.0,1.0,40.75,42.03,43.31,,3563.0,_DC,24.79,2680.0,3.94,-0.75,,5.0,5.0,49.1,34.44,,ATR_DC
2024-09-27,IMFA.NS,0.0,,,,,LR,ZZ,672.3,0.0,44.0,0.0,2.0,670.78,683.6,696.42,,3563.0,_DC,40.68,2114.0,0.5,6.17,,14.0,14.0,880.0,618.0,,LR_DC
2024-09-27,INCREDIBLE.BO,1.0,,,,EW,,,46,,,0.0,7.0,,,,,3563.0,_DC,52.3,1700.0,4.41,11.17,44.13,,,63.0,44.13,,EW_DC
2024-09-27,INDIANCARD.NS,1.0,,,BB,,,,283.7,,,20.0,1.0,,,,,3563.0,_W,47.73,1863.0,4.37,9.17,,,,308.0,270.1,,BB_W
2024-09-27,INDORAMA.NS,1.0,,,,EW,,,50,,,2.0,2.0,,,,,3563.0,_UC,60.47,1409.0,7.31,15.11,47.92,,,59.5,42.22,,EW_UC
2024-09-27,INDRENEW.BO,0.0,,,,EW,,,13,,,1.0,2.0,,,,,3563.0,_DC,13.03,3099.0,3.61,-17.29,12.05,,,19.09,11.99,,EW_DC
2024-09-27,IOC.NS,1.0,,ATR,,,,ZZ,180.01,0.0,16.0,8.0,1.0,172.43,176.16,179.89,,3563.0,_DC,51.18,1740.0,4.83,10.67,,6.0,6.0,184.0,162.19,,ATR_DC
2024-09-27,IRIS.BO,1.0,,,BB,,,ZZ,333.0,0.0,27.0,0.0,0.0,309.86,327.89,345.91,,3563.0,_BW,96.66,120.0,7.01,83.44,,18.0,18.0,333.0,240.05,,BB_BW
2024-09-27,JCHAC.NS,1.0,,,BB,,,ZZ,2313.9,0.0,13.0,0.0,0.0,2276.09,2319.87,2363.65,,3563.0,_W,94.19,208.0,5.9,60.75,,3.0,3.0,2355.0,1802.4,,BB_W
2024-09-27,KACHCHH.BO,0.0,,,BB,,,,28.0,,,0.0,0.0,,,,,3563.0,_DC,16.06,2991.0,1.33,-8.39,,,,38.06,27.05,,BB_DC
2024-09-27,KAMADGIRI.BO,1.0,,,,EW,,ZZ,88,0.0,14.0,0.0,0.0,85.4,89.03,92.66,,3563.0,_UC,57.8,1504.0,4.9,13.86,82.0,13.0,13.0,92.9,61.35,,EW_UC
2024-09-27,KCPSUGIND.NS,1.0,,,BB,EW,,,56,,,2.0,1.0,,,,,3563.0,_DC,82.57,622.0,6.88,31.06,52.01,,,61.4,31.05,,EWBB_DC
2024-09-27,KEYCORP.BO,1.0,,ATR,,,,,272.85,,,2.0,0.0,,,,,3563.0,_UC,96.86,113.0,4.9,86.34,,,,333.95,137.85,,ATR_UC
2024-09-27,KEYFINSERV.NS,0.0,,,BB,,,,259.25,,,10.0,6.0,,,,,3563.0,_DC,85.63,513.0,0.97,34.99,,,,334.7,216.35,,BB_DC
2024-09-27,KFBL.BO,1.0,,ATR,,,,,104.03,,,0.0,0.0,,,,,3563.0,_DC,80.01,713.0,10.26,28.33,,,,109.5,85.0,,ATR_DC
2024-09-27,KGPETRO.BO,1.0,,ATR,BB,,,ZZ,225.0,0.0,19.0,0.0,2.0,207.74,215.29,222.84,,3563.0,_W,49.27,1808.0,6.18,9.7,,17.0,17.0,225.0,196.0,,ATRBB_W
2024-09-27,KIRLOSBROS.NS,1.0,,,,,LR,ZZ,1749.25,0.0,40.0,0.0,1.0,1694.73,1737.34,1779.94,,3563.0,_DC,78.16,779.0,5.45,26.47,,8.0,8.0,2684.0,1577.35,,LR_DC
2024-09-27,KORE.BO,1.0,,,,EW,,,7,,,0.0,0.0,,,,,3563.0,_BW,22.4,2765.0,4.68,-2.29,6.0,,,7.02,6.0,,EW_BW
2024-09-27,KPEL.BO,0.0,,ATR,,,,ZZ,459.75,0.0,23.0,0.0,0.0,422.9,447.39,471.88,,3563.0,_W,78.41,770.0,3.56,26.61,,12.0,12.0,459.75,364.15,,ATR_W
2024-09-27,KPIL.NS,1.0,,ATR,,EW,,ZZ,1408,0.0,15.0,,0.0,1346.2,1385.56,1424.92,,3563.0,_BW,72.8,970.0,7.2,22.43,1287.25,3.0,3.0,1449.0,1189.0,,ATREW_BW
2024-09-27,KRISHNACAP.BO,0.0,,ATR,,,,,28.0,,,2.0,0.0,,,,,3563.0,_W,73.13,958.0,-2.36,22.76,,,,34.2,22.05,,ATR_W
2024-09-27,LAHL.BO,1.0,,,BB,,,,8.16,,,4.0,1.0,,,,,3563.0,_DC,53.54,1656.0,5.34,11.77,,,,8.77,7.03,,BB_DC
2024-09-27,LAXMIMACH.NS,1.0,,ATR,,,,ZZ,17916.85,0.0,12.0,0.0,0.0,16488.57,17327.04,18165.5,,3563.0,_UC,70.21,1062.0,10.19,20.8,,5.0,5.0,19199.95,14325.0,,ATR_UC
2024-09-27,LEENEE.BO,1.0,,ATR,BB,EW,,,12,,,5.0,2.0,,,,,3563.0,_DC,52.36,1698.0,8.65,11.19,10.77,,,13.39,10.5,,ATREWBB_DC
2024-09-27,LEHAR.BO,0.0,,ATR,,,,,213.0,,,0.0,0.0,,,,,3563.0,_W,76.53,837.0,2.75,25.12,,,,267.45,196.75,,ATR_W
2024-09-27,LERTHAI.BO,,,,,EW,,,445,,,0.0,,,,,,3563.0,_BW,10.86,3176.0,,,424.2,,,490.0,424.2,,EW_BW
2024-09-27,LFIC.NS,1.0,,ATR,BB,,,ZZ,260.45,0.0,15.0,0.0,0.0,241.68,251.03,260.38,,3563.0,_W,80.4,699.0,9.29,28.84,,8.0,8.0,270.0,198.05,,ATRBB_W
2024-09-27,LKPSEC.BO,0.0,,,BB,,,ZZ,24.3,0.0,19.0,0.0,0.0,22.59,23.93,25.27,,3563.0,_AT,72.35,986.0,0.78,22.12,,11.0,11.0,24.75,19.45,,BB_AT
2024-09-27,MADHUDIN.BO,0.0,,,,EW,,,59,,,2.0,9.0,,,,,3563.0,_DC,23.22,2736.0,2.57,-1.77,55.31,,,67.0,55.31,,EW_DC
2024-09-27,MALUPAPER.NS,0.0,,,BB,,,,47.07,,,8.0,6.0,,,,,3563.0,_DC,55.39,1590.0,2.01,12.71,,,,55.9,46.05,,BB_DC
2024-09-27,MANORAMA.BO,1.0,,,BB,EW,,ZZ,839,0.0,25.0,5.0,1.0,814.45,835.41,856.36,,3563.0,_DC,93.99,215.0,7.49,59.33,752.2,6.0,6.0,926.95,752.2,,EWBB_DC
2024-09-27,MARINE.NS,0.0,,,BB,,,,221.75,,,1.0,1.0,,,,,3563.0,_DC,93.01,250.0,0.78,54.01,,,,308.0,217.65,,BB_DC
2024-09-27,MARIS.BO,1.0,,,,EW,,,40,,,4.0,1.0,,,,,3563.0,_DC,34.17,2346.0,8.71,3.54,37.0,,,59.98,35.9,,EW_DC
2024-09-27,MBECL.NS,1.0,,,BB,,,ZZ,5.36,0.0,23.0,0.0,0.0,5.18,5.35,5.52,,3563.0,_DC,49.72,1792.0,5.35,9.89,,3.0,3.0,6.53,4.51,,BB_DC
2024-09-27,MCLEODRUSS.NS,1.0,,,BB,,,,29.83,,,0.0,0.0,,,,,3563.0,_BW,63.78,1291.0,11.66,16.68,,,,29.83,24.11,,BB_BW
2024-09-27,MCLTD.BO,,,,BB,,,,13.9,,,0.0,0.0,,,,,3563.0,_W,10.86,3176.0,,,,,,14.0,12.41,,BB_W
2024-09-27,MEDICAMEQ.BO,1.0,,ATR,,,,ZZ,580.0,0.0,11.0,0.0,0.0,566.25,583.62,600.99,,3563.0,_UC,83.86,576.0,9.21,32.62,,3.0,3.0,585.45,377.0,,ATR_UC
2024-09-27,MINOLTAF.BO,0.0,,,,EW,,ZZ,9,0.0,17.0,5.0,2.0,0.0,0.0,0.0,,3563.0,_UC,50.2,1775.0,3.66,10.24,8.66,13.0,13.0,9.96,7.76,,EW_UC
2024-09-27,MITTAL.NS,1.0,,ATR,BB,,,ZZ,2.22,0.0,28.0,15.0,11.0,2.08,2.16,2.24,,3563.0,,68.78,1113.0,10.98,19.64,,5.0,5.0,2.25,1.97,,ATRBB
2024-09-27,MTPL.BO,1.0,,,,EW,,,35,,,2.0,0.0,,,,,3563.0,_UC,55.05,1602.0,5.28,12.46,32.0,,,38.7,22.0,,EW_UC
2024-09-27,NATPLASTI.BO,1.0,,,BB,EW,,,393,,,0.0,0.0,,,,,3563.0,_DC,30.01,2494.0,5.75,1.95,352.05,,,477.5,352.05,,EWBB_DC
2024-09-27,NAUKRI.NS,0.0,,,BB,,,ZZ,8170.75,0.0,88.0,0.0,0.0,7691.68,7995.37,8299.06,,3563.0,_UC,82.87,611.0,3.6,31.65,,80.0,80.0,8260.35,5250.0,,BB_UC
2024-09-27,NBCC.NS,1.0,,,,EW,,,177,,,0.0,0.0,,,,,3563.0,_DC,76.87,825.0,6.36,25.49,168.0,,,209.75,168.0,,EW_DC
2024-09-27,NCLIND.NS,0.0,,,BB,,,,213.52,,,0.0,0.0,,,,,3563.0,_DC,35.43,2301.0,0.95,3.99,,,,260.0,211.0,,BB_DC
2024-09-27,NDASEC.BO,0.0,,,,EW,,,40,,,2.0,1.0,,,,,3563.0,_W,14.43,3049.0,3.63,-11.93,37.5,,,44.29,33.8,,EW_W
2024-09-27,NDL.NS,0.0,,,BB,,,ZZ,6.92,0.0,36.0,0.0,3.0,6.68,7.44,8.19,,3563.0,_W,11.01,3171.0,0.0,-70.29,,17.0,17.0,54.13,4.52,,BB_W
2024-09-27,NECCLTD.NS,1.0,,,,EW,,,31,,,0.0,0.0,,,,,3563.0,_DC,51.91,1714.0,6.48,11.01,28.9,,,44.44,28.9,,EW_DC
2024-09-27,NEELKAN.BO,0.0,,ATR,,,,,15.69,,,11.0,8.0,,,,,3563.0,_DC,50.79,1754.0,3.73,10.49,,,,16.85,14.28,,ATR_DC
2024-09-27,NETLINK.BO,1.0,,ATR,,EW,,ZZ,156,0.0,18.0,3.0,0.0,146.52,152.05,157.58,,3563.0,_W,71.81,1005.0,10.29,21.87,140.8,3.0,3.0,170.0,140.8,,ATREW_W
2024-09-27,NGIL.BO,0.0,,,BB,,,ZZ,39.92,0.0,44.0,7.0,7.0,39.43,39.93,40.42,,3563.0,_W,16.2,2986.0,2.33,-8.01,,6.0,6.0,40.55,36.7,,BB_W
2024-09-27,NITIRAJ.NS,0.0,,,BB,,,ZZ,253.03,0.0,21.0,4.0,4.0,240.6,249.6,258.6,,3563.0,_W,76.05,854.0,3.34,24.69,,12.0,12.0,303.0,200.3,,BB_W
2024-09-27,NLCINDIA.NS,1.0,,ATR,BB,,,ZZ,289.4,0.0,23.0,10.0,9.0,271.53,281.74,291.95,,3563.0,_DC,72.49,981.0,5.18,22.22,,14.0,14.0,292.4,258.5,,ATRBB_DC
2024-09-27,NOIDATOLL.NS,0.0,,,BB,,,ZZ,16.73,0.0,24.0,0.0,0.0,15.76,16.36,16.95,,3563.0,_BW,93.09,247.0,3.07,55.22,,16.0,16.0,16.73,11.5,,BB_BW
2024-09-27,ORIENTHOT.NS,1.0,,ATR,,EW,,ZZ,182,0.0,12.0,0.0,0.0,171.19,177.8,184.4,,3563.0,_UC,85.04,534.0,6.07,34.31,168.23,9.0,9.0,192.2,123.4,,ATREW_UC
2024-09-27,PALREDTEC.NS,1.0,,ATR,,EW,,,137,,,0.0,0.0,,,,,3563.0,_UC,69.37,1092.0,18.7,20.26,89.01,,,141.1,84.16,,ATREW_UC
2024-09-27,PANACEABIO.NS,1.0,,ATR,,,,,286.26,,,1.0,0.0,,,,,3563.0,_UC,95.23,171.0,10.57,66.94,,,,367.27,130.0,,ATR_UC
2024-09-27,PARAGMILK.NS,1.0,,,BB,,,ZZ,191.75,0.0,26.0,0.0,1.0,181.73,186.36,190.99,,3563.0,_DC,28.47,2549.0,6.18,1.15,,6.0,6.0,211.98,174.01,,BB_DC
2024-09-27,PCBL.NS,1.0,,ATR,BB,,,ZZ,572.05,0.0,17.0,0.0,0.0,537.39,551.64,565.89,,3563.0,_UC,95.45,163.0,7.74,69.21,,14.0,14.0,577.75,209.0,,ATRBB_UC
2024-09-27,PCJEWELLER.NS,1.0,,,BB,,,ZZ,169.69,0.0,8.0,0.0,0.0,164.92,167.98,171.04,,3563.0,_UC,98.12,68.0,11.94,120.82,,5.0,5.0,169.69,44.05,,BB_UC
2024-09-27,PFIZER.NS,1.0,,ATR,,EW,,,5830,,,0.0,0.0,,,,,3563.0,_UC,67.52,1158.0,8.95,18.9,5380.0,,,6451.15,5380.0,,ATREW_UC
2024-09-27,PGHL.NS,1.0,,ATR,BB,EW,,ZZ,5527,0.0,28.0,0.0,0.0,5336.9,5437.61,5538.33,,3563.0,_DC,54.97,1605.0,6.23,12.43,5051.15,6.0,6.0,5566.0,5051.15,,ATREWBB_DC
2024-09-27,PIDILITIND.NS,0.0,,ATR,,,,ZZ,3363.45,0.0,35.0,0.0,0.0,3262.32,3335.04,3407.75,,3563.0,_UC,55.59,1583.0,1.75,12.81,,31.0,31.0,3370.5,2999.45,,ATR_UC
2024-09-27,PIGL.NS,1.0,,,,EW,,ZZ,172,0.0,15.0,2.0,0.0,168.89,171.36,173.82,,3563.0,_DC,96.38,130.0,4.68,81.64,160.0,3.0,3.0,192.0,65.15,,EW_DC
2024-09-27,PITTIENG.NS,1.0,,ATR,,,,,1322.3,,,5.0,2.0,,,,,3563.0,_UC,86.33,488.0,4.3,36.46,,,,1447.0,623.0,,ATR_UC
2024-09-27,POLYCAB.NS,1.0,,ATR,BB,,LR,ZZ,7054.8,0.0,40.0,0.0,0.0,6493.25,6720.81,6948.37,,3563.0,_BW,72.63,976.0,4.22,22.32,,31.0,31.0,7119.0,6425.55,,ATRBBLR_BW
2024-09-27,PRAJIND.NS,1.0,,ATR,BB,,,ZZ,801.55,0.0,20.0,0.0,0.0,752.28,775.11,797.94,,3563.0,_DC,80.85,683.0,5.62,29.38,,11.0,11.0,825.0,712.3,,ATRBB_DC
2024-09-27,PRECOT.NS,0.0,,,BB,,LR,,453.45,,,0.0,0.0,,,,,3563.0,_DC,68.98,1106.0,3.13,19.86,,,,547.0,410.0,,BBLR_DC
2024-09-27,PRIMAPLA.BO,0.0,,,BB,,,,189.95,,,5.0,5.0,,,,,3563.0,_DC,41.07,2100.0,3.08,6.41,,,,206.05,183.5,,BB_DC
2024-09-27,PRIYALT.BO,1.0,,,,EW,,ZZ,19,0.0,13.0,0.0,0.0,18.67,19.36,20.04,,3563.0,_BW,69.46,1089.0,6.17,20.32,17.0,10.0,10.0,20.63,11.9,,EW_BW
2024-09-27,PTCIL.BO,1.0,,ATR,,,,,13757.85,,,11.0,7.0,,,,,3563.0,_W,85.96,501.0,6.89,35.78,,,,15270.0,12950.0,,ATR_W
2024-09-27,PUNJABCHEM.NS,1.0,,,BB,EW,LR,,1260,,,0.0,6.0,,,,,3563.0,_DC,58.39,1483.0,4.01,14.11,1188.05,,,1575.0,1188.05,,EWBBLR_DC
2024-09-27,RALLIS.NS,0.0,,,,,LR,,328.3,,,0.0,1.0,,,,,3563.0,_BW,56.26,1559.0,0.27,13.07,,,,373.2,313.05,,LR_BW
2024-09-27,RANASUG.NS,0.0,,,BB,,LR,,22.39,,,4.0,4.0,,,,,3563.0,_W,32.12,2419.0,2.47,2.86,,,,27.7,20.3,,BBLR_W
2024-09-27,RASIELEC.BO,1.0,,,BB,,,ZZ,41.05,0.0,13.0,4.0,1.0,37.75,39.57,41.4,,3563.0,_DC,88.38,415.0,10.89,40.79,,6.0,6.0,45.24,22.3,,BB_DC
2024-09-27,REFEX.NS,1.0,,,BB,,,ZZ,573.75,0.0,8.0,0.0,0.0,543.26,562.43,581.6,,3563.0,_UC,98.62,50.0,20.85,164.86,,5.0,5.0,580.7,124.25,,BB_UC
2024-09-27,RELIANCE.NS,0.0,,ATR,BB,,,,3052.35,,,11.0,7.0,,,,,3563.0,_W,43.71,2006.0,2.54,7.44,,,,3079.45,2891.75,,ATRBB_W
2024-09-27,RENUKA.NS,1.0,,ATR,BB,,,ZZ,53.05,0.0,20.0,0.0,0.0,47.54,49.41,51.27,,3563.0,_W,67.63,1154.0,10.53,19.01,,14.0,14.0,53.88,44.1,,ATRBB_W
2024-09-27,RITESHIN.BO,1.0,,ATR,BB,EW,,ZZ,30,0.0,33.0,0.0,0.0,26.82,28.38,29.93,,3563.0,_W,56.32,1557.0,12.83,13.08,25.87,7.0,7.0,32.13,25.87,,ATREWBB_W
2024-09-27,RKEC.NS,1.0,,,,EW,,,124,,,1.0,0.0,,,,,3563.0,_UC,66.17,1206.0,6.74,17.99,113.5,,,133.0,107.75,,EW_UC
2024-09-27,ROSELABS.BO,0.0,,,,EW,,,28,,,2.0,2.0,,,,,3563.0,_W,28.97,2531.0,3.43,1.38,25.65,,,35.0,25.45,,EW_W
2024-09-27,SAB.BO,1.0,,,,EW,,,185,,,2.0,2.0,,,,,3563.0,_DC,39.02,2173.0,6.83,5.56,162.0,,,199.95,159.0,,EW_DC
2024-09-27,SACHEMT.BO,1.0,,,,EW,,,25,,,2.0,0.0,,,,,3563.0,_UC,67.97,1142.0,6.0,19.12,22.53,,,30.29,19.0,,EW_UC
2024-09-27,SADBHAV.NS,0.0,,,,EW,,,32,,,3.0,0.0,,,,,3563.0,_DC,53.12,1671.0,3.64,11.5,29.75,,,38.7,29.75,,EW_DC
2024-09-27,SAKSOFT.NS,1.0,,ATR,,EW,,,283,,,1.0,0.0,,,,,3563.0,_UC,40.15,2133.0,6.86,6.04,263.0,,,319.5,230.44,,ATREW_UC
2024-09-27,SANJIVIN.BO,0.0,,ATR,,EW,,,301,,,3.0,0.0,,,,,3563.0,_BW,91.47,305.0,3.04,48.19,272.5,,,360.6,272.5,,ATREW_BW
2024-09-27,SATIA.NS,0.0,,,,,LR,ZZ,120.24,0.0,24.0,0.0,1.0,117.88,120.12,122.36,,3563.0,_DC,39.64,2151.0,0.94,5.76,,6.0,6.0,129.1,111.62,,LR_DC
2024-09-27,SATINDLTD.BO,1.0,,,,EW,,,126,,,2.0,0.0,,,,,3563.0,_UC,73.64,940.0,7.29,23.11,118.4,,,144.0,86.2,,EW_UC
2024-09-27,SCANSTL.BO,1.0,,ATR,BB,EW,,,71,,,4.0,1.0,,,,,3563.0,_DC,49.19,1811.0,6.04,9.68,64.8,,,75.0,58.0,,ATREWBB_DC
2024-09-27,SEQUENT.NS,1.0,,ATR,,,,ZZ,217.28,0.0,51.0,0.0,0.0,179.61,194.37,209.13,,3563.0,_BW,94.08,212.0,18.2,59.4,,37.0,37.0,224.68,92.05,,ATR_BW
2024-09-27,SHANTIGEAR.NS,1.0,,ATR,,,,ZZ,647.0,0.0,16.0,0.0,0.0,655.42,668.47,681.52,,3563.0,_BW,59.46,1445.0,4.67,14.63,,6.0,6.0,668.0,579.3,,ATR_BW
2024-09-27,SHAQUAK.BO,1.0,,,,EW,,,1,,,0.0,0.0,,,,,3563.0,,17.77,2930.0,4.17,-6.07,1.34,,,1.99,1.34,,EW
2024-09-27,SHARIKA.BO,1.0,,,BB,EW,,,22,,,1.0,1.0,,,,,3563.0,_W,92.56,266.0,9.4,52.24,20.01,,,32.48,20.01,,EWBB_W
2024-09-27,SHREEPAC.BO,1.0,,,,EW,,,168,,,4.0,0.0,,,,,3563.0,_DC,26.73,2611.0,9.01,0.33,150.0,,,221.5,150.0,,EW_DC
2024-09-27,SHRISTI.BO,1.0,,,BB,,,,61.0,,,1.0,0.0,,,,,3563.0,_DC,86.5,482.0,6.29,36.89,,,,70.0,40.0,,BB_DC
2024-09-27,SIEMENS.NS,0.0,,ATR,,,,ZZ,7295.2,0.0,30.0,0.0,2.0,7017.3,7172.94,7328.57,,3563.0,_UC,75.35,879.0,2.64,24.27,,14.0,14.0,7324.0,6502.75,,ATR_UC
2024-09-27,SIMBHALS.NS,1.0,,,BB,,,,26.72,,,3.0,1.0,,,,,3563.0,_W,31.44,2443.0,4.74,2.58,,,,29.76,22.85,,BB_W
2024-09-27,SIMRAN.BO,0.0,,,BB,,,,218.95,,,5.0,4.0,,,,,3563.0,_DC,89.42,378.0,2.49,42.76,,,,269.65,127.95,,BB_DC
2024-09-27,SJVN.NS,1.0,,ATR,,EW,LR,,134,,,0.0,2.0,,,,,3563.0,_DC,47.11,1885.0,6.9,8.87,125.8,,,159.65,124.76,,ATREWLR_DC
2024-09-27,SOFTSOL.BO,1.0,,ATR,,,,,435.45,,,1.0,0.0,,,,,3563.0,_UC,88.49,411.0,4.02,41.02,,,,450.0,215.0,,ATR_UC
2024-09-27,SOMATEX.NS,1.0,,ATR,,,,ZZ,39.61,0.0,40.0,22.0,0.0,36.15,37.1,38.06,,3563.0,_UC,66.42,1197.0,10.65,18.16,,37.0,37.0,39.61,32.21,,ATR_UC
2024-09-27,SPAL.NS,1.0,,ATR,,,,,998.1,,,7.0,7.0,,,,,3563.0,_W,88.8,400.0,9.76,41.63,,,,1120.0,521.05,,ATR_W
2024-09-27,SPECTRA.BO,1.0,,,BB,,,,4.87,,,2.0,3.0,,,,,3563.0,_DC,42.03,2066.0,4.37,6.76,,,,5.27,4.28,,BB_DC
2024-09-27,SRMCL.BO,0.0,,ATR,,,,ZZ,81.5,0.0,28.0,5.0,2.0,80.62,81.52,82.42,,3563.0,_DC,92.0,286.0,0.51,50.05,,12.0,12.0,81.8,50.53,,ATR_DC
2024-09-27,SRMENERGY.BO,0.0,,,BB,,,,17.52,,,4.0,0.0,,,,,3563.0,_DC,14.63,3042.0,2.85,-11.61,,,,21.7,16.75,,BB_DC
2024-09-27,STARPAPER.NS,0.0,,,BB,,,,224.57,,,1.0,1.0,,,,,3563.0,_DC,24.14,2703.0,0.5,-1.15,,,,283.2,219.25,,BB_DC
2024-09-27,STELLAR.BO,1.0,,ATR,BB,,,ZZ,6.49,0.0,40.0,0.0,0.0,5.94,6.2,6.47,,3563.0,_UC,71.87,1003.0,6.62,21.91,,34.0,34.0,6.49,3.9,,ATRBB_UC
2024-09-27,SUDAI.BO,1.0,,,BB,,,ZZ,60.57,0.0,23.0,0.0,0.0,58.1,59.91,61.71,,3563.0,_BW,75.15,886.0,7.47,24.2,,6.0,6.0,60.57,53.64,,BB_BW
2024-09-27,SUDARSCHEM.NS,1.0,,,BB,,,ZZ,1103.9,0.0,16.0,0.0,0.0,1052.44,1086.42,1120.41,,3563.0,_W,89.22,385.0,4.87,42.29,,12.0,12.0,1121.4,680.0,,BB_W
2024-09-27,SUNDARMFIN.NS,0.0,,ATR,,,,ZZ,5339.0,0.0,19.0,0.0,0.0,5027.2,5177.4,5327.59,,3563.0,_UC,73.81,934.0,3.09,23.18,,12.0,12.0,5535.85,3732.9,,ATR_UC
2024-09-27,SUNPHARMA.NS,0.0,,ATR,,,,ZZ,1948.7,0.0,123.0,0.0,0.0,1862.52,1914.52,1966.51,,3563.0,_W,69.96,1071.0,2.97,20.6,,80.0,80.0,1959.3,1377.2,,ATR_W
2024-09-27,SUNRAJDI.BO,1.0,,,,EW,,,11,,,6.0,1.0,,,,,3563.0,_DC,51.04,1745.0,6.25,10.63,10.04,,,11.66,10.04,,EW_DC
2024-09-27,SYMBIOX.BO,1.0,,,BB,,,,4.34,,,0.0,0.0,,,,,3563.0,_BW,90.79,329.0,23.07,46.16,,,,4.34,2.6,,BB_BW
2024-09-27,TAKE.NS,1.0,,,,EW,,,20,,,0.0,0.0,,,,,3563.0,_BW,24.76,2681.0,6.42,-0.75,18.49,,,21.3,17.63,,EW_BW
2024-09-27,TARAI.BO,0.0,,,,EW,,,10,,,0.0,0.0,,,,,3563.0,_DC,23.3,2733.0,3.18,-1.7,8.62,,,10.68,8.62,,EW_DC
2024-09-27,TCIEXP.NS,1.0,,,,EW,,,1115,,,4.0,6.0,,,,,3563.0,_DC,34.7,2327.0,5.04,3.73,1046.3,,,1270.0,1046.3,,EW_DC
2024-09-27,THACKER.BO,0.0,,,,EW,,,1240,,,4.0,0.0,,,,,3563.0,_DC,87.59,443.0,1.77,39.13,1110.0,,,1287.0,1110.0,,EW_DC
2024-09-27,THIRDFIN.BO,0.0,,ATR,,,,ZZ,159.9,0.0,24.0,1.0,1.0,182.51,188.08,193.65,,3563.0,_BW,94.64,192.0,0.05,62.7,,15.0,15.0,170.2,105.85,,ATR_BW
2024-09-27,TRANSFRE.BO,1.0,,,,EW,,ZZ,32,0.0,9.0,1.0,7.0,30.38,31.65,32.92,,3563.0,,41.21,2095.0,4.82,6.47,30.0,5.0,5.0,37.39,27.55,,EW
2024-09-27,TRIVENIENT.BO,1.0,,,,EW,,,2,,,0.0,0.0,,,,,3563.0,_BW,40.54,2119.0,4.97,6.15,2.17,,,2.75,2.17,,EW_BW
2024-09-27,TTIENT.BO,1.0,,,,EW,,,13,,,0.0,0.0,,,,,3563.0,,21.03,2814.0,5.56,-3.22,12.0,,,15.79,12.0,,EW
2024-09-27,TVSMOTOR.NS,0.0,,ATR,,,,ZZ,2949.7,0.0,72.0,0.0,0.0,2822.36,2903.32,2984.28,,3563.0,_UC,78.89,753.0,1.32,27.15,,60.0,60.0,2958.0,1873.0,,ATR_UC
2024-09-27,UNIVSTAR.BO,1.0,,ATR,BB,,LR,ZZ,204.9,0.0,28.0,0.0,0.0,194.77,202.58,210.39,,3563.0,_DC,48.46,1837.0,6.83,9.42,,3.0,3.0,248.1,163.0,,ATRBBLR_DC
2024-09-27,VAARAD.BO,0.0,,,BB,,,ZZ,14.4,0.0,26.0,5.0,1.0,14.05,14.39,14.72,,3563.0,_W,38.74,2183.0,3.43,5.47,,8.0,8.0,16.8,12.91,,BB_W
2024-09-27,VADILENT.BO,1.0,,ATR,,EW,,,4667,,,0.0,0.0,,,,,3563.0,_DC,57.22,1525.0,8.34,13.55,3950.0,,,6000.0,3950.0,,ATREW_DC
2024-09-27,VAKRANGEE.NS,1.0,,ATR,,,,ZZ,31.56,0.0,12.0,0.0,0.0,27.9,30.01,32.13,,3563.0,_UC,91.41,307.0,11.23,48.08,,8.0,8.0,33.3,19.76,,ATR_UC
2024-09-27,VASWANI.NS,1.0,,,,EW,,ZZ,57,0.0,19.0,7.0,2.0,51.06,54.68,58.3,,3563.0,_BW,89.02,392.0,10.73,41.91,47.1,11.0,11.0,60.67,47.1,,EW_BW
2024-09-27,VBDESAI.BO,0.0,,,BB,,,,18.75,,,3.0,2.0,,,,,3563.0,_W,47.33,1877.0,3.2,8.94,,,,21.0,17.0,,BB_W
2024-09-27,VENLONENT.BO,0.0,,,,EW,,,8,,,6.0,6.0,,,,,3563.0,_DC,77.62,798.0,1.62,26.11,7.71,,,9.74,7.71,,EW_DC
2024-09-27,VIDHIING.NS,1.0,,ATR,,,,ZZ,509.55,0.0,39.0,0.0,0.0,436.04,459.64,483.23,,3563.0,_UC,59.85,1431.0,5.39,14.8,,31.0,31.0,529.9,414.15,,ATR_UC
2024-09-27,VINATIORGA.NS,1.0,,ATR,,,,ZZ,2062.4,0.0,35.0,0.0,2.0,1972.29,2007.52,2042.76,,3563.0,_BW,65.38,1234.0,5.29,17.52,,14.0,14.0,2080.2,1885.35,,ATR_BW
2024-09-27,VIRAT.BO,1.0,,,BB,,,ZZ,299.1,0.0,27.0,0.0,0.0,290.02,302.22,314.41,,3563.0,_BW,97.0,108.0,18.31,88.85,,6.0,6.0,299.1,127.0,,BB_BW
2024-09-27,VISHAL.BO,1.0,,,,EW,,,33,,,0.0,0.0,,,,,3563.0,_W,79.9,717.0,5.36,28.24,30.51,,,42.88,30.51,,EW_W
2024-09-27,WESTLIFE.BO,1.0,,ATR,BB,,,ZZ,934.4,0.0,23.0,0.0,0.0,892.07,915.78,939.49,,3563.0,_W,66.25,1203.0,7.79,18.09,,13.0,13.0,956.65,770.3,,ATRBB_W
2024-09-27,ZBINTXPP.BO,0.0,,ATR,,,,ZZ,1900.0,0.0,13.0,0.0,1.0,1928.94,1980.08,2031.23,,3563.0,_UC,93.12,246.0,0.66,55.41,,9.0,9.0,2024.7,1651.05,,ATR_UC
2024-09-27,ZDHJERK.BO,1.0,,,BB,EW,,ZZ,20,0.0,21.0,0.0,0.0,0.0,0.0,0.0,,3563.0,_DC,18.78,2894.0,4.83,-5.21,19.45,3.0,3.0,25.0,19.45,,EWBB_DC
2024-09-27,ZIMLAB.BO,1.0,,,,EW,,,113,,,3.0,0.0,,,,,3563.0,_W,44.13,1991.0,6.32,7.65,105.0,,,128.45,105.0,,EW_W
2024-09-27,ZSARACOM.BO,1.0,,ATR,,EW,,,23827,,,0.0,0.0,,,,,3563.0,_UC,98.76,45.0,17.08,174.13,21561.0,,,27775.0,4893.4,,ATREW_UC
2024-09-27,ZUARI.NS,1.0,,ATR,,,,ZZ,208.05,0.0,22.0,0.0,2.0,194.24,200.34,206.44,,3563.0,_W,52.89,1679.0,6.99,11.4,,14.0,14.0,216.88,186.1,,ATR_W
