Ticker,Last Alert Date_x,Buy Price_x,Target_x,Call_x,Status_x,Buy Date,Buy Strat,Last Alert Date_y,ll,Buy Price_y,Target_y,Call_y,Status_y,CMP,CMP_Date,Quantity,Hit Type,Sell Price,Broker
3MINDIA.NS,2024-10-31,34931.05,,Long,Open,2024-10-31,ATREWLR_DC,2024-10-31,33131.6,34931.05,,Long,Open,36047.6,2024-11-01,0.5557253605268263,,,India
63MOONS.NS,2024-10-28,465.0,,Long,Open,2024-10-31,ATR_W,2024-10-28,436.1,465.0,,Long,Open,572.75,2024-11-01,34.6020761245675,,,India
7TEC.BO,2024-10-31,53.46,,Long,Open,2024-10-31,ATREWBB_DC,2024-10-31,50.26,53.46,,Long,Open,60.23,2024-11-01,312.4999999999997,,,India
A2ZINFRA.NS,2024-10-29,16.02,,Long,Open,2024-10-31,BB_W,2024-10-29,15.83,16.02,,Long,Open,16.96,2024-11-01,5263.157894736856,,,India
AAKASH.NS,2024-10-30,10.77,,Long,Open,2024-10-31,BBLR_W,2024-10-30,10.51,10.77,,Long,Open,11.66,2024-11-01,3846.15384615385,,,India
AARVEEDEN.NS,2024-10-29,43.03,,Long,Open,2024-10-31,BB_DC,2024-10-29,41.25,43.03,,Long,Open,50.09,2024-11-01,561.7977528089884,,,India
ABMKNO.BO,2024-10-29,122.71,,Long,Open,2024-10-31,BB_DC,2024-10-29,115.05,122.71,,Long,Open,138.2,2024-11-01,130.54830287206272,,,India
ACEINTEG.NS,2024-10-31,33.06,,Long,Open,2024-10-31,EW_BW,2024-10-31,31.05,33.06,,Long,Open,33.54,2024-11-01,497.5124378109449,,,India
ACIIN.BO,2024-10-24,2.3,,Long,Open,2024-10-31,BB_W,2024-10-24,2.1,2.3,,Long,Open,2.58,2024-11-01,5000.000000000006,,,India
ACKNIT.BO,2024-10-31,302.75,,Long,Open,2024-10-31,EW_DC,2024-10-31,287.7,302.75,,Long,Open,308.0,2024-11-01,66.44518272425245,,,India
ACME.BO,2024-10-31,32.45,,Long,Open,2024-10-31,EW_DC,2024-10-31,30.8,32.45,,Long,Open,34.97,2024-11-01,606.0606060606053,,,India
ADFFOODS.NS,2024-10-28,274.15,,Long,Open,2024-10-31,BB_DC,2024-10-28,268.0,274.15,,Long,Open,298.8,2024-11-01,162.60162601626075,,,India
ADMANUM.BO,2024-10-30,96.79,,Long,Open,2024-10-31,BB_DC,2024-10-30,91.15,96.79,,Long,Open,108.85,2024-11-01,177.30496453900707,,,India
ADORWELD.NS,2024-10-28,1232.55,,Long,Open,2024-10-31,BB_DC,2024-10-28,1216.0,1232.55,,Long,Open,1315.35,2024-11-01,60.4229607250757,,,India
ADROITINFO.NS,2024-10-23,19.32,,Long,Open,2024-10-31,BB_DC,2024-10-23,17.4,19.32,,Long,Open,20.2,2024-11-01,520.8333333333329,,,India
AGIIL.BO,2024-10-23,906.58,,Long,Open,2024-10-31,BB_BW,2024-10-23,885.0,906.58,,Long,Open,1231.15,2024-11-01,46.3392029657089,,,India
AHLADA.NS,2024-10-29,97.01,,Long,Open,2024-10-31,BB_DC,2024-10-29,92.11,97.01,,Long,Open,101.71,2024-11-01,204.08163265306095,,,India
AKZOINDIA.NS,2024-10-28,3686.02,,Long,Open,2024-10-31,ATR_W,2024-10-28,3620.0,3686.02,,Long,Open,4402.3,2024-11-01,15.146925174189644,,,India
ALANKIT.NS,2024-10-29,21.34,,Long,Open,2024-10-31,BB_W,2024-10-29,20.04,21.34,,Long,Open,22.41,2024-11-01,769.2307692307688,,,India
ALBERTDAVD.NS,2024-10-31,1377.46,,Long,Open,2024-10-31,EW_DC,2024-10-31,1270.0,1377.46,,Long,Open,1386.05,2024-11-01,9.305788200260558,,,India
ALFL.BO,2024-10-30,1.94,,Long,Open,2024-10-31,BB_DC,2024-10-30,1.82,1.94,,Long,Open,2.16,2024-11-01,8333.333333333341,,,India
ALPINEHOU.BO,2024-10-31,105.4,,Long,Open,2024-10-31,EWBB_DC,2024-10-31,99.0,105.4,,Long,Open,111.1,2024-11-01,156.24999999999986,,,India
AMRAAGRI.BO,2024-10-31,1.1,,Long,Open,2024-10-31,ATREWBB_DT,2024-10-31,1.01,1.1,,Long,Open,1.2,2024-11-01,11111.1111111111,,,India
AMRAPLIN.BO,2024-10-24,15.27,,Long,Open,2024-10-31,ATR_UC,2024-10-24,14.55,15.27,,Long,Open,17.28,2024-11-01,1388.8888888888912,,,India
ANANTRAJ.NS,2024-10-28,647.9,,Long,Open,2024-10-31,ATR_BW,2024-10-28,635.1,647.9,,Long,Open,740.8,2024-11-01,78.12500000000028,,,India
ANDHRSUGAR.NS,2024-10-28,93.44,,Long,Open,2024-10-31,LR_DC,2024-10-28,92.45,93.44,,Long,Open,104.55,2024-11-01,1010.1010101010152,,,India
ANKITMETAL.NS,2024-10-31,3.43,,Long,Open,2024-10-31,EW_BW,2024-10-31,3.35,3.43,,Long,Open,3.66,2024-11-01,12499.999999999987,,,India
ANUP.NS,2024-09-26,2205.76,,Long,Open,2024-10-31,ATR_UC,2024-09-26,2647.0,2205.76,,Long,Open,3481.6,2024-11-01,-2.2663403136615003,,,India
APARINDS.NS,2024-10-29,9317.55,,Long,Open,2024-10-31,ATR_BW,2024-10-29,9210.8,9317.55,,Long,Open,10062.35,2024-11-01,9.36768149882904,,,India
APIL.BO,2024-10-30,22.17,,Long,Open,2024-10-31,ATRBB_W,2024-10-30,20.25,22.17,,Long,Open,25.39,2024-11-01,520.8333333333329,,,India
APLAPOLLO.NS,2024-10-31,1500.34,,Long,Open,2024-10-31,EW_BW,2024-10-31,1376.7,1500.34,,Long,Open,1520.45,2024-11-01,8.087997411840837,,,India
APOLLOPIPE.NS,2024-10-31,526.0,,Long,Open,2024-10-31,EW_BW,2024-10-31,472.35,526.0,,Long,Open,530.0,2024-11-01,18.639328984156577,,,India
APOLLOTYRE.NS,2024-10-31,497.99,,Long,Open,2024-10-31,EW_DC,2024-10-31,474.25,497.99,,Long,Open,504.95,2024-11-01,42.12299915754,,,India
ARAVALIS.BO,2024-10-30,4.66,,Long,Open,2024-10-31,BB_DC,2024-10-30,4.38,4.66,,Long,Open,5.06,2024-11-01,3571.4285714285684,,,India
ARIES.NS,2024-10-28,233.5,,Long,Open,2024-10-31,BB_DC,2024-10-28,224.2,233.5,,Long,Open,264.35,2024-11-01,107.52688172042996,,,India
ARVIND.NS,2024-10-28,326.38,,Long,Open,2024-10-31,BBLR_DC,2024-10-28,308.35,326.38,,Long,Open,371.7,2024-11-01,55.46311702717701,,,India
ARYAMAN.BO,2024-10-31,404.99,,Long,Open,2024-10-31,EWLR_DC,2024-10-31,375.0,404.99,,Long,Open,435.65,2024-11-01,33.34444814938312,,,India
ASAHIINDIA.NS,2024-10-30,691.7,,Long,Open,2024-10-31,ATRBB_DC,2024-10-30,657.65,691.7,,Long,Open,750.3,2024-11-01,29.36857562408217,,,India
ASAHISONG.NS,2024-10-31,408.52,,Long,Open,2024-10-31,EW_DC,2024-10-31,392.65,408.52,,Long,Open,427.75,2024-11-01,63.01197227473218,,,India
ASHIMASYN.NS,2024-10-31,31.77,,Long,Open,2024-10-31,EWBB_DC,2024-10-31,29.09,31.77,,Long,Open,31.75,2024-11-01,373.134328358209,,,India
ASHSI.BO,2024-10-31,37.38,,Long,Open,2024-10-31,EW_DC,2024-10-31,35.55,37.38,,Long,Open,38.57,2024-11-01,546.4480874316923,,,India
ASTRON.NS,2024-10-31,20.73,,Long,Open,2024-10-31,EW_DC,2024-10-31,19.0,20.73,,Long,Open,21.31,2024-11-01,578.0346820809248,,,India
AURIONPRO.NS,2024-10-31,1584.78,,Long,Open,2024-10-31,EW_UC,2024-10-31,1470.0,1584.78,,Long,Open,1653.05,2024-11-01,8.7123192193762,,,India
AVANTEL.BO,2024-10-31,169.96,,Long,Open,2024-10-31,EW_BW,2024-10-31,163.45,169.96,,Long,Open,174.65,2024-11-01,153.6098310291854,,,India
AVL.BO,2024-10-31,424.96,,Long,Open,2024-10-31,EWBB_DC,2024-10-31,412.35,424.96,,Long,Open,461.25,2024-11-01,79.30214115781153,,,India
AVTNPL.NS,2024-10-31,82.35,,Long,Open,2024-10-31,EW_DC,2024-10-31,77.7,82.35,,Long,Open,83.41,2024-11-01,215.05376344086065,,,India
AXELPOLY.BO,2024-10-25,59.99,,Long,Open,2024-10-31,ATR_BW,2024-10-25,59.0,59.99,,Long,Open,63.54,2024-11-01,1010.101010101008,,,India
BAJAJHIND.NS,2024-10-31,34.33,,Long,Open,2024-10-31,EW_BW,2024-10-31,31.61,34.33,,Long,Open,34.84,2024-11-01,367.6470588235296,,,India
BAJAJST.BO,2024-10-30,3017.91,,Long,Open,2024-10-31,BB_W,2024-10-30,2871.2,3017.91,,Long,Open,3512.2,2024-11-01,6.816167950378295,,,India
BBOX.NS,2024-10-29,450.25,,Long,Open,2024-10-31,LR_DC,2024-10-29,445.4,450.25,,Long,Open,487.4,2024-11-01,206.18556701030832,,,India
BEMHY.BO,2024-10-29,1262.0,,Long,Open,2024-10-31,BB_DC,2024-10-29,1189.5,1262.0,,Long,Open,1339.95,2024-11-01,13.79310344827586,,,India
BERYLSE.BO,2024-10-25,28.63,,Long,Open,2024-10-31,BB_DC,2024-10-25,27.9,28.63,,Long,Open,33.58,2024-11-01,1369.8630136986294,,,India
BGRENERGY.NS,2024-10-31,39.56,,Long,Open,2024-10-31,EW_BW,2024-10-31,34.5,39.56,,Long,Open,40.64,2024-11-01,197.62845849802363,,,India
BHARATSE.BO,2024-10-28,158.9,,Long,Open,2024-10-31,BB_DC,2024-10-28,155.25,158.9,,Long,Open,206.45,2024-11-01,273.9726027397256,,,India
BLIL.BO,2024-10-30,74.06,,Long,Open,2024-10-31,BB_DC,2024-10-30,72.07,74.06,,Long,Open,82.94,2024-11-01,502.5125628140681,,,India
BLUECHIPT.BO,2024-10-31,161.09,,Long,Open,2024-10-31,EW_DC,2024-10-31,140.7,161.09,,Long,Open,162.45,2024-11-01,49.043648847474216,,,India
BROOKS.NS,2024-10-31,130.4,,Long,Open,2024-10-31,EW_BW,2024-10-31,125.0,130.4,,Long,Open,139.24,2024-11-01,185.185185185185,,,India
BYKE.NS,2024-10-30,62.51,,Long,Open,2024-10-31,ATR_BW,2024-10-30,60.03,62.51,,Long,Open,73.78,2024-11-01,403.22580645161344,,,India
CALSOFT.NS,2024-10-31,18.74,,Long,Open,2024-10-31,EWBB_DC,2024-10-31,17.51,18.74,,Long,Open,19.15,2024-11-01,813.0081300813029,,,India
CAMEXLTD.BO,2024-10-29,55.82,,Long,Open,2024-10-31,BB_DC,2024-10-29,47.01,55.82,,Long,Open,59.36,2024-11-01,113.50737797956864,,,India
CARYSIL.NS,2024-10-30,778.21,,Long,Open,2024-10-31,BB_W,2024-10-30,739.65,778.21,,Long,Open,804.8,2024-11-01,25.933609958506185,,,India
CCL.NS,2024-10-30,633.5,,Long,Open,2024-10-31,ATRLR_DC,2024-10-30,616.65,633.5,,Long,Open,678.15,2024-11-01,59.347181008902,,,India
CENTUM.NS,2024-10-30,1697.04,,Long,Open,2024-10-31,ATR_DC,2024-10-30,1606.3,1697.04,,Long,Open,1844.2,2024-11-01,11.020498126515315,,,India
CHANDRAP.BO,2024-10-31,25.65,,Long,Open,2024-10-31,EW_DC,2024-10-31,23.5,25.65,,Long,Open,26.04,2024-11-01,465.11627906976776,,,India
CHOICEIN.BO,2024-10-28,456.19,,Long,Open,2024-10-31,ATRBB_UC,2024-10-28,450.0,456.19,,Long,Open,522.9,2024-11-01,161.55088852988698,,,India
CIPLA.NS,2024-10-31,1530.03,,Long,Open,2024-10-31,EW_BW,2024-10-31,1403.0,1530.03,,Long,Open,1551.75,2024-11-01,7.872156183578684,,,India
COCHINM.BO,2024-10-28,301.0,,Long,Open,2024-10-31,BB_W,2024-10-28,295.05,301.0,,Long,Open,383.95,2024-11-01,168.0672268907566,,,India
COCHINSHIP.NS,2024-10-29,1378.46,,Long,Open,2024-10-31,BB_DC,2024-10-29,1340.0,1378.46,,Long,Open,1497.2,2024-11-01,26.00104004160164,,,India
COLINZ.BO,2024-10-28,50.69,,Long,Open,2024-10-31,BBLR_BW,2024-10-28,49.03,50.69,,Long,Open,68.14,2024-11-01,602.4096385542181,,,India
COMFINTE.BO,2024-10-30,11.71,,Long,Open,2024-10-31,BB_DC,2024-10-30,10.31,11.71,,Long,Open,13.26,2024-11-01,714.2857142857141,,,India
COMSYN.BO,2024-10-31,62.53,,Long,Open,2024-10-31,EWBB_W,2024-10-31,58.82,62.53,,Long,Open,67.4,2024-11-01,269.5417789757412,,,India
CONCORD.BO,2024-10-31,36.92,,Long,Open,2024-10-31,EW_DC,2024-10-31,33.0,36.92,,Long,Open,38.0,2024-11-01,255.1020408163264,,,India
CORNE.BO,2024-10-25,16.57,,Long,Open,2024-10-31,ATR_UC,2024-10-25,16.47,16.57,,Long,Open,17.46,2024-11-01,9999.999999999858,,,India
COROMANDEL.NS,2024-10-08,1555.78,,Long,Open,2024-10-31,LR_W,2024-10-08,1560.0,1555.78,,Long,Open,1668.65,2024-11-01,-236.96682464454824,,,India
CRANEINFRA.BO,2024-10-28,21.4,,Long,Open,2024-10-31,BBLR_DC,2024-10-28,20.3,21.4,,Long,Open,25.8,2024-11-01,909.0909090909108,,,India
CRAVATEX.BO,2024-10-31,460.0,,Long,Open,2024-10-31,EW_UC,2024-10-31,433.3,460.0,,Long,Open,447.2,2024-11-01,37.45318352059927,,,India
CRSTCHM.BO,2024-10-31,203.49,,Long,Open,2024-10-31,EW_W,2024-10-31,200.95,203.49,,Long,Open,221.65,2024-11-01,393.7007874015716,,,India
CUBIFIN.BO,2024-10-28,2.04,,Long,Open,2024-10-31,LR_DC,2024-10-28,1.97,2.04,,Long,Open,2.37,2024-11-01,14285.714285714274,,,India
CUPID.NS,2024-10-31,79.6,,Long,Open,2024-10-31,EW_BW,2024-10-31,70.1,79.6,,Long,Open,80.7,2024-11-01,105.26315789473684,,,India
CYBELEIND.BO,2024-10-31,44.71,,Long,Open,2024-10-31,EW_UC,2024-10-31,42.42,44.71,,Long,Open,44.25,2024-11-01,436.6812227074237,,,India
CYBERTECH.NS,2024-10-24,213.19,,Long,Open,2024-10-31,LR_DC,2024-10-24,195.89,213.19,,Long,Open,224.98,2024-11-01,57.80346820809245,,,India
DAIKAFFI.BO,2024-10-14,166.15,,Long,Open,2024-10-31,ATR_UC,2024-10-14,235.05,166.15,,Long,Open,249.35,2024-11-01,-14.513788098693755,,,India
DAVANGERE.BO,2024-10-31,6.4,,Long,Open,2024-10-31,EW_DC,2024-10-31,5.83,6.4,,Long,Open,6.64,2024-11-01,1754.38596491228,,,India
DCI.NS,2024-10-24,359.61,,Long,Open,2024-10-31,BB_DC,2024-10-24,345.4,359.61,,Long,Open,361.2,2024-11-01,70.37297677691748,,,India
DCMFINSERV.NS,2024-10-25,6.46,,Long,Open,2024-10-31,LR_DC,2024-10-25,6.3,6.46,,Long,Open,7.49,2024-11-01,6249.9999999999945,,,India
DEN.NS,2024-10-31,47.32,,Long,Open,2024-10-31,EW_DC,2024-10-31,42.16,47.32,,Long,Open,48.13,2024-11-01,193.79844961240295,,,India
DHANUKA.NS,2024-10-28,1390.66,,Long,Open,2024-10-31,BB_DC,2024-10-28,1343.25,1390.66,,Long,Open,1571.4,2024-11-01,21.092596498628943,,,India
DIVSHKT.BO,2024-10-30,70.45,,Long,Open,2024-10-31,BB_DC,2024-10-30,66.11,70.45,,Long,Open,73.36,2024-11-01,230.41474654377865,,,India
DLINKINDIA.NS,2024-10-30,524.7,,Long,Open,2024-10-31,LR_DC,2024-10-30,492.8,524.7,,Long,Open,553.55,2024-11-01,31.347962382445107,,,India
DUCON.NS,2024-10-31,7.84,,Long,Open,2024-10-31,EW_DC,2024-10-31,7.16,7.84,,Long,Open,8.12,2024-11-01,1470.5882352941182,,,India
DYNAMATECH.NS,2024-10-31,7206.86,,Long,Open,2024-10-31,ATREW_BW,2024-10-31,6785.1,7206.86,,Long,Open,7521.15,2024-11-01,2.3710166919575157,,,India
E2E.NS,2024-10-25,3321.93,,Long,Open,2024-10-31,BB_UC,2024-10-25,3250.05,3321.93,,Long,Open,4299.85,2024-11-01,13.912075681691777,,,India
ECOBOAR.BO,2024-10-29,27.96,,Long,Open,2024-10-31,BB_DC,2024-10-29,27.32,27.96,,Long,Open,31.03,2024-11-01,1562.4999999999986,,,India
EIDPARRY.NS,2024-10-30,777.49,,Long,Open,2024-10-31,LR_BW,2024-10-30,741.3,777.49,,Long,Open,806.55,2024-11-01,27.631942525559506,,,India
EIFFL.NS,2024-10-31,200.91,,Long,Open,2024-10-31,EW_UC,2024-10-31,192.12,200.91,,Long,Open,207.84,2024-11-01,113.7656427758818,,,India
EKAMLEA.BO,2024-10-31,8.01,,Long,Open,2024-10-31,EW_UC,2024-10-31,7.0,8.01,,Long,Open,8.56,2024-11-01,990.0990099009904,,,India
ELANTAS.BO,2024-10-23,12381.46,,Long,Open,2024-10-31,BB_W,2024-10-23,12125.95,12381.46,,Long,Open,13649.3,2024-11-01,3.9137411451606834,,,India
ELGIEQUIP.NS,2024-10-30,596.85,,Long,Open,2024-10-31,ATRBB_DC,2024-10-30,588.05,596.85,,Long,Open,662.55,2024-11-01,113.63636363636276,,,India
ELPROINTL.BO,2024-10-31,102.22,,Long,Open,2024-10-31,ATREW_W,2024-10-31,98.15,102.22,,Long,Open,113.7,2024-11-01,245.7002457002461,,,India
EMAMIPAP.NS,2024-10-31,104.8,,Long,Open,2024-10-31,EW_DC,2024-10-31,99.0,104.8,,Long,Open,108.63,2024-11-01,172.41379310344837,,,India
ENERGYDEV.NS,2024-10-29,21.95,,Long,Open,2024-10-31,LR_DC,2024-10-29,19.82,21.95,,Long,Open,24.67,2024-11-01,469.4835680751176,,,India
ESABINDIA.NS,2024-10-23,6019.95,,Long,Open,2024-10-31,ATR_UC,2024-10-23,5925.6,6019.95,,Long,Open,6418.1,2024-11-01,10.598834128245954,,,India
ESHAMEDIA.BO,2024-10-25,13.5,,Long,Open,2024-10-31,LR_UC,2024-10-25,13.24,13.5,,Long,Open,14.6,2024-11-01,3846.15384615385,,,India
EUROTEXIND.NS,2024-10-25,10.18,,Long,Open,2024-10-31,BB_DC,2024-10-25,9.72,10.18,,Long,Open,10.0,2024-11-01,2173.913043478265,,,India
EVERESTIND.NS,2024-10-22,956.44,,Long,Open,2024-10-31,ATR_DC,2024-10-22,929.45,956.44,,Long,Open,1126.1,2024-11-01,37.05075954057057,,,India
FACORALL.BO,2024-10-31,5.89,,Long,Open,2024-10-31,EWBB_DC,2024-10-31,5.4,5.89,,Long,Open,6.14,2024-11-01,2040.816326530615,,,India
FDC.NS,2024-10-29,517.24,,Long,Open,2024-10-31,BBLR_W,2024-10-29,506.45,517.24,,Long,Open,546.55,2024-11-01,92.6784059314178,,,India
FIBERWEB.BO,2024-10-30,41.19,,Long,Open,2024-10-31,BB_DC,2024-10-30,36.46,41.19,,Long,Open,44.78,2024-11-01,211.41649048625808,,,India
FILATEX.NS,2024-10-30,52.93,,Long,Open,2024-10-31,ATR_BW,2024-10-30,50.5,52.93,,Long,Open,60.51,2024-11-01,411.522633744856,,,India
FORBESCO.BO,2024-10-31,643.32,,Long,Open,2024-10-31,EW_BW,2024-10-31,610.3,643.32,,Long,Open,661.6,2024-11-01,30.28467595396721,,,India
FOSECOIND.NS,2024-10-28,4271.29,,Long,Open,2024-10-31,BB_DC,2024-10-28,4207.05,4271.29,,Long,Open,4667.35,2024-11-01,15.566625155666303,,,India
FRASER.BO,2024-10-30,5.24,,Long,Open,2024-10-31,BB_UC,2024-10-30,4.82,5.24,,Long,Open,6.15,2024-11-01,2380.952380952381,,,India
GANGAPA.BO,2024-10-31,105.11,,Long,Open,2024-10-31,EW_DC,2024-10-31,100.0,105.11,,Long,Open,105.1,2024-11-01,195.69471624266143,,,India
GCMCAPI.BO,2024-10-31,6.3,,Long,Open,2024-10-31,EW_DC,2024-10-31,5.89,6.3,,Long,Open,6.28,2024-11-01,2439.024390243901,,,India
GEE.BO,2024-10-31,156.14,,Long,Open,2024-10-31,EW_DC,2024-10-31,148.0,156.14,,Long,Open,155.7,2024-11-01,122.85012285012306,,,India
GENSOL.BO,2024-10-31,759.54,,Long,Open,2024-10-31,EW_DC,2024-10-31,724.95,759.54,,Long,Open,815.5,2024-11-01,28.91008962127789,,,India
GILLANDERS.NS,2024-10-31,85.16,,Long,Open,2024-10-31,EW_DC,2024-10-31,80.2,85.16,,Long,Open,88.79,2024-11-01,201.61290322580672,,,India
GINISILK.BO,2024-10-31,112.23,,Long,Open,2024-10-31,EWBB_W,2024-10-31,103.85,112.23,,Long,Open,124.2,2024-11-01,119.33174224343662,,,India
GITARENEW.BO,2024-10-28,152.35,,Long,Open,2024-10-31,ATR_BW,2024-10-28,142.05,152.35,,Long,Open,183.4,2024-11-01,97.08737864077686,,,India
GLITTEKG.BO,2024-10-21,3.48,,Long,Open,2024-10-31,BB_DC,2024-10-21,3.37,3.48,,Long,Open,3.6,2024-11-01,9090.9090909091,,,India
GNRL.BO,2024-10-31,22.4,,Long,Open,2024-10-31,EW_DC,2024-10-31,21.01,22.4,,Long,Open,24.47,2024-11-01,719.4244604316563,,,India
GOKEX.NS,2024-10-31,869.82,,Long,Open,2024-10-31,EW_DC,2024-10-31,820.45,869.82,,Long,Open,896.45,2024-11-01,20.2552157180474,,,India
GOLDTECH.NS,2024-10-31,73.26,,Long,Open,2024-10-31,EW_DC,2024-10-31,61.75,73.26,,Long,Open,73.26,2024-11-01,86.8809730668983,,,India
GOODRICKE.BO,2024-10-24,249.2,,Long,Open,2024-10-31,ATRBB_W,2024-10-24,236.25,249.2,,Long,Open,306.5,2024-11-01,77.22007722007729,,,India
GRAVITA.NS,2024-10-31,2025.0,,Long,Open,2024-10-31,EW_DC,2024-10-31,1966.55,2025.0,,Long,Open,2119.8,2024-11-01,17.10863986313087,,,India
GRAVITY.BO,2024-10-29,4.26,,Long,Open,2024-10-31,BB_UC,2024-10-29,4.02,4.26,,Long,Open,6.07,2024-11-01,4166.666666666663,,,India
GRWRHITECH.BO,2024-10-29,3538.44,,Long,Open,2024-10-31,ATR_UC,2024-10-29,3466.1,3538.44,,Long,Open,4055.9,2024-11-01,13.823610727121896,,,India
GUJPETR.BO,2024-10-31,68.65,,Long,Open,2024-10-31,EW_W,2024-10-31,66.0,68.65,,Long,Open,72.16,2024-11-01,377.35849056603695,,,India
HBPOR.BO,2024-10-31,105.98,,Long,Open,2024-10-31,EWBB_DC,2024-10-31,98.15,105.98,,Long,Open,114.35,2024-11-01,127.71392081736911,,,India
HECPROJECT.NS,2024-10-29,98.65,,Long,Open,2024-10-31,BB_DC,2024-10-29,92.52,98.65,,Long,Open,125.79,2024-11-01,163.13213703099484,,,India
HIPOLIN.BO,2024-10-25,118.5,,Long,Open,2024-10-31,ATR_DC,2024-10-25,117.0,118.5,,Long,Open,137.0,2024-11-01,666.6666666666666,,,India
HMT.NS,2024-10-31,69.66,,Long,Open,2024-10-31,EW_DC,2024-10-31,65.2,69.66,,Long,Open,70.93,2024-11-01,224.2152466367716,,,India
IBINFO.BO,2024-10-31,154.1,,Long,Open,2024-10-31,ATREW_UC,2024-10-31,150.15,154.1,,Long,Open,169.8,2024-11-01,253.16455696202604,,,India
ICIL.NS,2024-10-28,358.4,,Long,Open,2024-10-31,BB_W,2024-10-28,352.95,358.4,,Long,Open,388.0,2024-11-01,183.4862385321105,,,India
ICRA.NS,2024-10-31,7047.55,,Long,Open,2024-10-31,EW_W,2024-10-31,6766.0,7047.55,,Long,Open,7196.95,2024-11-01,3.55176700408453,,,India
IDEA.NS,2024-10-31,7.83,,Long,Open,2024-10-31,EWBB_DC,2024-10-31,7.58,7.83,,Long,Open,8.12,2024-11-01,4000.0,,,India
IFINSEC.BO,2024-10-29,143.49,,Long,Open,2024-10-31,BB_W,2024-10-29,115.55,143.49,,Long,Open,149.9,2024-11-01,35.79098067287042,,,India
IIFL.NS,2024-10-28,401.33,,Long,Open,2024-10-31,BB_DC,2024-10-28,391.25,401.33,,Long,Open,436.8,2024-11-01,99.20634920634936,,,India
INCREDIBLE.BO,2024-10-31,41.4,,Long,Open,2024-10-31,EW_DC,2024-10-31,35.68,41.4,,Long,Open,41.3,2024-11-01,174.82517482517486,,,India
INDIANVSH.BO,2024-10-29,13.94,,Long,Open,2024-10-31,BB_W,2024-10-29,12.66,13.94,,Long,Open,15.55,2024-11-01,781.2500000000003,,,India
INDINFO.BO,2024-10-29,1.28,,Long,Open,2024-10-31,BB_W,2024-10-29,1.22,1.28,,Long,Open,1.46,2024-11-01,16666.666666666653,,,India
INDOCITY.BO,2024-10-24,14.05,,Long,Open,2024-10-31,LR_DC,2024-10-24,13.31,14.05,,Long,Open,15.69,2024-11-01,1351.351351351351,,,India
INDTONER.BO,2024-10-28,279.19,,Long,Open,2024-10-31,BBLR_DC,2024-10-28,277.15,279.19,,Long,Open,298.1,2024-11-01,490.19607843136765,,,India
INFORTEC.BO,2024-10-31,96.22,,Long,Open,2024-10-31,EW_DC,2024-10-31,90.0,96.22,,Long,Open,102.39,2024-11-01,160.77170418006435,,,India
INOVSYNTH.BO,2024-10-31,71.49,,Long,Open,2024-10-31,EW_BW,2024-10-31,69.75,71.49,,Long,Open,77.32,2024-11-01,574.7126436781626,,,India
INOXWIND.NS,2024-10-28,206.66,,Long,Open,2024-10-31,BB_DC,2024-10-28,197.27,206.66,,Long,Open,223.8,2024-11-01,106.4962726304581,,,India
INSECTICID.NS,2024-10-29,790.46,,Long,Open,2024-10-31,LR_DC,2024-10-29,750.0,790.46,,Long,Open,860.0,2024-11-01,24.71576866040532,,,India
INVPRECQ.BO,2024-10-31,826.0,,Long,Open,2024-10-31,EWBB_DC,2024-10-31,788.5,826.0,,Long,Open,849.4,2024-11-01,26.666666666666668,,,India
IOB.NS,2024-10-29,51.33,,Long,Open,2024-10-31,BB_W,2024-10-29,48.44,51.33,,Long,Open,54.46,2024-11-01,346.0207612456747,,,India
ITL.BO,2024-10-31,447.5,,Long,Open,2024-10-31,EW_DC,2024-10-31,430.0,447.5,,Long,Open,470.7,2024-11-01,57.142857142857146,,,India
IVC.NS,2024-10-31,11.18,,Long,Open,2024-10-31,EW_DC,2024-10-31,9.96,11.18,,Long,Open,11.58,2024-11-01,819.6721311475418,,,India
JAIBALAJI.NS,2024-10-30,1020.05,,Long,Open,2024-10-31,BB_W,2024-10-30,975.0,1020.05,,Long,Open,1087.65,2024-11-01,22.19755826859048,,,India
JAIPAN.BO,2024-10-31,35.86,,Long,Open,2024-10-31,EW_BW,2024-10-31,31.2,35.86,,Long,Open,37.37,2024-11-01,214.5922746781116,,,India
JASH.NS,2024-10-29,495.8,,Long,Open,2024-10-31,BB_DC,2024-10-29,461.95,495.8,,Long,Open,508.85,2024-11-01,29.54209748892169,,,India
JAYNECOIND.NS,2024-10-31,42.43,,Long,Open,2024-10-31,EW_DC,2024-10-31,38.76,42.43,,Long,Open,42.81,2024-11-01,272.4795640326974,,,India
JBCHEPHARM.NS,2024-10-08,1703.04,,Long,Open,2024-10-31,ATRBB_DC,2024-10-08,1835.8,1703.04,,Long,Open,1961.05,2024-11-01,-7.532389273877674,,,India
JISLDVREQS.BO,2024-10-28,28.86,,Long,Open,2024-10-31,LR_DC,2024-10-28,28.16,28.86,,Long,Open,32.82,2024-11-01,1428.57142857143,,,India
JISLJALEQS.NS,2024-10-30,55.55,,Long,Open,2024-10-31,ATRLR_DC,2024-10-30,52.03,55.55,,Long,Open,64.35,2024-11-01,284.0909090909094,,,India
JKTYRE.NS,2024-10-31,393.29,,Long,Open,2024-10-31,EW_DC,2024-10-31,368.25,393.29,,Long,Open,397.0,2024-11-01,39.93610223642169,,,India
JUBLPHARMA.NS,2024-10-29,1082.59,,Long,Open,2024-10-31,ATR_DC,2024-10-29,1033.15,1082.59,,Long,Open,1211.75,2024-11-01,20.22653721682855,,,India
JUPITERIN.BO,2024-10-28,35.57,,Long,Open,2024-10-31,BB_DC,2024-10-28,33.65,35.57,,Long,Open,41.47,2024-11-01,520.8333333333329,,,India
JYOTHYLAB.NS,2024-10-31,513.08,,Long,Open,2024-10-31,EW_DC,2024-10-31,474.05,513.08,,Long,Open,519.1,2024-11-01,25.62131693569048,,,India
KACHCHH.BO,2024-10-29,27.28,,Long,Open,2024-10-31,BB_W,2024-10-29,23.58,27.28,,Long,Open,29.72,2024-11-01,270.2702702702701,,,India
KALLAM.BO,2024-10-31,6.65,,Long,Open,2024-10-31,EWBB_DC,2024-10-31,5.9,6.65,,Long,Open,6.83,2024-11-01,1333.3333333333333,,,India
KALYANIFRG.NS,2024-10-29,437.51,,Long,Open,2024-10-31,LR_DC,2024-10-29,426.35,437.51,,Long,Open,462.45,2024-11-01,89.60573476702534,,,India
KAMDHENU.NS,2024-10-30,455.96,,Long,Open,2024-10-31,BB_DC,2024-10-30,435.5,455.96,,Long,Open,488.75,2024-11-01,48.87585532746828,,,India
KAPSTON.NS,2024-10-24,243.85,,Long,Open,2024-10-31,ATRBB_DC,2024-10-24,230.0,243.85,,Long,Open,269.38,2024-11-01,72.20216606498198,,,India
KARMAENG.NS,2024-10-30,67.36,,Long,Open,2024-10-31,BB_DC,2024-10-30,66.01,67.36,,Long,Open,74.74,2024-11-01,740.7407407407438,,,India
KARNAVATI.BO,2024-10-30,2.26,,Long,Open,2024-10-31,BB_DC,2024-10-30,2.2,2.26,,Long,Open,2.57,2024-11-01,16666.666666666777,,,India
KCLINFRA.BO,2024-10-28,1.48,,Long,Open,2024-10-31,BB_DC,2024-10-28,1.42,1.48,,Long,Open,1.64,2024-11-01,16666.666666666653,,,India
KCP.NS,2024-10-31,213.2,,Long,Open,2024-10-31,EW_DC,2024-10-31,198.6,213.2,,Long,Open,215.55,2024-11-01,68.49315068493154,,,India
KDDL.NS,2024-10-31,2542.64,,Long,Open,2024-10-31,EW_DC,2024-10-31,2394.15,2542.64,,Long,Open,2594.9,2024-11-01,6.734460233012334,,,India
KEC.NS,2024-10-31,950.7,,Long,Open,2024-10-31,EW_BW,2024-10-31,879.4,950.7,,Long,Open,984.9,2024-11-01,14.025245441795215,,,India
KECL.NS,2024-10-29,179.47,,Long,Open,2024-10-31,BB_DC,2024-10-29,168.1,179.47,,Long,Open,198.38,2024-11-01,87.9507475813544,,,India
KEI.NS,2024-10-31,3908.1,,Long,Open,2024-10-31,ATREW_BW,2024-10-31,3722.1,3908.1,,Long,Open,4051.75,2024-11-01,5.376344086021505,,,India
KELENRG.BO,2024-10-31,3858.75,,Long,Open,2024-10-31,EW_DC,2024-10-31,3727.0,3858.75,,Long,Open,3895.15,2024-11-01,7.590132827324478,,,India
KIRANSY-B.BO,2024-10-31,7.98,,Long,Open,2024-10-31,EW_W,2024-10-31,7.21,7.98,,Long,Open,8.15,2024-11-01,1298.701298701298,,,India
KIRLOSBROS.NS,2024-10-28,1648.75,,Long,Open,2024-10-31,ATRBB_DC,2024-10-28,1604.0,1648.75,,Long,Open,1931.55,2024-11-01,22.3463687150838,,,India
KIRLPNU.BO,2024-10-25,1339.3,,Long,Open,2024-10-31,ATR_UC,2024-10-25,1279.4,1339.3,,Long,Open,1687.75,2024-11-01,16.694490818030086,,,India
KJMCCORP.BO,2024-10-31,80.41,,Long,Open,2024-10-31,ATREWBB_BW,2024-10-31,70.18,80.41,,Long,Open,105.11,2024-11-01,97.75171065493656,,,India
KJMCFIN.BO,2024-10-30,80.96,,Long,Open,2024-10-31,ATRBB_BW,2024-10-30,72.0,80.96,,Long,Open,126.05,2024-11-01,111.60714285714292,,,India
KMCSHIL.BO,2024-10-30,79.18,,Long,Open,2024-10-31,BB_DC,2024-10-30,71.1,79.18,,Long,Open,82.16,2024-11-01,123.76237623762356,,,India
KPL.BO,2024-10-28,759.61,,Long,Open,2024-10-31,ATRBB_UC,2024-10-28,735.5,759.61,,Long,Open,941.15,2024-11-01,41.47656574035668,,,India
KPRMILL.NS,2024-10-25,878.66,,Long,Open,2024-10-31,BB_DC,2024-10-25,863.25,878.66,,Long,Open,934.4,2024-11-01,64.89292667099299,,,India
KRBL.NS,2024-10-28,268.63,,Long,Open,2024-10-31,LR_DC,2024-10-28,263.0,268.63,,Long,Open,292.0,2024-11-01,177.61989342806407,,,India
KREBSBIO.NS,2024-10-28,75.21,,Long,Open,2024-10-31,BB_DC,2024-10-28,73.3,75.21,,Long,Open,81.91,2024-11-01,523.5602094240847,,,India
KSE.BO,2024-10-30,2365.75,,Long,Open,2024-10-31,BB_DT,2024-10-30,2300.0,2365.75,,Long,Open,2525.65,2024-11-01,15.209125475285171,,,India
KSHITIJPOL.NS,2024-10-30,5.8,,Long,Open,2024-10-31,BB_W,2024-10-30,5.67,5.8,,Long,Open,6.16,2024-11-01,7692.307692307699,,,India
KSL.NS,2024-10-31,786.52,,Long,Open,2024-10-31,EW_BW,2024-10-31,715.25,786.52,,Long,Open,802.85,2024-11-01,14.03114915111548,,,India
KTIL.BO,2024-10-30,75.24,,Long,Open,2024-10-31,BB_DC,2024-10-30,71.01,75.24,,Long,Open,84.79,2024-11-01,236.40661938534336,,,India
KTKBANK.NS,2024-10-31,213.64,,Long,Open,2024-10-31,EW_DC,2024-10-31,200.15,213.64,,Long,Open,217.03,2024-11-01,74.12898443291337,,,India
KUNSTOFF.BO,2024-10-31,33.1,,Long,Open,2024-10-31,EW_BW,2024-10-31,30.4,33.1,,Long,Open,33.64,2024-11-01,370.37037037037,,,India
LAGNAM.NS,2024-10-31,107.71,,Long,Open,2024-10-31,EW_DC,2024-10-31,100.22,107.71,,Long,Open,110.48,2024-11-01,133.51134846461957,,,India
LAXMICOT.NS,2024-10-30,33.0,,Long,Open,2024-10-31,BB_DC,2024-10-30,30.76,33.0,,Long,Open,34.32,2024-11-01,446.4285714285717,,,India
LEENEE.BO,2024-10-30,11.85,,Long,Open,2024-10-31,ATRBB_DC,2024-10-30,11.5,11.85,,Long,Open,15.23,2024-11-01,2857.14285714286,,,India
LORDSCHLO.BO,2024-10-28,129.43,,Long,Open,2024-10-31,BB_W,2024-10-28,124.75,129.43,,Long,Open,144.65,2024-11-01,213.67521367521337,,,India
LOTUSCHO.BO,2024-10-31,1429.09,,Long,Open,2024-10-31,EW_UC,2024-10-31,1368.0,1429.09,,Long,Open,1502.15,2024-11-01,16.369291209690644,,,India
LOTUSEYE.NS,2024-10-31,68.79,,Long,Open,2024-10-31,EW_BW,2024-10-31,62.9,68.79,,Long,Open,69.71,2024-11-01,169.77928692699467,,,India
LT.NS,2024-10-31,3545.0,,Long,Open,2024-10-31,ATREWBB_DC,2024-10-31,3262.55,3545.0,,Long,Open,3622.3,2024-11-01,3.5404496371039147,,,India
MACPLASQ.BO,2024-10-28,211.05,,Long,Open,2024-10-31,BBLR_DC,2024-10-28,200.0,211.05,,Long,Open,257.3,2024-11-01,90.497737556561,,,India
MAHAANF.BO,2024-10-31,54.01,,Long,Open,2024-10-31,EW_BW,2024-10-31,45.37,54.01,,Long,Open,59.41,2024-11-01,115.74074074074072,,,India
MAHALXSE.BO,2024-10-31,11.17,,Long,Open,2024-10-31,EW_UC,2024-10-31,9.5,11.17,,Long,Open,11.27,2024-11-01,598.8023952095808,,,India
MAHAPEXLTD.NS,2024-10-31,147.19,,Long,Open,2024-10-31,EW_DC,2024-10-31,141.11,147.19,,Long,Open,151.85,2024-11-01,164.47368421052676,,,India
MAJESAUT.BO,2024-10-31,406.95,,Long,Open,2024-10-31,EW_UC,2024-10-31,391.25,406.95,,Long,Open,421.55,2024-11-01,63.69426751592361,,,India
MALUPAPER.NS,2024-10-31,45.76,,Long,Open,2024-10-31,EW_DC,2024-10-31,43.35,45.76,,Long,Open,46.25,2024-11-01,414.93775933610016,,,India
METALCO.BO,2024-10-31,85.88,,Long,Open,2024-10-31,EW_BW,2024-10-31,79.0,85.88,,Long,Open,92.0,2024-11-01,145.34883720930242,,,India
MFSL.NS,2024-08-22,1047.36,,Long,Open,2024-10-31,BB_UC,2024-08-22,1244.4,1047.36,,Long,Open,1283.0,2024-11-01,-5.075111652456349,,,India
MILLENNIUM.BO,2024-10-29,2.2,,Long,Open,2024-10-31,BB_DC,2024-10-29,2.15,2.2,,Long,Open,2.7,2024-11-01,19999.99999999989,,,India
MINDTECK.NS,2024-10-28,239.38,,Long,Open,2024-10-31,LR_DC,2024-10-28,233.25,239.38,,Long,Open,298.05,2024-11-01,163.13213703099524,,,India
MINOLTAF.BO,2024-10-31,9.15,,Long,Open,2024-10-31,EW_W,2024-10-31,8.6,9.15,,Long,Open,9.27,2024-11-01,1818.181818181816,,,India
MODAIRY.BO,2024-10-25,53.46,,Long,Open,2024-10-31,BB_DC,2024-10-25,51.52,53.46,,Long,Open,59.38,2024-11-01,515.4639175257738,,,India
MOHITIND.NS,2024-10-31,27.48,,Long,Open,2024-10-31,EW_W,2024-10-31,26.0,27.48,,Long,Open,28.27,2024-11-01,675.6756756756755,,,India
MORARKFI.BO,2024-10-28,149.73,,Long,Open,2024-10-31,BB_W,2024-10-28,145.2,149.73,,Long,Open,169.65,2024-11-01,220.75055187637963,,,India
MOTOGENFIN.NS,2024-10-31,34.63,,Long,Open,2024-10-31,EW_DC,2024-10-31,32.66,34.63,,Long,Open,35.29,2024-11-01,507.614213197968,,,India
MRO-TEK.NS,2024-10-28,83.15,,Long,Open,2024-10-31,BB_DC,2024-10-28,82.0,83.15,,Long,Open,91.37,2024-11-01,869.5652173913,,,India
MUKANDLTD.NS,2024-10-31,142.93,,Long,Open,2024-10-31,EW_BW,2024-10-31,136.0,142.93,,Long,Open,144.69,2024-11-01,144.30014430014415,,,India
MUL.BO,2024-10-30,12.74,,Long,Open,2024-10-31,BB_W,2024-10-30,12.22,12.74,,Long,Open,14.33,2024-11-01,1923.076923076925,,,India
MUTHOOTCAP.NS,2024-10-28,311.64,,Long,Open,2024-10-31,ATRBB_DC,2024-10-28,302.0,311.64,,Long,Open,374.65,2024-11-01,103.73443983402504,,,India
NAGREEKCAP.NS,2024-10-31,23.25,,Long,Open,2024-10-31,EW_DC,2024-10-31,22.57,23.25,,Long,Open,23.95,2024-11-01,1470.5882352941182,,,India
NAGREEKEXP.NS,2024-10-30,34.59,,Long,Open,2024-10-31,BB_DC,2024-10-30,32.89,34.59,,Long,Open,36.87,2024-11-01,588.235294117646,,,India
NATCAPSUQ.BO,2024-10-31,301.94,,Long,Open,2024-10-31,EW_BW,2024-10-31,276.0,301.94,,Long,Open,307.6,2024-11-01,38.55050115651504,,,India
NAVNETEDUL.NS,2024-10-31,140.65,,Long,Open,2024-10-31,EW_DC,2024-10-31,132.0,140.65,,Long,Open,144.14,2024-11-01,115.6069364161849,,,India
NDGL.NS,2024-10-31,5323.64,,Long,Open,2024-10-31,EW_BW,2024-10-31,4750.0,5323.64,,Long,Open,5314.6,2024-11-01,1.7432536085349686,,,India
NDTV.NS,2024-10-29,159.63,,Long,Open,2024-10-31,BB_DC,2024-10-29,154.63,159.63,,Long,Open,168.1,2024-11-01,200.0,,,India
NETLINK.BO,2024-10-30,138.86,,Long,Open,2024-10-31,BB_DC,2024-10-30,132.0,138.86,,Long,Open,154.45,2024-11-01,145.7725947521863,,,India
NETWORK18.NS,2024-10-23,76.27,,Long,Open,2024-10-31,ATR_BW,2024-10-23,74.43,76.27,,Long,Open,86.4,2024-11-01,543.4782608695684,,,India
NIHARINF.BO,2024-10-31,6.52,,Long,Open,2024-10-31,EW_BW,2024-10-31,5.86,6.52,,Long,Open,6.78,2024-11-01,1515.1515151515168,,,India
NIPPOBATRY.NS,2024-10-30,554.89,,Long,Open,2024-10-31,BB_DC,2024-10-30,505.5,554.89,,Long,Open,563.65,2024-11-01,20.247013565499092,,,India
NITINSPIN.NS,2024-10-29,393.55,,Long,Open,2024-10-31,BBLR_W,2024-10-29,374.15,393.55,,Long,Open,416.1,2024-11-01,51.54639175257723,,,India
NORBTEAEXP.NS,2024-10-30,13.89,,Long,Open,2024-10-31,ATR_BW,2024-10-30,13.53,13.89,,Long,Open,15.7,2024-11-01,2777.7777777777683,,,India
OMINFRAL.NS,2024-10-29,153.26,,Long,Open,2024-10-31,BB_W,2024-10-29,148.2,153.26,,Long,Open,159.98,2024-11-01,197.62845849802363,,,India
OMNIAX.BO,2024-10-22,3.94,,Long,Open,2024-10-31,BB_DC,2024-10-22,3.41,3.94,,Long,Open,3.86,2024-11-01,1886.7924528301892,,,India
OPTIFIN.BO,2024-10-31,120.6,,Long,Open,2024-10-31,EW_DC,2024-10-31,115.2,120.6,,Long,Open,127.65,2024-11-01,185.18518518518547,,,India
PALASHSECU.NS,2024-10-28,144.75,,Long,Open,2024-10-31,ATR_W,2024-10-28,142.1,144.75,,Long,Open,170.75,2024-11-01,377.35849056603695,,,India
PANKAJPO.BO,2024-10-31,11.55,,Long,Open,2024-10-31,EW_W,2024-10-31,11.0,11.55,,Long,Open,11.55,2024-11-01,1818.181818181816,,,India
PATSPINLTD.BO,2024-10-31,12.86,,Long,Open,2024-10-31,EWBB_W,2024-10-31,12.05,12.86,,Long,Open,13.13,2024-11-01,1234.56790123457,,,India
PGEL.NS,2024-10-30,591.05,,Long,Open,2024-10-31,ATRBB_DC,2024-10-30,546.95,591.05,,Long,Open,637.0,2024-11-01,22.67573696145129,,,India
PGHL.NS,2024-10-31,5110.91,,Long,Open,2024-10-31,EW_BW,2024-10-31,4863.0,5110.91,,Long,Open,5232.35,2024-11-01,4.033721915211168,,,India
PHARMAID.BO,2024-10-29,33.53,,Long,Open,2024-10-31,ATR_DC,2024-10-29,31.9,33.53,,Long,Open,53.98,2024-11-01,613.4969325153364,,,India
PHCAP.BO,2024-10-28,177.5,,Long,Open,2024-10-31,LR_BW,2024-10-28,173.0,177.5,,Long,Open,199.85,2024-11-01,222.22222222222223,,,India
PHOENXINTL.BO,2024-10-31,59.0,,Long,Open,2024-10-31,EW_DC,2024-10-31,56.56,59.0,,Long,Open,62.32,2024-11-01,409.8360655737709,,,India
PHRMASI.BO,2024-10-31,49.09,,Long,Open,2024-10-31,EW_DC,2024-10-31,45.6,49.09,,Long,Open,51.81,2024-11-01,286.5329512893981,,,India
PICCADIL.BO,2024-10-28,648.05,,Long,Open,2024-10-31,LR_DC,2024-10-28,627.55,648.05,,Long,Open,729.9,2024-11-01,48.78048780487805,,,India
PIONRINV.BO,2024-10-30,61.52,,Long,Open,2024-10-31,BB_W,2024-10-30,58.02,61.52,,Long,Open,70.38,2024-11-01,285.7142857142857,,,India
PRAENG.NS,2024-10-25,31.92,,Long,Open,2024-10-31,LR_DC,2024-10-25,30.0,31.92,,Long,Open,36.88,2024-11-01,520.8333333333329,,,India
PRICOLLTD.NS,2024-10-31,462.67,,Long,Open,2024-10-31,ATREWBB_DC,2024-10-31,432.0,462.67,,Long,Open,482.35,2024-11-01,32.60515161395499,,,India
PRIMAGR.BO,2024-10-24,25.32,,Long,Open,2024-10-31,LR_DC,2024-10-24,23.76,25.32,,Long,Open,26.45,2024-11-01,641.0256410256416,,,India
PRIMAPLA.BO,2024-10-31,173.34,,Long,Open,2024-10-31,EWBB_DC,2024-10-31,163.3,173.34,,Long,Open,175.6,2024-11-01,99.60159362549808,,,India
PRITI.NS,2024-10-31,141.11,,Long,Open,2024-10-31,EW_DC,2024-10-31,122.41,141.11,,Long,Open,137.42,2024-11-01,53.47593582887696,,,India
PRIYALT.BO,2024-10-30,20.63,,Long,Open,2024-10-31,BB_DC,2024-10-30,19.98,20.63,,Long,Open,21.66,2024-11-01,1538.4615384615415,,,India
PROMACT.BO,2024-10-29,11.56,,Long,Open,2024-10-31,ATR_DC,2024-10-29,11.28,11.56,,Long,Open,13.18,2024-11-01,3571.428571428557,,,India
PUNJABCHEM.NS,2024-10-31,1081.38,,Long,Open,2024-10-31,EW_DC,2024-10-31,990.1,1081.38,,Long,Open,1126.4,2024-11-01,10.9553023663453,,,India
QUASAR.BO,2024-10-31,2.65,,Long,Open,2024-10-31,EW_BW,2024-10-31,2.5,2.65,,Long,Open,2.65,2024-11-01,6666.666666666671,,,India
QUESS.NS,2024-10-30,678.25,,Long,Open,2024-10-31,BB_DC,2024-10-30,655.25,678.25,,Long,Open,723.0,2024-11-01,43.47826086956522,,,India
RAGHUNAT.BO,2024-10-30,11.99,,Long,Open,2024-10-31,BB_W,2024-10-30,11.64,11.99,,Long,Open,13.45,2024-11-01,2857.14285714286,,,India
RAJOOENG.BO,2024-10-31,328.81,,Long,Open,2024-10-31,EWBB_DC,2024-10-31,310.35,328.81,,Long,Open,363.2,2024-11-01,54.17118093174437,,,India
RAMAPHO.BO,2024-10-29,200.07,,Long,Open,2024-10-31,BB_W,2024-10-29,195.5,200.07,,Long,Open,208.95,2024-11-01,218.81838074398283,,,India
RAMGOPOLY.BO,2024-10-25,5.56,,Long,Open,2024-10-31,BB_DC,2024-10-25,5.02,5.56,,Long,Open,6.37,2024-11-01,1851.851851851852,,,India
RAMINFO.BO,2024-10-31,106.97,,Long,Open,2024-10-31,EWBB_DC,2024-10-31,97.25,106.97,,Long,Open,115.8,2024-11-01,102.880658436214,,,India
RAP.BO,2024-10-29,36.03,,Long,Open,2024-10-31,BB_BW,2024-10-29,35.0,36.03,,Long,Open,41.55,2024-11-01,970.873786407766,,,India
RCL.BO,2024-10-25,2.13,,Long,Open,2024-10-31,BB_W,2024-10-25,2.01,2.13,,Long,Open,2.37,2024-11-01,8333.333333333327,,,India
REDINGTON.NS,2024-10-30,173.28,,Long,Open,2024-10-31,ATRBB_DC,2024-10-30,158.61,173.28,,Long,Open,194.46,2024-11-01,68.16632583503755,,,India
RELCHEMQ.BO,2024-10-31,214.31,,Long,Open,2024-10-31,EWBB_DC,2024-10-31,202.2,214.31,,Long,Open,218.5,2024-11-01,82.57638315441774,,,India
REPRO.NS,2024-10-31,502.81,,Long,Open,2024-10-31,EW_DC,2024-10-31,486.25,502.81,,Long,Open,518.5,2024-11-01,60.386473429951685,,,India
RISHILASE.BO,2024-10-31,147.16,,Long,Open,2024-10-31,EW_DC,2024-10-31,139.25,147.16,,Long,Open,154.55,2024-11-01,126.42225031605568,,,India
RKDL.NS,2024-10-28,22.94,,Long,Open,2024-10-31,BB_DC,2024-10-28,21.28,22.94,,Long,Open,26.64,2024-11-01,602.4096385542168,,,India
RLF.BO,2024-10-31,9.59,,Long,Open,2024-10-31,EW_BW,2024-10-31,8.9,9.59,,Long,Open,9.61,2024-11-01,1449.2753623188416,,,India
RML.NS,2024-10-31,946.28,,Long,Open,2024-10-31,EW_DC,2024-10-31,849.0,946.28,,Long,Open,971.5,2024-11-01,10.279605263157896,,,India
ROSSELLIND.NS,2024-10-31,78.69,,Long,Open,2024-10-31,EW_DC,2024-10-31,70.98,78.69,,Long,Open,86.47,2024-11-01,129.7016861219197,,,India
ROTO.BO,2024-10-28,506.95,,Long,Open,2024-10-31,LR_DC,2024-10-28,495.35,506.95,,Long,Open,563.85,2024-11-01,86.2068965517244,,,India
RTNINDIA.NS,2024-10-30,64.0,,Long,Open,2024-10-31,ATRBBLR_DC,2024-10-30,61.26,64.0,,Long,Open,74.2,2024-11-01,364.9635036496348,,,India
RUSHIL.NS,2024-10-30,31.62,,Long,Open,2024-10-31,ATRBB_DC,2024-10-30,30.05,31.62,,Long,Open,36.82,2024-11-01,636.9426751592356,,,India
SABOOSOD.BO,2024-10-28,21.96,,Long,Open,2024-10-31,BB_DC,2024-10-28,21.55,21.96,,Long,Open,27.85,2024-11-01,2439.024390243901,,,India
SAHARAHOUS.BO,2024-10-23,41.62,,Long,Open,2024-10-31,BB_W,2024-10-23,39.9,41.62,,Long,Open,43.97,2024-11-01,581.3953488372097,,,India
SAHYADRI.BO,2024-10-31,334.13,,Long,Open,2024-10-31,EW_DC,2024-10-31,314.95,334.13,,Long,Open,350.55,2024-11-01,52.13764337851927,,,India
SAMINDUS.BO,2024-10-31,70.85,,Long,Open,2024-10-31,EW_DC,2024-10-31,64.13,70.85,,Long,Open,71.09,2024-11-01,148.80952380952382,,,India
SANGHIIND.NS,2024-10-31,79.03,,Long,Open,2024-10-31,EW_DC,2024-10-31,72.86,79.03,,Long,Open,82.43,2024-11-01,162.07455429497566,,,India
SANJIVIN.BO,2024-10-29,279.55,,Long,Open,2024-10-31,LR_DC,2024-10-29,259.0,279.55,,Long,Open,316.7,2024-11-01,48.66180048661798,,,India
SANOFI.NS,2024-10-31,6599.31,,Long,Open,2024-10-31,EW_DC,2024-10-31,6262.05,6599.31,,Long,Open,6794.3,2024-11-01,2.965071458222141,,,India
SAREGAMA.NS,2024-10-29,485.92,,Long,Open,2024-10-31,BB_DC,2024-10-29,466.4,485.92,,Long,Open,538.3,2024-11-01,51.22950819672121,,,India
SASTASUNDR.NS,2024-10-29,294.5,,Long,Open,2024-10-31,BB_DC,2024-10-29,275.65,294.5,,Long,Open,318.95,2024-11-01,53.05039787798402,,,India
SCANPGEOM.BO,2024-10-30,8.18,,Long,Open,2024-10-31,BB_W,2024-10-30,7.44,8.18,,Long,Open,8.51,2024-11-01,1351.3513513513526,,,India
SEATV.BO,2024-10-31,9.75,,Long,Open,2024-10-31,EW_DC,2024-10-31,9.44,9.75,,Long,Open,10.06,2024-11-01,3225.806451612898,,,India
SEYAIND.NS,2024-10-28,24.15,,Long,Open,2024-10-31,LR_W,2024-10-28,23.0,24.15,,Long,Open,28.26,2024-11-01,869.5652173913054,,,India
SHAILY.BO,2024-10-24,912.9,,Long,Open,2024-10-31,LR_BW,2024-10-24,871.7,912.9,,Long,Open,1029.2,2024-11-01,24.271844660194212,,,India
SHANGAR.BO,2024-10-25,6.11,,Long,Open,2024-10-31,LR_DC,2024-10-25,5.55,6.11,,Long,Open,7.44,2024-11-01,1785.7142857142842,,,India
SHAQUAK.BO,2024-10-29,1.42,,Long,Open,2024-10-31,BB_DT,2024-10-29,1.38,1.42,,Long,Open,1.65,2024-11-01,24999.999999999975,,,India
SHARDACROP.NS,2024-10-24,586.26,,Long,Open,2024-10-31,ATR_UC,2024-10-24,565.35,586.26,,Long,Open,755.1,2024-11-01,47.8240076518413,,,India
SHARDAMOTR.NS,2024-10-30,2075.08,,Long,Open,2024-10-31,ATRLR_DC,2024-10-30,1974.2,2075.08,,Long,Open,2226.9,2024-11-01,9.91276764472642,,,India
SHIVAGR.BO,2024-10-30,24.1,,Long,Open,2024-10-31,ATR_BW,2024-10-30,23.25,24.1,,Long,Open,26.91,2024-11-01,1176.470588235292,,,India
SHIVALIK.BO,2024-10-30,539.99,,Long,Open,2024-10-31,BB_DC,2024-10-30,500.5,539.99,,Long,Open,585.9,2024-11-01,25.322866548493284,,,India
SHKARTP.BO,2024-10-31,11.34,,Long,Open,2024-10-31,EWBB_DC,2024-10-31,10.75,11.34,,Long,Open,11.39,2024-11-01,1694.9152542372883,,,India
SHREERAMA.NS,2024-10-29,26.11,,Long,Open,2024-10-31,ATRBB_DC,2024-10-29,25.3,26.11,,Long,Open,29.99,2024-11-01,1234.56790123457,,,India
SHRISTI.BO,2024-10-31,48.12,,Long,Open,2024-10-31,EW_DC,2024-10-31,46.8,48.12,,Long,Open,49.72,2024-11-01,757.5757575757574,,,India
SHVFL.BO,2024-10-30,21.26,,Long,Open,2024-10-31,BB_DC,2024-10-30,20.25,21.26,,Long,Open,23.43,2024-11-01,990.0990099009886,,,India
SIELFNS.BO,2024-10-30,66.55,,Long,Open,2024-10-31,BB_DC,2024-10-30,62.19,66.55,,Long,Open,71.04,2024-11-01,229.35779816513764,,,India
SIKOZY.BO,2024-10-24,1.12,,Long,Open,2024-10-31,BB_UC,2024-10-24,1.07,1.12,,Long,Open,1.32,2024-11-01,19999.99999999998,,,India
SINCLAIR.BO,2024-10-31,92.6,,Long,Open,2024-10-31,EW_DC,2024-10-31,86.0,92.6,,Long,Open,95.8,2024-11-01,151.51515151515164,,,India
SINDHUTRAD.BO,2024-10-23,22.45,,Long,Open,2024-10-31,BB_DC,2024-10-23,21.0,22.45,,Long,Open,22.88,2024-11-01,689.6551724137935,,,India
SITAENT.BO,2024-10-29,69.41,,Long,Open,2024-10-31,BB_DC,2024-10-29,63.2,69.41,,Long,Open,83.4,2024-11-01,161.03059581320468,,,India
SJVN.NS,2024-10-31,112.51,,Long,Open,2024-10-31,EW_W,2024-10-31,106.2,112.51,,Long,Open,113.33,2024-11-01,158.4786053882725,,,India
SLSTLQ.BO,2024-10-31,38.17,,Long,Open,2024-10-31,EW_DC,2024-10-31,37.7,38.17,,Long,Open,41.5,2024-11-01,2127.6595744680903,,,India
SMFIL.BO,2024-10-23,6.51,,Long,Open,2024-10-31,BB_DC,2024-10-23,6.25,6.51,,Long,Open,7.25,2024-11-01,3846.15384615385,,,India
SOFTTECH.NS,2024-10-29,354.3,,Long,Open,2024-10-31,BB_DC,2024-10-29,305.0,354.3,,Long,Open,375.95,2024-11-01,20.283975659229203,,,India
SONATSOFTW.NS,2024-10-30,595.88,,Long,Open,2024-10-31,BB_W,2024-10-30,576.5,595.88,,Long,Open,612.0,2024-11-01,51.599587203302384,,,India
SOUTHERNIN.BO,2024-10-31,21.33,,Long,Open,2024-10-31,EW_DC,2024-10-31,19.9,21.33,,Long,Open,23.43,2024-11-01,699.3006993006994,,,India
SOUTHWEST.NS,2024-10-31,106.46,,Long,Open,2024-10-31,EW_DC,2024-10-31,104.6,106.46,,Long,Open,110.82,2024-11-01,537.6344086021508,,,India
SPCAPIT.BO,2024-10-29,52.46,,Long,Open,2024-10-31,ATRLR_W,2024-10-29,48.0,52.46,,Long,Open,60.1,2024-11-01,224.21524663677127,,,India
SPELS.BO,2024-10-29,169.49,,Long,Open,2024-10-31,LR_DC,2024-10-29,164.05,169.49,,Long,Open,203.35,2024-11-01,183.8235294117648,,,India
STANROS.BO,2024-10-29,84.99,,Long,Open,2024-10-31,BB_DC,2024-10-29,78.0,84.99,,Long,Open,84.49,2024-11-01,143.0615164520745,,,India
STDBAT.BO,2024-10-30,72.15,,Long,Open,2024-10-31,BB_DC,2024-10-30,70.5,72.15,,Long,Open,79.53,2024-11-01,606.060606060604,,,India
STEELCAS.BO,2024-10-29,772.29,,Long,Open,2024-10-31,BB_DC,2024-10-29,724.8,772.29,,Long,Open,796.6,2024-11-01,21.057064645188458,,,India
STEP2COR.BO,2024-10-31,33.53,,Long,Open,2024-10-31,EW_W,2024-10-31,30.0,33.53,,Long,Open,34.94,2024-11-01,283.2861189801699,,,India
STERTOOLS.NS,2024-10-23,515.99,,Long,Open,2024-10-31,BB_DC,2024-10-23,485.95,515.99,,Long,Open,517.4,2024-11-01,33.28894806924099,,,India
SUJALA.BO,2024-10-25,33.09,,Long,Open,2024-10-31,ATRBB_W,2024-10-25,32.15,33.09,,Long,Open,35.58,2024-11-01,1063.829787234037,,,India
SUMEDHA.BO,2024-10-22,55.03,,Long,Open,2024-10-31,BB_UC,2024-10-22,52.56,55.03,,Long,Open,64.66,2024-11-01,404.8582995951419,,,India
SUMICHEM.NS,2024-10-28,504.2,,Long,Open,2024-10-31,LR_BW,2024-10-28,490.35,504.2,,Long,Open,573.3,2024-11-01,72.20216606498212,,,India
SUMMITSEC.NS,2024-10-28,2682.23,,Long,Open,2024-10-31,BB_DC,2024-10-28,2507.85,2682.23,,Long,Open,2682.35,2024-11-01,5.734602592040368,,,India
SUNGOLD.BO,2024-10-31,3.37,,Long,Open,2024-10-31,EW_BW,2024-10-31,3.01,3.37,,Long,Open,3.54,2024-11-01,2777.777777777775,,,India
SUPERTEX.BO,2024-10-31,10.8,,Long,Open,2024-10-31,EW_UC,2024-10-31,10.02,10.8,,Long,Open,10.92,2024-11-01,1282.0512820512802,,,India
SURANASOL.NS,2024-10-30,52.75,,Long,Open,2024-10-31,BB_W,2024-10-30,50.75,52.75,,Long,Open,55.73,2024-11-01,500.0,,,India
SURFI.BO,2024-10-31,15.66,,Long,Open,2024-10-31,EW_BW,2024-10-31,14.5,15.66,,Long,Open,17.48,2024-11-01,862.0689655172413,,,India
SUULD.NS,2024-10-31,4.27,,Long,Open,2024-10-31,EW_DC,2024-10-31,3.78,4.27,,Long,Open,4.4,2024-11-01,2040.8163265306127,,,India
SVARTCORP.BO,2024-10-31,4.52,,Long,Open,2024-10-31,EW_W,2024-10-31,3.9,4.52,,Long,Open,4.8,2024-11-01,1612.9032258064524,,,India
SVGLOBAL.BO,2024-10-31,112.94,,Long,Open,2024-10-31,EWBB_DC,2024-10-31,107.6,112.94,,Long,Open,126.0,2024-11-01,187.26591760299613,,,India
SYSCHEM.BO,2024-10-31,39.13,,Long,Open,2024-10-31,EW_W,2024-10-31,37.16,39.13,,Long,Open,41.12,2024-11-01,507.614213197968,,,India
TARC.NS,2024-10-31,238.18,,Long,Open,2024-10-31,EW_BW,2024-10-31,215.0,238.18,,Long,Open,238.65,2024-11-01,43.14063848144952,,,India
TCI.NS,2024-10-24,1024.69,,Long,Open,2024-10-31,BB_W,2024-10-24,1020.9,1024.69,,Long,Open,1079.85,2024-11-01,263.85224274405795,,,India
TDPOWERSYS.NS,2024-10-30,388.69,,Long,Open,2024-10-31,ATRLR_BW,2024-10-30,367.05,388.69,,Long,Open,412.75,2024-11-01,46.21072088724587,,,India
TEJASNET.NS,2024-10-30,1248.46,,Long,Open,2024-10-31,ATR_BW,2024-10-30,1218.0,1248.46,,Long,Open,1341.85,2024-11-01,32.82994090610633,,,India
TEMBO.NS,2024-10-24,474.84,,Long,Open,2024-10-31,BB_BW,2024-10-24,470.05,474.84,,Long,Open,519.45,2024-11-01,208.76826722338365,,,India
TERASOFT.NS,2024-10-23,75.71,,Long,Open,2024-10-31,BB_W,2024-10-23,71.55,75.71,,Long,Open,80.79,2024-11-01,240.3846153846156,,,India
TEXINFRA.NS,2024-10-25,106.25,,Long,Open,2024-10-31,LR_DC,2024-10-25,103.0,106.25,,Long,Open,117.32,2024-11-01,307.6923076923077,,,India
TFCILTD.NS,2024-10-30,140.36,,Long,Open,2024-10-31,BB_DC,2024-10-30,130.7,140.36,,Long,Open,155.2,2024-11-01,103.51966873705976,,,India
THEJO.NS,2024-10-31,2278.19,,Long,Open,2024-10-31,EW_DC,2024-10-31,2113.25,2278.19,,Long,Open,2292.2,2024-11-01,6.06281071904935,,,India
TIMEX.BO,2024-10-24,121.95,,Long,Open,2024-10-31,ATR_DC,2024-10-24,117.9,121.95,,Long,Open,181.0,2024-11-01,246.91358024691377,,,India
TITAGARH.NS,2024-10-23,1125.16,,Long,Open,2024-10-31,BBLR_W,2024-10-23,1088.35,1125.16,,Long,Open,1221.65,2024-11-01,27.16653083401237,,,India
TNTELE.NS,2024-10-30,9.38,,Long,Open,2024-10-31,BB_DC,2024-10-30,9.0,9.38,,Long,Open,10.25,2024-11-01,2631.578947368416,,,India
TPROJECT.BO,2024-10-31,3.35,,Long,Open,2024-10-31,EW_DC,2024-10-31,3.05,3.35,,Long,Open,3.62,2024-11-01,3333.3333333333303,,,India
TRANSFRE.BO,2024-10-29,29.9,,Long,Open,2024-10-31,ATRBB_DC,2024-10-29,28.5,29.9,,Long,Open,33.85,2024-11-01,714.285714285715,,,India
TUTIALKA.BO,2024-10-29,84.99,,Long,Open,2024-10-31,LR_W,2024-10-29,83.1,84.99,,Long,Open,88.33,2024-11-01,529.1005291005289,,,India
UGARSUGAR.NS,2024-10-31,79.36,,Long,Open,2024-10-31,EW_DC,2024-10-31,69.56,79.36,,Long,Open,79.62,2024-11-01,102.04081632653065,,,India
UNICHEMLAB.NS,2024-10-28,786.34,,Long,Open,2024-10-31,BB_W,2024-10-28,617.6,786.34,,Long,Open,831.65,2024-11-01,5.926277112717791,,,India
UNIROYAL.BO,2024-10-23,24.0,,Long,Open,2024-10-31,LR_DC,2024-10-23,23.53,24.0,,Long,Open,24.94,2024-11-01,2127.6595744680903,,,India
UNITEDPOLY.NS,2024-10-30,106.5,,Long,Open,2024-10-31,BB_DC,2024-10-30,104.0,106.5,,Long,Open,114.84,2024-11-01,400.0,,,India
UNITEDTEA.NS,2024-10-24,432.4,,Long,Open,2024-10-31,BB_DC,2024-10-24,415.3,432.4,,Long,Open,486.0,2024-11-01,58.4795321637428,,,India
VADILALIND.NS,2024-10-30,3693.61,,Long,Open,2024-10-31,BB_DC,2024-10-30,3580.1,3693.61,,Long,Open,3856.0,2024-11-01,8.80979649370098,,,India
VAIBHAVGBL.NS,2024-10-31,287.6,,Long,Open,2024-10-31,EWBB_DC,2024-10-31,271.45,287.6,,Long,Open,295.75,2024-11-01,61.91950464396272,,,India
VAISHALI.NS,2024-10-31,18.02,,Long,Open,2024-10-31,EW_BW,2024-10-31,17.12,18.02,,Long,Open,18.6,2024-11-01,1111.111111111113,,,India
VAMA.BO,2024-10-31,7.55,,Long,Open,2024-10-31,EW_DT,2024-10-31,7.16,7.55,,Long,Open,8.17,2024-11-01,2564.1025641025662,,,India
VCU.BO,2024-10-31,6.1,,Long,Open,2024-10-31,EW_DC,2024-10-31,5.2,6.1,,Long,Open,6.41,2024-11-01,1111.1111111111118,,,India
VELJAN.BO,2024-10-30,1443.09,,Long,Open,2024-10-31,BB_DC,2024-10-30,1420.85,1443.09,,Long,Open,1489.35,2024-11-01,44.9640287769784,,,India
VERTEX.BO,2024-10-30,5.34,,Long,Open,2024-10-31,BB_DC,2024-10-30,5.21,5.34,,Long,Open,5.81,2024-11-01,7692.307692307699,,,India
VETO.NS,2024-10-28,128.0,,Long,Open,2024-10-31,BB_W,2024-10-28,125.26,128.0,,Long,Open,136.72,2024-11-01,364.9635036496357,,,India
VGCL.BO,2024-10-31,67.36,,Long,Open,2024-10-31,EW_DC,2024-10-31,60.0,67.36,,Long,Open,68.66,2024-11-01,135.8695652173913,,,India
VIKRAMTH.BO,2024-10-31,167.9,,Long,Open,2024-10-31,EW_DC,2024-10-31,161.1,167.9,,Long,Open,172.1,2024-11-01,147.0588235294115,,,India
VINEETLAB.BO,2024-10-30,55.32,,Long,Open,2024-10-31,LR_W,2024-10-30,51.0,55.32,,Long,Open,57.44,2024-11-01,231.48148148148147,,,India
VINNY.NS,2024-10-30,1.64,,Long,Open,2024-10-31,BB_DC,2024-10-30,1.61,1.64,,Long,Open,1.8,2024-11-01,33333.333333333554,,,India
VIPCLOTHNG.NS,2024-10-29,38.58,,Long,Open,2024-10-31,BB_DC,2024-10-29,38.22,38.58,,Long,Open,41.2,2024-11-01,2777.7777777777824,,,India
VIPULLTD.NS,2024-10-31,28.47,,Long,Open,2024-10-31,EW_W,2024-10-31,27.5,28.47,,Long,Open,29.57,2024-11-01,1030.9278350515476,,,India
VIRINCHI.BO,2024-10-31,29.55,,Long,Open,2024-10-31,EW_BW,2024-10-31,27.7,29.55,,Long,Open,30.73,2024-11-01,540.5405405405402,,,India
VISAKAIND.NS,2024-10-30,98.05,,Long,Open,2024-10-31,BB_DC,2024-10-30,94.5,98.05,,Long,Open,102.08,2024-11-01,281.69014084507063,,,India
VISIONCINE.BO,2024-10-31,1.05,,Long,Open,2024-10-31,EW_AT,2024-10-31,0.9,1.05,,Long,Open,1.06,2024-11-01,6666.666666666666,,,India
VMS.BO,2024-10-30,41.88,,Long,Open,2024-10-31,BB_DC,2024-10-30,38.0,41.88,,Long,Open,48.22,2024-11-01,257.73195876288645,,,India
VOITHPAPR.BO,2024-10-31,2088.04,,Long,Open,2024-10-31,EW_W,2024-10-31,1930.0,2088.04,,Long,Open,2168.1,2024-11-01,6.327512022272844,,,India
VOLTAMP.NS,2024-10-31,11034.7,,Long,Open,2024-10-31,EW_BW,2024-10-31,10073.7,11034.7,,Long,Open,11601.85,2024-11-01,1.0405827263267429,,,India
VSTIND.NS,2024-10-30,318.47,,Long,Open,2024-10-31,BB_DC,2024-10-30,301.05,318.47,,Long,Open,345.75,2024-11-01,57.405281285878246,,,India
WANBURY.NS,2024-10-31,233.82,,Long,Open,2024-10-31,EW_DC,2024-10-31,211.6,233.82,,Long,Open,239.25,2024-11-01,45.00450045004501,,,India
WEPSOLN.BO,2024-10-31,34.82,,Long,Open,2024-10-31,EW_DC,2024-10-31,32.85,34.82,,Long,Open,37.41,2024-11-01,507.6142131979698,,,India
WOCKPHARMA.NS,2024-10-25,1085.75,,Long,Open,2024-10-31,BB_UC,2024-10-25,1006.1,1085.75,,Long,Open,1208.35,2024-11-01,12.5549278091651,,,India
WPIL.BO,2024-10-29,408.09,,Long,Open,2024-10-31,ATR_BW,2024-10-29,395.25,408.09,,Long,Open,575.55,2024-11-01,77.88161993769485,,,India
YAARI.NS,2024-10-31,11.91,,Long,Open,2024-10-31,EW_DC,2024-10-31,11.52,11.91,,Long,Open,12.33,2024-11-01,2564.1025641025603,,,India
YASHCHEM.BO,2024-10-28,41.12,,Long,Open,2024-10-31,BB_BW,2024-10-28,39.2,41.12,,Long,Open,56.6,2024-11-01,520.8333333333348,,,India
YORKEXP.BO,2024-10-31,43.94,,Long,Open,2024-10-31,EW_W,2024-10-31,43.01,43.94,,Long,Open,47.65,2024-11-01,1075.2688172043015,,,India
ZEAL.BO,2024-10-28,10.72,,Long,Open,2024-10-31,BB_DC,2024-10-28,10.46,10.72,,Long,Open,13.1,2024-11-01,3846.15384615385,,,India
ZUARI.NS,2024-10-29,187.74,,Long,Open,2024-10-31,BB_DC,2024-10-29,181.45,187.74,,Long,Open,196.58,2024-11-01,158.98251192368787,,,India
ZYDUSWELL.NS,2024-10-28,1810.86,,Long,Open,2024-10-31,BB_DC,2024-10-28,1775.05,1810.86,,Long,Open,1948.25,2024-11-01,27.92516056967332,,,India
