Ticker,Date/Time,Close,UpBars,DnBars,Downtrend Length,Uptrend Length,LR_UC,LR_MC,LR_LC,Buy
1STCUS.BO,9/27/2024,121.55,10.00,0.00,32.00,10.00,138.49,135.98,133.48,1
3RDROCK.NS,9/26/2024,64.60,276.00,0.00,,276.00,,,,1
5PAISA.NS,9/27/2024,537.60,35.00,0.00,73.00,35.00,582.56,553.97,525.38,1
4THGEN.BO,9/26/2024,5.95,37.00,0.00,48.00,37.00,5.96,5.71,5.47,1
^CNXAUTO,9/27/2024,27610.75,37.00,0.00,41.00,37.00,27454.21,26691.33,25928.45,1
^CNXENERGY,9/27/2024,44545.00,12.00,0.00,40.00,12.00,44818.72,44262.31,43705.90,1
^CNXIT,9/27/2024,42312.60,38.00,0.00,43.00,38.00,46527.44,45318.58,44109.71,1
^CNXFMCG,9/27/2024,65845.45,128.00,0.00,177.00,128.00,67500.14,65424.28,63348.41,1
^CNXMETAL,9/27/2024,10064.60,31.00,0.00,40.00,31.00,10009.31,9613.98,9218.65,1
^CNXREALTY,9/27/2024,1117.80,38.00,0.00,71.00,38.00,1135.24,1095.52,1055.80,1
^NSEBANK,9/27/2024,53834.30,31.00,0.00,59.00,31.00,54794.24,53659.15,52524.05,1
A2ZINFRA.NS,9/27/2024,18.83,9.00,0.00,27.00,9.00,18.90,18.77,18.65,1
^NSEI,9/27/2024,26178.95,226.00,0.00,252.00,226.00,26391.68,25458.38,24525.08,1
AAVAS.NS,9/27/2024,1819.85,35.00,0.00,70.00,35.00,1966.30,1898.44,1830.59,1
AAYUSH.BO,9/27/2024,67.58,45.00,0.00,65.00,45.00,67.23,64.75,62.28,1
ABANSENT.BO,9/27/2024,162.65,18.00,0.00,28.00,18.00,162.60,156.00,149.40,1
ABAN.NS,9/27/2024,75.75,6.00,0.00,16.00,6.00,90.68,88.98,87.28,1
ABCAPITAL.NS,9/27/2024,236.30,31.00,0.00,41.00,31.00,240.92,232.16,223.39,1
ABBOTINDIA.NS,9/13/2024,29559.00,23.00,0.00,40.00,23.00,33379.60,32942.86,32506.12,1
ABFRL.NS,9/27/2024,352.10,14.00,0.00,41.00,14.00,357.41,349.94,342.46,1
ACC.NS,9/27/2024,2483.30,31.00,0.00,61.00,31.00,0.00,0.00,0.00,1
ACCURACY.NS,9/27/2024,10.54,5.00,0.00,26.00,5.00,10.64,10.53,10.43,1
ACCELYA.NS,9/27/2024,1848.25,31.00,0.00,44.00,31.00,1883.57,1833.56,1783.54,1
ABB.NS,9/27/2024,8133.45,14.00,0.00,34.00,14.00,8327.84,8100.62,7873.41,1
ACESOFT.BO,9/27/2024,384.50,4.00,0.00,9.00,4.00,392.33,387.61,382.89,1
ACME.BO,9/27/2024,37.70,5.00,0.00,13.00,5.00,44.16,43.75,43.34,1
ACE.NS,9/27/2024,1418.80,14.00,0.00,26.00,14.00,1544.39,1487.51,1430.63,1
ADANIENT.NS,9/27/2024,3130.30,6.00,0.00,40.00,6.00,3191.53,3155.10,3118.68,1
ADANIGREEN.NS,9/27/2024,1981.85,10.00,0.00,27.00,10.00,2180.06,2123.13,2066.19,1
ADANIPOWER.NS,9/27/2024,654.30,12.00,0.00,40.00,12.00,705.06,686.39,667.72,1
ADCINDIA.BO,9/27/2024,2004.00,6.00,0.00,17.00,6.00,2066.30,2010.43,1954.56,1
ADITYASP.BO,9/27/2024,25.90,9.00,0.00,13.00,9.00,29.40,28.17,26.94,1
ADMANUM.BO,9/27/2024,131.04,11.00,0.00,14.00,11.00,143.23,141.09,138.95,1
ADORFO.BO,9/24/2024,142.50,11.00,0.00,50.00,11.00,146.62,142.25,137.89,1
ADVAIT.BO,9/27/2024,1870.00,5.00,0.00,20.00,5.00,2017.97,1992.24,1966.51,1
ADORWELD.NS,9/27/2024,1387.30,19.00,0.00,43.00,19.00,1432.26,1387.73,1343.20,1
ADVIKCA.BO,9/27/2024,2.89,17.00,0.00,42.00,17.00,3.35,3.18,3.02,1
ADVANIHOTR.NS,9/27/2024,74.23,5.00,0.00,18.00,5.00,86.32,83.70,81.08,1
AFEL.BO,9/27/2024,17.64,13.00,0.00,23.00,13.00,17.80,16.46,15.11,1
AGARIND.NS,9/27/2024,1158.65,5.00,0.00,24.00,5.00,1318.30,1274.40,1230.50,1
AGIOPAPER.BO,9/27/2024,8.18,16.00,0.00,22.00,16.00,8.91,8.57,8.23,1
AHLEAST.NS,9/27/2024,139.18,31.00,0.00,40.00,31.00,143.70,139.53,135.37,1
AHMDSTE.BO,9/27/2024,279.60,16.00,0.00,23.00,16.00,280.41,277.68,274.96,1
AIIL.BO,9/27/2024,1707.65,11.00,0.00,23.00,11.00,1753.62,1714.52,1675.42,1
AJEL.BO,9/27/2024,17.39,3.00,0.00,19.00,3.00,18.12,17.95,17.79,1
AJANTPHARM.NS,9/27/2024,3333.05,4.00,0.00,11.00,4.00,3370.24,3299.94,3229.64,1
AKASH.NS,9/27/2024,38.98,5.00,0.00,24.00,5.00,45.38,44.49,43.60,1
AKI.BO,9/27/2024,20.85,8.00,0.00,40.00,8.00,24.29,23.56,22.84,1
ALFAICA.BO,9/27/2024,85.03,4.00,0.00,19.00,4.00,91.68,91.44,91.20,1
ALFATRAN.BO,9/27/2024,90.80,8.00,0.00,12.00,8.00,97.03,94.18,91.34,1
ALFAVIO.BO,9/27/2024,17.90,64.00,0.00,90.00,64.00,21.06,18.93,16.80,1
ALFREDHE.BO,9/27/2024,1600.00,3.00,0.00,12.00,3.00,1829.10,1829.10,1829.10,1
ALKYLAMINE.NS,9/27/2024,2296.70,31.00,0.00,39.00,31.00,2504.87,2428.38,2351.89,1
AMALGAM.BO,9/27/2024,109.55,31.00,0.00,58.00,31.00,117.86,102.10,86.34,1
AMARJOTHI.BO,9/27/2024,216.35,16.00,0.00,31.00,16.00,0.00,0.00,0.00,1
AMARAJABAT.NS,12/28/2023,820.45,39.00,0.00,73.00,39.00,854.31,810.48,766.64,1
AMBITION.BO,9/26/2024,2.96,29.00,0.00,61.00,29.00,3.18,3.04,2.91,1
AMITINT.BO,9/27/2024,3.74,5.00,0.00,,5.00,,,,1
AMTL.BO,9/27/2024,43.13,3.00,0.00,22.00,3.00,44.12,42.79,41.45,1
ANANTRAJ.NS,9/27/2024,721.55,37.00,0.00,42.00,37.00,755.24,709.47,663.70,1
ANGELONE.NS,9/27/2024,2532.30,12.00,0.00,27.00,12.00,3014.59,2954.77,2894.94,1
ANMOL.BO,9/27/2024,31.73,11.00,0.00,24.00,11.00,0.00,0.00,0.00,1
ANSALAPI.NS,9/26/2024,14.14,17.00,0.00,28.00,17.00,16.35,15.64,14.93,1
APIL.BO,9/27/2024,24.26,3.00,0.00,4.00,3.00,0.00,0.00,0.00,1
APLLTD.NS,9/27/2024,1194.85,5.00,0.00,12.00,5.00,1217.90,1205.94,1193.98,1
APOLLOHOSP.NS,9/27/2024,7234.00,83.00,0.00,116.00,83.00,7304.13,7159.50,7014.86,1
APOLLOTYRE.NS,9/27/2024,547.55,31.00,0.00,41.00,31.00,554.18,535.96,517.74,1
APOLSINHOT.NS,9/27/2024,2016.40,5.00,0.00,17.00,5.00,2497.44,2334.88,2172.32,1
APLAPOLLO.NS,9/27/2024,1532.40,14.00,0.00,21.00,14.00,1549.25,1503.64,1458.02,1
APOLLOFI.BO,9/27/2024,856.25,14.00,0.00,22.00,14.00,0.00,0.00,0.00,1
ARCFIN.BO,9/27/2024,3.00,34.00,0.00,57.00,34.00,3.05,2.69,2.33,1
ARCHIES.NS,9/27/2024,33.36,5.00,0.00,11.00,5.00,36.31,34.66,33.01,1
ARIHANT.BO,9/27/2024,497.85,11.00,0.00,21.00,11.00,533.69,512.64,491.60,1
ARIHANTSUP.NS,9/27/2024,404.15,31.00,0.00,35.00,31.00,400.73,382.56,364.39,1
AROGRANITE.NS,9/27/2024,59.00,6.00,0.00,9.00,6.00,0.00,0.00,0.00,1
ARTEMISMED.NS,9/27/2024,285.40,31.00,0.00,40.00,31.00,321.17,308.14,295.11,1
ARTEFACT.BO,9/27/2024,78.03,24.00,0.00,33.00,24.00,91.80,88.70,85.60,1
ARSSINFRA.NS,9/27/2024,21.72,29.00,0.00,58.00,29.00,21.69,20.28,18.87,1
ARVINDFASN.NS,9/27/2024,596.70,31.00,0.00,40.00,31.00,653.06,630.08,607.09,1
ARVSMART.NS,9/27/2024,834.90,6.00,0.00,15.00,6.00,1003.56,964.56,925.56,1
ARYAMAN.BO,9/27/2024,414.85,27.00,0.00,28.00,27.00,891.03,865.43,839.83,1
ASAHIINDIA.NS,9/27/2024,761.05,8.00,0.00,13.00,8.00,1019.76,977.30,934.84,1
ASHIS.BO,9/27/2024,58.65,14.00,0.00,26.00,14.00,56.60,52.21,47.81,1
ASIANTILES.NS,9/27/2024,88.97,9.00,0.00,22.00,9.00,93.40,90.39,87.37,1
ASIIL.BO,9/27/2024,54.04,5.00,0.00,7.00,5.00,57.93,55.36,52.78,1
ASINPET.BO,9/24/2024,22.39,51.00,0.00,63.00,51.00,22.76,12.35,1.95,1
ASIANPAINT.NS,9/27/2024,3310.75,97.00,0.00,103.00,97.00,3368.86,3249.45,3130.05,1
ASITCFIN.BO,9/27/2024,157.10,20.00,0.00,71.00,20.00,174.05,164.68,155.31,1
ASTERDM.NS,9/27/2024,415.55,46.00,0.00,67.00,46.00,464.90,439.18,413.46,1
ASTRAL.NS,9/27/2024,2004.85,31.00,0.00,65.00,31.00,2019.20,1958.71,1898.22,1
ASTRAZEN.NS,9/27/2024,7185.60,31.00,0.00,44.00,31.00,7497.95,7089.03,6680.12,1
ATALREAL.NS,9/27/2024,8.71,12.00,0.00,40.00,12.00,8.92,8.63,8.34,1
ATFL.NS,9/27/2024,832.45,8.00,0.00,43.00,8.00,847.85,827.73,807.61,1
AUBANK.NS,9/27/2024,731.10,31.00,0.00,65.00,31.00,804.03,781.71,759.39,1
AUROLAB.BO,9/27/2024,206.15,20.00,0.00,25.00,20.00,206.91,201.03,195.15,1
AUSOMENT.NS,9/27/2024,106.42,11.00,0.00,29.00,11.00,111.45,106.04,100.62,1
AVADHSUGAR.NS,9/27/2024,802.20,6.00,0.00,20.00,6.00,827.61,793.45,759.29,1
AVI.BO,9/13/2024,11.99,165.00,0.00,391.00,165.00,9.93,7.53,5.12,1
AWHCL.NS,9/27/2024,720.20,6.00,0.00,8.00,6.00,0.00,0.00,0.00,1
AXISBANK.NS,9/27/2024,1273.15,37.00,0.00,53.00,37.00,1280.52,1250.60,1220.67,1
AYMSYNTEX.NS,9/27/2024,217.57,29.00,0.00,36.00,29.00,223.27,212.62,201.97,1
BABA.BO,9/27/2024,14.13,3.00,0.00,9.00,3.00,14.97,14.37,13.76,1
BAFNAPH.NS,9/27/2024,87.47,7.00,0.00,31.00,7.00,88.41,86.46,84.51,1
AXISCADES.NS,9/27/2024,582.45,6.00,0.00,19.00,6.00,617.55,595.11,572.67,1
BAGFILMS.NS,9/27/2024,11.50,6.00,0.00,9.00,6.00,12.47,11.85,11.23,1
BAJAJ-AUTO.NS,9/27/2024,12666.40,47.00,0.00,71.00,47.00,12830.20,12293.81,11757.42,1
BAJAJELEC.NS,9/27/2024,981.35,36.00,0.00,58.00,36.00,0.00,0.00,0.00,1
BAJAJHCARE.BO,9/27/2024,381.00,14.00,0.00,25.00,14.00,0.00,0.00,0.00,1
BAJAJFINSV.NS,9/27/2024,2010.70,31.00,0.00,41.00,31.00,2091.99,2001.49,1910.99,1
BAJAJHIND.NS,9/27/2024,42.66,6.00,0.00,20.00,6.00,43.15,41.96,40.76,1
BAJFINANCE.NS,9/27/2024,7756.00,31.00,0.00,71.00,31.00,8033.53,7812.42,7591.31,1
BALAMINES.NS,9/27/2024,2284.75,31.00,0.00,40.00,31.00,0.00,0.00,0.00,1
BALKRISHNA.NS,9/27/2024,28.80,6.00,0.00,16.00,6.00,31.18,30.89,30.60,1
BALKRISIND.NS,9/27/2024,3042.70,31.00,0.00,40.00,31.00,3250.58,3174.09,3097.60,1
BALLARPUR.BO,9/26/2024,269.70,314.00,0.00,322.00,314.00,277.27,270.38,263.48,1
BAJAJHLDNG.NS,9/27/2024,10543.45,12.00,0.00,16.00,12.00,11774.18,11505.47,11236.77,1
BALUFORGE.BO,9/27/2024,788.35,5.00,0.00,13.00,5.00,935.32,930.07,924.81,1
BALRAMCHIN.NS,9/27/2024,654.80,12.00,0.00,20.00,12.00,646.50,628.73,610.96,1
BANARBEADS.NS,9/27/2024,111.52,5.00,0.00,12.00,5.00,119.31,112.51,105.71,1
BANDHANBNK.NS,9/27/2024,203.22,21.00,0.00,26.00,21.00,221.79,214.02,206.24,1
BANCOINDIA.NS,9/27/2024,680.90,31.00,0.00,43.00,31.00,0.00,0.00,0.00,1
BANARISUG.NS,9/27/2024,3619.90,6.00,0.00,14.00,6.00,3725.69,3637.44,3549.19,1
BANKBEES.BO,9/27/2024,553.44,31.00,0.00,64.00,31.00,562.03,550.37,538.71,1
BANKBARODA.NS,9/27/2024,249.60,12.00,0.00,26.00,12.00,250.71,246.09,241.47,1
BASANTGL.BO,9/27/2024,20.80,6.00,0.00,10.00,6.00,24.68,23.97,23.26,1
BASF.NS,9/27/2024,7265.25,3.00,0.00,8.00,3.00,7402.00,7162.43,6922.86,1
BATLIBOI.BO,9/27/2024,179.00,3.00,0.00,10.00,3.00,186.59,180.60,174.61,1
BATAINDIA.NS,9/27/2024,1449.55,31.00,0.00,43.00,31.00,0.00,0.00,0.00,1
BAYERCROP.BO,9/27/2024,6293.40,29.00,0.00,34.00,29.00,0.00,0.00,0.00,1
BAYERCROP.NS,9/13/2024,6495.90,20.00,0.00,25.00,20.00,6605.93,6488.55,6371.17,1
BBTC.NS,9/27/2024,2858.90,6.00,0.00,9.00,6.00,2850.99,2792.70,2734.42,1
BCCFUBA.BO,9/27/2024,92.72,6.00,0.00,14.00,6.00,92.83,92.61,92.39,1
BCG.NS,9/26/2024,9.61,33.00,0.00,74.00,33.00,9.87,9.65,9.43,1
BCLENTERPR.BO,9/27/2024,0.99,18.00,0.00,60.00,18.00,0.00,0.00,0.00,1
BEEKAY.BO,9/27/2024,718.00,17.00,0.00,29.00,17.00,792.39,738.65,684.92,1
BEL.NS,9/27/2024,293.45,6.00,0.00,24.00,6.00,301.71,295.86,290.01,1
BEML.NS,9/27/2024,3711.05,6.00,0.00,16.00,6.00,0.00,0.00,0.00,1
BENARAS.BO,9/27/2024,7920.05,33.00,0.00,72.00,33.00,8454.94,8227.89,8000.83,1
BERLDRG.BO,9/27/2024,37.96,4.00,0.00,14.00,4.00,39.67,38.43,37.19,1
BERGEPAINT.NS,9/27/2024,617.55,35.00,0.00,41.00,35.00,671.40,654.14,636.89,1
BEPL.NS,9/27/2024,152.24,6.00,0.00,16.00,6.00,0.00,0.00,0.00,1
BETXIND.BO,9/27/2024,424.85,24.00,0.00,30.00,24.00,418.55,385.19,351.83,1
BFFL.BO,9/26/2024,64.00,12.00,0.00,26.00,12.00,68.00,65.36,62.72,1
BFINVEST.NS,9/27/2024,633.50,30.00,0.00,43.00,30.00,650.17,625.26,600.35,1
BFUTILITIE.NS,9/27/2024,980.90,6.00,0.00,25.00,6.00,1101.32,1036.06,970.81,1
BGWTATO.BO,9/27/2024,522.00,22.00,0.00,39.00,22.00,555.52,533.81,512.10,1
BGRENERGY.NS,9/27/2024,50.40,10.00,0.00,23.00,10.00,55.65,55.14,54.62,1
BHAGYANGR.NS,9/27/2024,105.56,11.00,0.00,24.00,11.00,135.10,132.95,130.81,1
BHAGWOX.BO,9/27/2024,58.25,13.00,0.00,20.00,13.00,0.00,0.00,0.00,1
BHARATSE.BO,9/27/2024,202.05,6.00,0.00,21.00,6.00,238.01,232.47,226.94,1
BHASKAGR.BO,9/27/2024,67.90,12.00,0.00,24.00,12.00,71.64,70.45,69.25,1
BHARTIARTL.NS,9/27/2024,1734.60,80.00,0.00,81.00,80.00,1739.74,1643.87,1547.99,1
BHEL.NS,9/27/2024,287.55,6.00,0.00,43.00,6.00,296.38,289.46,282.53,1
BIL.NS,9/27/2024,633.45,27.00,0.00,32.00,27.00,679.28,645.40,611.52,1
BITL.BO,9/26/2024,1.72,33.00,0.00,43.00,33.00,1.83,1.77,1.71,1
BKMINDST.NS,9/26/2024,1.64,24.00,0.00,43.00,24.00,1.68,1.65,1.61,1
BLBLIMITED.NS,9/27/2024,20.40,18.00,0.00,26.00,18.00,21.36,20.51,19.66,1
BLISSGVS.NS,9/27/2024,134.31,6.00,0.00,9.00,6.00,154.18,151.64,149.09,1
BLOOM.BO,9/27/2024,13.45,7.00,0.00,11.00,7.00,13.60,13.08,12.55,1
BLUECOAST.BO,9/23/2024,11.86,31.00,0.00,37.00,31.00,12.20,11.08,9.96,1
BMAL.BO,9/26/2024,10.87,11.00,0.00,13.00,11.00,12.18,11.76,11.33,1
BOMDYEING.NS,9/27/2024,213.77,6.00,0.00,23.00,6.00,228.92,225.61,222.29,1
BLUESTARCO.NS,9/27/2024,2119.50,36.00,0.00,40.00,36.00,2127.72,1994.51,1861.30,1
BOSCHLTD.NS,9/27/2024,37976.10,31.00,0.00,54.00,31.00,37790.30,36365.67,34941.04,1
BRFL.BO,9/26/2024,1.82,446.00,0.00,609.00,446.00,1.85,1.82,1.80,1
BRIDGESE.BO,9/27/2024,4.78,21.00,0.00,50.00,21.00,5.21,4.82,4.44,1
BPCL.NS,9/27/2024,367.30,6.00,0.00,19.00,6.00,368.32,357.66,347.01,1
BRIGADE.NS,9/27/2024,1414.50,32.00,0.00,42.00,32.00,1450.40,1396.97,1343.54,1
BRPL.BO,9/27/2024,125.29,30.00,0.00,54.00,30.00,113.47,103.52,93.58,1
BSLSENETFG.BO,9/27/2024,84.73,133.00,0.00,138.00,133.00,85.63,83.20,80.76,1
BSL.NS,9/27/2024,217.75,11.00,0.00,22.00,11.00,268.52,263.72,258.91,1
BRITANNIA.NS,9/27/2024,6268.80,111.00,0.00,187.00,111.00,6455.38,6202.91,5950.45,1
BVCL.NS,9/27/2024,58.66,3.00,0.00,43.00,3.00,65.02,63.52,62.02,1
CAMS.BO,9/27/2024,4461.00,13.00,0.00,28.00,13.00,4776.23,4668.27,4560.31,1
CANBK.NS,9/27/2024,113.10,12.00,0.00,25.00,12.00,113.70,110.92,108.14,1
CAPACITE.NS,9/27/2024,398.80,17.00,0.00,22.00,17.00,414.80,405.40,396.00,1
CANTABIL.NS,9/27/2024,244.53,14.00,0.00,34.00,14.00,0.00,0.00,0.00,1
CAPRO.BO,9/27/2024,53.55,13.00,0.00,17.00,13.00,57.44,55.16,52.87,1
CAREERP.NS,9/27/2024,486.05,14.00,0.00,23.00,14.00,513.53,496.95,480.38,1
CARERATING.NS,9/27/2024,1012.40,37.00,0.00,54.00,37.00,1039.58,1014.17,988.76,1
CARNATIN.BO,9/26/2024,6.81,19.00,0.00,48.00,19.00,7.04,6.81,6.57,1
CATVISION.BO,9/27/2024,26.30,11.00,0.00,18.00,11.00,27.59,27.14,26.69,1
CCCL.BO,9/27/2024,28.11,334.00,0.00,343.00,334.00,12.56,5.00,-2.57,1
CCLINTER.BO,9/27/2024,34.75,7.00,0.00,13.00,7.00,35.11,34.08,33.05,1
CEATLTD.NS,9/27/2024,3250.25,6.00,0.00,9.00,6.00,3303.29,3246.29,3189.28,1
CEENIK.BO,9/27/2024,1432.45,78.00,0.00,87.00,78.00,1655.68,1539.91,1424.15,1
CEINSYSTECH.BO,9/27/2024,729.95,7.00,0.00,13.00,7.00,782.15,761.74,741.32,1
CENTRUM.NS,9/27/2024,35.98,8.00,0.00,41.00,8.00,42.66,41.47,40.29,1
CENTURYPLY.NS,9/27/2024,876.10,47.00,0.00,63.00,47.00,920.06,880.92,841.77,1
CENTUM.NS,9/27/2024,1852.90,11.00,0.00,16.00,11.00,1939.15,1881.19,1823.24,1
CGCL.NS,9/27/2024,206.10,31.00,0.00,40.00,31.00,0.00,0.00,0.00,1
CESC.NS,9/27/2024,199.90,5.00,0.00,10.00,5.00,215.88,212.33,208.78,1
CGPOWER.NS,9/27/2024,761.75,14.00,0.00,25.00,14.00,824.17,803.55,782.94,1
CHALET.NS,9/27/2024,890.35,31.00,0.00,42.00,31.00,976.90,933.49,890.07,1
CHANDRIMA.BO,9/27/2024,38.64,17.00,0.00,37.00,17.00,41.50,39.44,37.39,1
CHAMBLFERT.NS,9/27/2024,525.25,5.00,0.00,18.00,5.00,531.88,524.18,516.48,1
CHEMCON.NS,9/27/2024,273.30,14.00,0.00,23.00,14.00,323.72,313.59,303.45,1
CHDCHEM.BO,9/27/2024,6.78,23.00,0.00,26.00,23.00,6.90,6.63,6.37,1
CHEMCRUX.BO,9/27/2024,213.35,14.00,0.00,25.00,14.00,0.00,0.00,0.00,1
CHENNPETRO.NS,9/27/2024,920.65,6.00,0.00,25.00,6.00,974.72,957.59,940.46,1
CHMBBRW.BO,9/27/2024,8.60,12.00,0.00,34.00,12.00,8.91,8.34,7.78,1
CHOICEIN.BO,9/27/2024,467.30,46.00,0.00,64.00,46.00,499.83,480.02,460.21,1
CHORDIA.BO,9/27/2024,86.00,15.00,0.00,24.00,15.00,91.96,88.48,85.01,1
CHOLAFIN.NS,9/27/2024,1609.00,32.00,0.00,70.00,32.00,1696.25,1661.42,1626.59,1
CHOLAHLDNG.NS,9/27/2024,2002.55,37.00,0.00,39.00,37.00,2136.96,2056.00,1975.04,1
CHRTEDCA.BO,9/27/2024,225.35,24.00,0.00,31.00,24.00,250.24,240.57,230.90,1
CIANAGRO.BO,9/27/2024,165.60,37.00,0.00,43.00,37.00,190.28,172.22,154.17,1
CIFL.BO,9/27/2024,145.60,10.00,0.00,12.00,10.00,149.91,144.89,139.88,1
CIGNITITEC.NS,9/27/2024,1379.30,111.00,0.00,119.00,111.00,1511.88,1471.96,1432.04,1
CILSEC.BO,9/27/2024,60.68,10.00,0.00,20.00,10.00,62.46,61.59,60.72,1
CINEVISTA.NS,9/27/2024,22.19,5.00,0.00,14.00,5.00,24.99,24.79,24.59,1
CJGEL.BO,9/27/2024,23.76,12.00,0.00,24.00,12.00,28.61,27.98,27.35,1
CIPLA.NS,9/27/2024,1672.50,64.00,0.00,71.00,64.00,1719.20,1683.38,1647.55,1
CLFL.BO,9/27/2024,20.19,23.00,0.00,42.00,23.00,22.56,20.97,19.38,1
CNOVAPETRO.BO,9/27/2024,86.24,29.00,0.00,32.00,29.00,94.22,91.08,87.94,1
COALINDIA.NS,9/27/2024,516.10,6.00,0.00,24.00,6.00,523.39,516.36,509.33,1
CMICABLES.NS,9/26/2024,5.62,24.00,0.00,86.00,24.00,5.77,5.65,5.53,1
COCHINSHIP.NS,9/27/2024,1727.20,6.00,0.00,34.00,6.00,0.00,0.00,0.00,1
COFFEEDAY.BO,9/27/2024,39.00,6.00,0.00,24.00,6.00,43.04,41.95,40.87,1
COFORGE.NS,9/27/2024,6935.35,33.00,0.00,44.00,33.00,7354.84,7127.92,6901.01,1
COMFINCAP.BO,9/27/2024,10.90,17.00,0.00,25.00,17.00,11.72,11.39,11.06,1
COLPAL.NS,9/27/2024,3764.05,65.00,0.00,75.00,65.00,4022.01,3849.23,3676.46,1
CONART.BO,9/27/2024,168.00,5.00,0.00,10.00,5.00,185.68,181.14,176.60,1
CONFINT.BO,9/26/2024,8.61,8.00,0.00,16.00,8.00,8.70,8.61,8.53,1
CONTILI.BO,9/27/2024,234.65,31.00,0.00,49.00,31.00,236.59,222.33,208.06,1
CONTPTR.BO,9/27/2024,102.00,30.00,0.00,38.00,30.00,116.72,112.11,107.50,1
COROENGG.BO,9/26/2024,58.48,9.00,0.00,48.00,9.00,60.50,59.02,57.54,1
CORDSCABLE.NS,9/27/2024,225.75,6.00,0.00,23.00,6.00,231.31,224.76,218.22,1
COSMOFE.BO,9/27/2024,260.55,3.00,0.00,5.00,3.00,289.95,284.77,279.58,1
CRAFTSMAN.NS,9/27/2024,6396.50,12.00,0.00,15.00,12.00,6876.51,6651.59,6426.68,1
CRANEINFRA.BO,9/27/2024,26.20,12.00,0.00,18.00,12.00,0.00,0.00,0.00,1
CRSTCHM.BO,9/27/2024,307.65,21.00,0.00,30.00,21.00,313.02,277.87,242.72,1
CRISIL.NS,9/27/2024,4559.95,37.00,0.00,51.00,37.00,4926.22,4789.23,4652.24,1
CTE.NS,9/27/2024,106.62,12.00,0.00,21.00,12.00,108.28,105.94,103.60,1
CTL.BO,9/27/2024,45.84,10.00,0.00,29.00,10.00,46.02,44.83,43.64,1
CUB.NS,9/27/2024,163.85,31.00,0.00,40.00,31.00,0.00,0.00,0.00,1
CUBEXTUB.NS,9/27/2024,102.63,6.00,0.00,15.00,6.00,111.31,109.11,106.91,1
CUMMINSIND.NS,9/27/2024,3864.80,38.00,0.00,41.00,38.00,0.00,0.00,0.00,1
CSL.BO,9/27/2024,11.40,5.00,0.00,9.00,5.00,11.67,11.52,11.36,1
CYBERMEDIA.NS,9/27/2024,26.40,4.00,0.00,28.00,4.00,26.73,26.33,25.92,1
CYBERTECH.NS,9/27/2024,240.65,6.00,0.00,19.00,6.00,287.52,283.18,278.83,1
DAIKAFFI.BO,9/27/2024,166.60,5.00,0.00,21.00,5.00,168.17,166.49,164.80,1
DALBHARAT.NS,9/27/2024,1894.75,6.00,0.00,19.00,6.00,1970.13,1928.48,1886.84,1
DANLAW.BO,9/27/2024,1910.00,6.00,0.00,13.00,6.00,0.00,0.00,0.00,1
DALMIASUG.NS,9/27/2024,533.10,12.00,0.00,19.00,12.00,549.76,533.68,517.60,1
DARJEELING.BO,9/27/2024,12.97,14.00,0.00,58.00,14.00,13.74,13.33,12.92,1
DAULAT.BO,9/27/2024,70.35,17.00,0.00,23.00,17.00,69.59,63.63,57.66,1
DBL.NS,9/27/2024,529.70,5.00,0.00,10.00,5.00,0.00,0.00,0.00,1
DBREALTY.NS,9/27/2024,193.96,6.00,0.00,26.00,6.00,224.17,223.30,222.42,1
DBSTOCKBRO.NS,9/27/2024,46.58,14.00,0.00,35.00,14.00,52.51,51.00,49.48,1
DCBBANK.NS,9/27/2024,123.04,31.00,0.00,68.00,31.00,0.00,0.00,0.00,1
DCW.NS,9/27/2024,96.38,11.00,0.00,13.00,11.00,0.00,0.00,0.00,1
DECPO.BO,9/26/2024,9.10,37.00,0.00,48.00,37.00,9.95,9.69,9.43,1
DEEPAKFERT.NS,9/27/2024,1065.70,8.00,0.00,24.00,8.00,1133.18,1093.84,1054.50,1
DELTACORP.NS,9/27/2024,130.39,11.00,0.00,21.00,11.00,135.25,132.00,128.75,1
DGCONTENT.NS,9/27/2024,45.45,13.00,0.00,18.00,13.00,45.26,42.51,39.77,1
DEVIT.NS,9/27/2024,147.79,6.00,0.00,19.00,6.00,155.39,147.90,140.40,1
DHANFAB.BO,9/27/2024,66.50,13.00,0.00,31.00,13.00,70.76,69.52,68.28,1
DHANI.NS,9/27/2024,51.53,6.00,0.00,23.00,6.00,57.66,56.45,55.24,1
DHARSUGAR.BO,9/26/2024,8.63,327.00,0.00,357.00,327.00,0.00,0.00,0.00,1
DHAMPURSUG.NS,9/27/2024,227.03,12.00,0.00,17.00,12.00,227.99,221.50,215.01,1
DHOOTIN.BO,9/27/2024,323.60,37.00,0.00,44.00,37.00,348.07,336.93,325.79,1
DHPIND.BO,9/27/2024,598.50,30.00,0.00,59.00,30.00,0.00,0.00,0.00,1
DHENUBUILD.BO,9/27/2024,5.74,96.00,0.00,131.00,96.00,5.50,4.61,3.71,1
DIAMONDYD.NS,9/27/2024,1044.50,9.00,0.00,25.00,9.00,1089.54,1002.23,914.93,1
DIANATEA.BO,9/27/2024,33.60,5.00,0.00,16.00,5.00,38.94,37.92,36.91,1
DIGISPICE.NS,9/27/2024,33.50,5.00,0.00,9.00,5.00,0.00,0.00,0.00,1
DICIND.NS,9/27/2024,730.00,18.00,0.00,26.00,18.00,0.00,0.00,0.00,1
DISHTV.NS,9/27/2024,14.24,5.00,0.00,23.00,5.00,14.53,14.23,13.94,1
DIXON.NS,9/27/2024,14037.65,15.00,0.00,24.00,15.00,15594.77,15140.31,14685.85,1
DJML.BO,9/27/2024,124.70,4.00,0.00,12.00,4.00,125.73,124.99,124.25,1
DIVISLAB.NS,9/27/2024,5457.90,30.00,0.00,39.00,30.00,5957.33,5828.34,5699.35,1
DLF.NS,9/27/2024,914.05,15.00,0.00,28.00,15.00,952.52,928.03,903.53,1
DMART.NS,9/27/2024,5102.30,38.00,0.00,46.00,38.00,5541.36,5369.67,5197.98,1
DOLLAR.NS,9/27/2024,510.70,31.00,0.00,36.00,31.00,0.00,0.00,0.00,1
DPABHUSHAN.NS,9/27/2024,1622.50,21.00,0.00,24.00,21.00,1972.71,1838.71,1704.70,1
DPSCLTD.NS,9/27/2024,20.62,6.00,0.00,11.00,6.00,21.59,20.63,19.66,1
DRAGARWQ.BO,9/27/2024,4566.00,71.00,0.00,76.00,71.00,4732.84,4392.68,4052.52,1
DSINVEST.BO,9/27/2024,584.80,19.00,0.00,40.00,19.00,588.08,573.09,558.10,1
DRL.BO,9/13/2024,18.33,102.00,0.00,188.00,102.00,11.96,10.34,8.73,1
DREDGECORP.NS,9/27/2024,942.60,11.00,0.00,16.00,11.00,970.76,940.47,910.19,1
DTIL.NS,9/27/2024,260.86,19.00,0.00,23.00,19.00,267.20,259.88,252.57,1
DWL.BO,5/12/2021,81.00,363.00,0.00,585.00,363.00,0.00,0.00,0.00,1
DWARKESH.NS,9/27/2024,76.75,12.00,0.00,20.00,12.00,76.86,75.15,73.45,1
ECLERX.NS,9/27/2024,2997.30,7.00,0.00,16.00,7.00,3073.08,2962.00,2850.93,1
E2E.NS,9/27/2024,3210.35,19.00,0.00,24.00,19.00,3481.81,3242.34,3002.87,1
ECS.BO,9/13/2024,14.79,3.00,0.00,49.00,3.00,20.67,11.05,1.42,1
EDELWEISS.NS,9/27/2024,140.13,11.00,0.00,16.00,11.00,149.45,140.60,131.75,1
EIDPARRY.NS,9/27/2024,843.70,38.00,0.00,42.00,38.00,880.98,846.58,812.17,1
EICHERMOT.NS,9/27/2024,5062.60,35.00,0.00,43.00,35.00,5070.69,4916.78,4762.87,1
ELANGO.BO,9/26/2024,12.58,3.00,0.00,14.00,3.00,12.93,12.57,12.21,1
ELANTAS.BO,9/27/2024,12150.25,37.00,0.00,42.00,37.00,12647.51,12243.74,11839.97,1
EKAMLEA.BO,9/27/2024,8.39,10.00,0.00,26.00,10.00,8.87,8.54,8.22,1
ELECON.NS,9/27/2024,695.30,37.00,0.00,49.00,37.00,685.44,660.70,635.96,1
ELEFLOR.BO,9/27/2024,6.51,22.00,0.00,34.00,22.00,7.13,6.91,6.70,1
ELEMARB.BO,9/27/2024,263.20,13.00,0.00,39.00,13.00,272.40,264.70,257.01,1
ELIXIR.BO,9/27/2024,202.40,32.00,0.00,41.00,32.00,199.62,171.79,143.96,1
ELPROINTL.BO,9/27/2024,131.80,6.00,0.00,23.00,6.00,137.21,131.81,126.42,1
EMAINDIA.BO,9/27/2024,32.44,6.00,0.00,34.00,6.00,35.82,35.36,34.90,1
EMERALD.BO,9/27/2024,74.13,7.00,0.00,21.00,7.00,85.79,83.57,81.35,1
EMAMIREAL.NS,9/27/2024,117.05,9.00,0.00,21.00,9.00,127.95,123.60,119.24,1
EMKAY.NS,9/27/2024,207.00,17.00,0.00,22.00,17.00,212.77,206.15,199.54,1
EMMESSA.BO,9/27/2024,40.66,4.00,0.00,16.00,4.00,43.52,42.83,42.14,1
ENBETRD.BO,9/27/2024,12.10,16.00,0.00,28.00,16.00,12.26,12.06,11.87,1
ENKEIWHEL.BO,9/27/2024,700.05,34.00,0.00,39.00,34.00,697.16,677.58,657.99,1
ENIL.NS,9/27/2024,220.46,11.00,0.00,22.00,11.00,229.69,215.46,201.22,1
ENGINERSIN.NS,9/27/2024,211.90,6.00,0.00,10.00,6.00,240.50,237.69,234.88,1
ENTRINT.BO,9/27/2024,35.01,3.00,0.00,19.00,3.00,36.05,34.97,33.89,1
EPIC.BO,9/27/2024,53.19,100.00,0.00,164.00,100.00,51.16,45.11,39.07,1
EROSMEDIA.NS,9/27/2024,19.26,12.00,0.00,41.00,12.00,19.41,18.73,18.06,1
ERPSOFT.BO,9/27/2024,114.00,27.00,0.00,53.00,27.00,0.00,0.00,0.00,1
ESHAMEDIA.BO,9/27/2024,15.71,3.00,0.00,23.00,3.00,16.35,15.69,15.03,1
ESSARSHPNG.NS,9/27/2024,44.40,6.00,0.00,27.00,6.00,50.02,48.76,47.50,1
ESCORTS.NS,9/27/2024,4328.00,14.00,0.00,24.00,14.00,4577.77,4371.50,4165.23,1
EUROLED.BO,9/23/2024,23.48,5.00,0.00,16.00,5.00,32.46,27.54,22.61,1
EUROTEXIND.NS,9/27/2024,15.55,18.00,0.00,23.00,18.00,0.00,0.00,0.00,1
EVEREADY.NS,9/27/2024,470.80,12.00,0.00,26.00,12.00,483.09,467.41,451.73,1
EXIDEIND.NS,9/27/2024,497.30,6.00,0.00,66.00,6.00,497.58,487.28,476.99,1
EXPLICITFIN.BO,9/27/2024,6.68,5.00,0.00,21.00,5.00,7.73,7.36,6.98,1
FACORALL.BO,9/27/2024,6.40,5.00,0.00,59.00,5.00,7.63,7.58,7.53,1
EXCEL.NS,9/27/2024,0.76,5.00,0.00,26.00,5.00,0.00,0.00,0.00,1
FACT.NS,9/27/2024,960.80,29.00,0.00,34.00,29.00,0.00,0.00,0.00,1
FCL.NS,9/27/2024,407.95,4.00,0.00,11.00,4.00,434.07,427.90,421.73,1
FEDERALBNK.NS,9/27/2024,193.71,11.00,0.00,29.00,11.00,195.70,192.77,189.84,1
FIEMIND.NS,9/27/2024,1717.45,37.00,0.00,40.00,37.00,1972.78,1896.98,1821.18,1
FILTRA.BO,9/27/2024,86.60,10.00,0.00,17.00,10.00,91.42,86.84,82.25,1
FINELINE.BO,9/26/2024,106.35,17.00,0.00,24.00,17.00,130.05,126.66,123.27,1
FLEXITUFF.NS,9/27/2024,86.17,5.00,0.00,12.00,5.00,101.65,98.58,95.52,1
FINCABLES.NS,9/27/2024,1443.35,12.00,0.00,43.00,12.00,1559.27,1494.60,1429.94,1
FOCUS.NS,9/27/2024,120.78,7.00,0.00,17.00,7.00,120.98,120.63,120.27,1
FOODSIN.BO,9/27/2024,138.95,6.00,0.00,16.00,6.00,153.56,150.02,146.49,1
FORCEMOT.BO,9/27/2024,7680.95,6.00,0.00,24.00,6.00,7739.78,7362.52,6985.27,1
FORBESCO.BO,9/27/2024,685.00,18.00,0.00,24.00,18.00,773.63,728.52,683.41,1
FMGOETZE.NS,9/27/2024,440.15,17.00,0.00,33.00,17.00,480.21,469.87,459.54,1
FORINTL.BO,9/27/2024,104.00,13.00,0.00,21.00,13.00,106.94,93.68,80.41,1
FORTIS.NS,9/27/2024,596.70,35.00,0.00,44.00,35.00,634.24,613.83,593.42,1
FRANKLININD.BO,9/27/2024,2.14,17.00,0.00,26.00,17.00,2.17,2.08,1.98,1
FOSECOIND.NS,9/27/2024,4763.90,6.00,0.00,37.00,6.00,5520.32,5430.97,5341.62,1
FRONTSP.BO,9/27/2024,2090.00,4.00,0.00,16.00,4.00,2217.52,2166.50,2115.48,1
FRONTCORP.BO,9/27/2024,53.00,15.00,0.00,45.00,15.00,54.65,53.08,51.50,1
FRUTION.BO,9/27/2024,51.00,12.00,0.00,20.00,12.00,57.33,53.87,50.40,1
FSL.NS,9/27/2024,319.30,7.00,0.00,13.00,7.00,364.22,354.85,345.47,1
GABRIEL.NS,9/27/2024,519.45,11.00,0.00,16.00,11.00,0.00,0.00,0.00,1
GALADAFIN.BO,9/13/2024,18.00,56.00,0.00,127.00,56.00,12.85,10.97,9.08,1
GALAGEX.BO,9/13/2024,54.00,89.00,0.00,655.00,89.00,19.89,10.48,1.07,1
GAIL.NS,9/27/2024,236.98,5.00,0.00,28.00,5.00,238.29,235.98,233.68,1
GALLANTT.NS,9/27/2024,365.80,12.00,0.00,19.00,12.00,413.72,410.94,408.16,1
GANDHITUBE.NS,9/27/2024,808.90,6.00,0.00,39.00,6.00,877.35,852.37,827.38,1
GANGESSECU.NS,9/27/2024,169.98,5.00,0.00,22.00,5.00,195.90,194.68,193.45,1
GARFIBRES.NS,9/27/2024,4077.25,7.00,0.00,11.00,7.00,5020.06,4856.52,4692.97,1
GAYAPROJ.NS,9/26/2024,10.02,24.00,0.00,38.00,24.00,10.29,10.06,9.83,1
GAYATRIBI.BO,9/27/2024,6.20,32.00,0.00,37.00,32.00,6.42,6.23,6.03,1
GBFL.BO,9/27/2024,8.86,4.00,0.00,8.00,4.00,0.00,0.00,0.00,1
GCMCAPI.BO,9/27/2024,9.75,13.00,0.00,24.00,13.00,11.18,10.64,10.10,1
GEECEE.NS,9/27/2024,420.40,31.00,0.00,35.00,31.00,427.18,404.36,381.54,1
GEMSI.BO,9/27/2024,3.24,4.00,0.00,6.00,4.00,0.00,0.00,0.00,1
GET&D.NS,9/27/2024,1703.40,4.00,0.00,11.00,4.00,1718.82,1687.29,1655.76,1
GITARENEW.BO,9/27/2024,178.00,6.00,0.00,42.00,6.00,199.86,187.81,175.77,1
GIPCL.NS,9/27/2024,230.95,6.00,0.00,18.00,6.00,242.66,235.03,227.41,1
GLENMARK.NS,9/27/2024,1685.70,5.00,0.00,9.00,5.00,0.00,0.00,0.00,1
GLOBALVECT.NS,9/27/2024,345.50,5.00,0.00,13.00,5.00,349.49,344.20,338.92,1
GLOBUSCON.BO,9/27/2024,23.17,12.00,0.00,19.00,12.00,25.86,24.93,24.00,1
GMMPFAUDLR.NS,9/27/2024,1433.40,17.00,0.00,22.00,17.00,1516.30,1490.91,1465.52,1
GMBREW.NS,9/27/2024,955.25,5.00,0.00,8.00,5.00,1032.31,1016.25,1000.19,1
GMRINFRA.NS,9/27/2024,95.09,14.00,0.00,34.00,14.00,108.98,107.94,106.90,1
GNFC.NS,9/27/2024,675.25,5.00,0.00,16.00,5.00,685.87,675.65,665.42,1
GOACARBON.NS,9/27/2024,854.10,14.00,0.00,23.00,14.00,857.42,833.38,809.34,1
GODHA.NS,9/27/2024,0.87,5.00,0.00,25.00,5.00,1.00,0.98,0.96,1
GODREJPROP.NS,9/27/2024,3191.40,8.00,0.00,51.00,8.00,3524.67,3428.44,3332.21,1
GODREJIND.NS,9/27/2024,1234.60,35.00,0.00,40.00,35.00,1422.50,1316.70,1210.90,1
GOGIACAP.BO,9/27/2024,75.03,9.00,0.00,36.00,9.00,94.52,91.55,88.58,1
GOENKA.NS,9/26/2024,1.48,19.00,0.00,52.00,19.00,1.57,1.47,1.36,1
GOKEX.NS,9/27/2024,978.95,31.00,0.00,36.00,31.00,0.00,0.00,0.00,1
GOKULAGRO.NS,9/27/2024,276.25,4.00,0.00,11.00,4.00,331.86,330.44,329.03,1
GOLDCOINHF.BO,9/27/2024,7.71,12.00,0.00,13.00,12.00,8.17,7.97,7.76,1
GOLCA.BO,9/26/2024,13.65,191.00,0.00,255.00,191.00,15.31,14.16,13.02,1
GOLDENTOBC.NS,9/27/2024,42.21,23.00,0.00,69.00,23.00,0.00,0.00,0.00,1
GOLDIAM.NS,9/27/2024,366.20,6.00,0.00,9.00,6.00,0.00,0.00,0.00,1
GOLKUNDIA.BO,9/27/2024,280.00,32.00,0.00,45.00,32.00,309.07,290.35,271.63,1
GOODRICKE.BO,9/27/2024,249.90,4.00,0.00,15.00,4.00,252.18,251.03,249.88,1
GOPAIST.BO,9/27/2024,7.71,3.00,0.00,11.00,3.00,7.75,7.74,7.73,1
GORANIN.BO,9/27/2024,107.00,21.00,0.00,37.00,21.00,113.33,109.39,105.44,1
GOTHIPL.BO,9/27/2024,40.70,20.00,0.00,27.00,20.00,47.44,45.84,44.23,1
GPIL.NS,9/27/2024,1055.55,11.00,0.00,35.00,11.00,1115.18,1058.99,1002.81,1
GRAPHITE.NS,9/27/2024,588.75,14.00,0.00,26.00,14.00,644.98,628.69,612.39,1
GRAUWEIL.BO,9/27/2024,113.30,9.00,0.00,23.00,9.00,115.77,112.12,108.47,1
GRAVISSHO.BO,9/27/2024,51.38,5.00,0.00,8.00,5.00,0.00,0.00,0.00,1
GRAVITY.BO,9/27/2024,4.42,5.00,0.00,7.00,5.00,4.89,4.82,4.75,1
GREENCREST.BO,9/27/2024,0.97,14.00,0.00,21.00,14.00,1.09,1.08,1.07,1
GROVY.BO,9/27/2024,157.60,20.00,0.00,23.00,20.00,0.00,0.00,0.00,1
GRWRHITECH.BO,9/27/2024,3560.00,6.00,0.00,16.00,6.00,3566.98,3501.20,3435.41,1
GSLSEC.BO,9/27/2024,15.30,7.00,0.00,11.00,7.00,15.72,15.48,15.24,1
GTNINDS.BO,9/27/2024,38.20,11.00,0.00,16.00,11.00,38.67,37.33,35.99,1
GTNTEX.BO,9/27/2024,12.99,14.00,0.00,22.00,14.00,13.55,13.09,12.64,1
GTV.BO,9/13/2024,464.65,4.00,0.00,26.00,4.00,610.89,288.45,-33.99,1
GTPL.NS,9/27/2024,166.95,31.00,0.00,61.00,31.00,179.71,174.94,170.17,1
GUJALKALI.NS,9/27/2024,827.10,30.00,0.00,42.00,30.00,900.17,870.49,840.82,1
GUJCONT.BO,9/27/2024,187.95,6.00,0.00,9.00,6.00,191.66,186.16,180.65,1
GUJCMDS.BO,9/27/2024,485.40,12.00,0.00,16.00,12.00,488.39,457.32,426.26,1
GUJCOTEX.BO,9/27/2024,10.35,22.00,0.00,26.00,22.00,10.36,10.22,10.09,1
GUJARATPOLY.BO,9/27/2024,135.75,19.00,0.00,39.00,19.00,150.10,136.75,123.40,1
GUJCRED.BO,9/27/2024,23.61,3.00,0.00,9.00,3.00,24.17,23.44,22.70,1
GUJHOTE.BO,9/27/2024,228.85,14.00,0.00,26.00,14.00,254.81,248.59,242.36,1
GUJINV.BO,9/27/2024,18.90,4.00,0.00,1.00,4.00,19.55,18.82,18.09,1
GUJTERC.BO,9/27/2024,75.00,4.00,0.00,9.00,4.00,76.50,74.38,72.26,1
GUJTHEM.BO,9/27/2024,368.70,15.00,0.00,24.00,15.00,394.43,379.34,364.25,1
GULFOILLUB.NS,9/27/2024,1391.50,12.00,0.00,19.00,12.00,1489.96,1462.81,1435.67,1
HALDER.BO,9/27/2024,883.00,95.00,0.00,102.00,95.00,1011.47,975.34,939.22,1
HAPPSTMNDS.NS,9/27/2024,798.90,31.00,0.00,68.00,31.00,864.57,842.78,820.98,1
HALDYNGL.BO,9/27/2024,157.00,29.00,0.00,35.00,29.00,177.40,167.05,156.71,1
HARLETH.BO,9/27/2024,114.50,8.00,0.00,11.00,8.00,0.00,0.00,0.00,1
HASTIFIN.BO,9/27/2024,8.55,22.00,0.00,100.00,22.00,8.55,8.22,7.90,1
HAVELLS.NS,9/27/2024,2031.30,47.00,0.00,54.00,47.00,2085.85,2019.33,1952.81,1
HAWAENG.BO,9/27/2024,172.95,8.00,0.00,16.00,8.00,171.93,169.64,167.34,1
HAZOOR.BO,9/13/2024,590.20,8.00,0.00,11.00,8.00,576.18,226.24,-123.70,1
HAWKINCOOK.BO,9/27/2024,8700.00,31.00,0.00,44.00,31.00,9071.82,8779.30,8486.78,1
HBESD.BO,9/27/2024,109.50,6.00,0.00,18.00,6.00,115.72,113.85,111.99,1
HBLEAS.BO,9/27/2024,18.00,5.00,0.00,12.00,5.00,19.52,18.90,18.28,1
HCG.NS,9/27/2024,427.65,48.00,0.00,72.00,48.00,444.46,426.00,407.54,1
HBSL.NS,9/27/2024,144.65,4.00,0.00,26.00,4.00,158.59,154.80,151.01,1
HCC.NS,9/27/2024,42.63,6.00,0.00,27.00,6.00,49.18,48.56,47.94,1
HCL-INSYS.NS,9/27/2024,22.59,4.00,0.00,8.00,4.00,23.35,22.92,22.49,1
HDFCAMC.NS,9/27/2024,4420.55,47.00,0.00,58.00,47.00,4911.58,4776.87,4642.16,1
HCLTECH.NS,9/27/2024,1808.40,80.00,0.00,147.00,80.00,1915.10,1853.59,1792.08,1
HEERAISP.BO,9/27/2024,7.90,9.00,0.00,11.00,9.00,8.33,7.90,7.48,1
HDFCBANK.NS,9/27/2024,1752.65,46.00,0.00,60.00,46.00,1771.71,1714.03,1656.34,1
HEG.NS,9/27/2024,2453.30,17.00,0.00,32.00,17.00,2524.97,2425.26,2325.56,1
HEMIPROP.NS,9/27/2024,207.13,5.00,0.00,19.00,5.00,213.73,205.59,197.46,1
HESTERBIO.NS,9/27/2024,2486.10,11.00,0.00,17.00,11.00,2666.30,2565.00,2463.70,1
HERITGFOOD.NS,9/27/2024,633.05,37.00,0.00,46.00,37.00,623.58,600.16,576.74,1
HEROMOTOCO.NS,9/27/2024,5957.35,30.00,0.00,72.00,30.00,6335.58,6209.89,6084.20,1
HGINFRA.NS,9/27/2024,1544.80,14.00,0.00,27.00,14.00,1843.39,1778.06,1712.74,1
HIGHENE.BO,9/27/2024,699.00,6.00,0.00,25.00,6.00,742.21,722.88,703.56,1
HIL.NS,9/27/2024,3001.85,14.00,0.00,22.00,14.00,3071.07,3003.69,2936.31,1
HINDALCO.NS,9/27/2024,747.15,12.00,0.00,23.00,12.00,753.24,734.52,715.79,1
HINDHARD.BO,9/27/2024,700.00,15.00,0.00,22.00,15.00,755.69,747.36,739.04,1
HINDCOPPER.NS,9/27/2024,344.50,14.00,0.00,23.00,14.00,351.34,344.39,337.43,1
HINDNATGLS.NS,9/26/2024,31.03,29.00,0.00,57.00,29.00,32.96,29.58,26.20,1
HINDTIN.BO,9/27/2024,221.10,5.00,0.00,18.00,5.00,252.84,245.60,238.37,1
HINDUNILVR.NS,9/27/2024,2966.25,66.00,0.00,79.00,66.00,3066.24,2975.87,2885.50,1
HINDZINC.NS,9/27/2024,523.05,12.00,0.00,23.00,12.00,529.57,517.18,504.78,1
HIPOLIN.BO,9/27/2024,134.60,8.00,0.00,24.00,8.00,149.69,142.79,135.88,1
HIRECT.NS,9/27/2024,868.90,6.00,0.00,22.00,6.00,1003.34,974.91,946.48,1
HISARMETAL.NS,9/27/2024,198.19,29.00,0.00,40.00,29.00,203.02,196.71,190.40,1
HISARSP.BO,9/27/2024,71.40,21.00,0.00,24.00,21.00,71.19,65.80,60.41,1
HINDPETRO.NS,9/27/2024,437.95,5.00,0.00,16.00,5.00,441.15,434.09,427.03,1
HITECH.NS,9/27/2024,196.36,37.00,0.00,44.00,37.00,229.14,212.74,196.34,1
HITECHCORP.NS,9/27/2024,282.26,12.00,0.00,26.00,12.00,341.62,312.60,283.58,1
HITKITGLO.BO,9/26/2024,1.35,125.00,0.00,138.00,125.00,1.41,1.34,1.28,1
HMT.NS,9/27/2024,83.56,6.00,0.00,9.00,6.00,0.00,0.00,0.00,1
HMVL.NS,9/27/2024,97.59,6.00,0.00,41.00,6.00,100.95,97.37,93.79,1
HNDFDS.NS,9/13/2024,567.90,26.00,0.00,32.00,26.00,592.98,582.63,572.27,1
HNDFDS.BO,9/27/2024,672.90,36.00,0.00,45.00,36.00,674.22,637.59,600.96,1
HONDAPOWER.NS,9/27/2024,4039.70,14.00,0.00,21.00,14.00,4049.79,3984.25,3918.71,1
HOVS.NS,9/27/2024,81.11,5.00,0.00,12.00,5.00,92.93,92.41,91.89,1
HPIL.NS,9/27/2024,151.00,30.00,0.00,58.00,30.00,0.00,0.00,0.00,1
HSCL.NS,9/27/2024,656.95,47.00,0.00,54.00,47.00,665.20,628.61,592.02,1
HUDCO.NS,9/27/2024,238.45,6.00,0.00,53.00,6.00,0.00,0.00,0.00,1
HTMEDIA.NS,9/27/2024,24.66,5.00,0.00,22.00,5.00,26.14,25.36,24.58,1
HUBTOWN.NS,9/27/2024,327.95,5.00,0.00,7.00,5.00,333.22,324.42,315.63,1
IBRIGST.BO,9/26/2024,178.05,3.00,0.00,21.00,3.00,180.30,177.85,175.40,1
IBREALEST.NS,9/26/2024,127.23,5.00,0.00,22.00,5.00,132.52,131.13,129.74,1
ICICIB22.BO,9/13/2024,116.08,53.00,0.00,,53.00,,,,1
ICEMAKE.NS,9/27/2024,717.60,6.00,0.00,29.00,6.00,804.68,772.40,740.12,1
IBULHSGFIN.NS,9/25/2024,171.53,10.00,0.00,24.00,10.00,175.55,168.55,161.54,1
ICICIGI.NS,9/27/2024,2238.15,8.00,0.00,15.00,8.00,2470.24,2453.34,2436.44,1
HUHTAMAKI.NS,9/27/2024,389.15,6.00,0.00,29.00,6.00,422.77,419.29,415.81,1
ICICIBANK.NS,9/27/2024,1306.60,31.00,0.00,49.00,31.00,1342.74,1312.34,1281.93,1
ICICIPRULI.NS,9/27/2024,789.50,80.00,0.00,95.00,80.00,839.66,800.64,761.61,1
ICRA.NS,9/27/2024,7078.35,38.00,0.00,50.00,38.00,7534.95,7138.23,6741.51,1
IDFC.NS,9/27/2024,111.90,38.00,0.00,68.00,38.00,0.00,0.00,0.00,1
IDFCFIRSTB.NS,9/27/2024,74.19,31.00,0.00,68.00,31.00,0.00,0.00,0.00,1
IDFSENSEXE.BO,9/26/2024,916.10,30.00,0.00,56.00,30.00,919.70,905.37,891.04,1
IDM.BO,9/26/2024,34.56,20.00,0.00,23.00,20.00,42.45,41.51,40.58,1
IFINSEC.BO,9/27/2024,145.00,12.00,0.00,18.00,12.00,151.72,146.29,140.85,1
IGL.NS,9/27/2024,549.50,10.00,0.00,16.00,10.00,0.00,0.00,0.00,1
IIFLSEC.NS,9/27/2024,341.00,12.00,0.00,16.00,12.00,346.86,334.38,321.90,1
IISL.BO,9/27/2024,7.93,3.00,0.00,7.00,3.00,8.06,7.95,7.83,1
IITL.NS,9/27/2024,298.60,24.00,0.00,35.00,24.00,301.76,285.14,268.51,1
IITLPROJ.BO,9/27/2024,42.47,5.00,0.00,21.00,5.00,43.31,42.03,40.75,1
IL&FSENGG.NS,9/27/2024,44.01,16.00,0.00,23.00,16.00,44.62,43.52,42.42,1
IMCAP.BO,9/16/2024,1030.55,8.00,0.00,32.00,8.00,1017.58,970.77,923.95,1
IMFA.NS,9/27/2024,672.30,14.00,0.00,44.00,14.00,696.42,683.60,670.78,1
INANISEC.BO,9/27/2024,26.47,30.00,0.00,37.00,30.00,26.17,25.02,23.87,1
INCON.BO,9/27/2024,17.98,10.00,0.00,13.00,10.00,18.03,17.06,16.09,1
INDCTST.BO,9/27/2024,75.05,5.00,0.00,33.00,5.00,77.99,75.17,72.35,1
INDHOTEL.NS,9/27/2024,710.30,37.00,0.00,43.00,37.00,737.05,718.66,700.27,1
INDIACEM.NS,9/27/2024,359.20,57.00,0.00,63.00,57.00,700.34,686.63,672.92,1
INDIANACRY.BO,9/27/2024,12.86,6.00,0.00,10.00,6.00,0.00,0.00,0.00,1
INDIANB.NS,9/27/2024,539.45,6.00,0.00,41.00,6.00,551.72,539.60,527.49,1
INDIANVSH.BO,9/27/2024,13.83,11.00,0.00,23.00,11.00,0.00,0.00,0.00,1
INDIGO.NS,9/27/2024,4945.70,31.00,0.00,41.00,31.00,5638.34,5408.17,5177.99,1
INDOCITY.BO,9/27/2024,17.10,4.00,0.00,11.00,4.00,17.63,17.33,17.03,1
INDOEURO.BO,9/27/2024,16.50,15.00,0.00,19.00,15.00,16.10,15.32,14.53,1
INDOTHAI.NS,9/27/2024,752.90,29.00,0.00,36.00,29.00,844.86,791.63,738.40,1
INDRAIND.BO,9/27/2024,10.29,18.00,0.00,37.00,18.00,10.70,10.35,10.00,1
INDSUCR.BO,9/27/2024,125.50,14.00,0.00,20.00,14.00,127.12,120.96,114.81,1
INDXTRA.BO,9/27/2024,6.33,6.00,0.00,22.00,6.00,6.44,6.29,6.14,1
INFIBEAM.NS,9/27/2024,28.18,8.00,0.00,34.00,8.00,29.39,28.99,28.59,1
INDUSINDBK.NS,9/27/2024,1462.70,31.00,0.00,70.00,31.00,1532.62,1507.36,1482.10,1
INFY.NS,9/27/2024,1906.75,35.00,0.00,43.00,35.00,2217.13,2186.78,2156.44,1
INNOCORP.BO,9/27/2024,6.55,4.00,0.00,8.00,4.00,0.00,0.00,0.00,1
INNOVTEC.BO,9/27/2024,39.25,6.00,0.00,12.00,6.00,40.63,39.51,38.38,1
INOVSYNTH.BO,9/27/2024,85.50,4.00,0.00,9.00,4.00,86.51,85.47,84.43,1
INFOMEDIA.NS,9/27/2024,8.27,5.00,0.00,8.00,5.00,8.43,8.24,8.05,1
INTEGFD.BO,9/26/2024,43.16,181.00,0.00,183.00,181.00,20.11,7.96,-4.19,1
INTELLECT.NS,9/27/2024,988.00,38.00,0.00,51.00,38.00,1048.13,1013.44,978.75,1
INTLCONV.BO,9/27/2024,102.92,30.00,0.00,44.00,30.00,104.84,95.61,86.38,1
INVPRECQ.BO,9/27/2024,984.00,4.00,0.00,17.00,4.00,1084.01,1057.78,1031.56,1
INTSTOIL.BO,9/27/2024,44.49,5.00,0.00,16.00,5.00,47.70,45.18,42.66,1
IOB.NS,9/27/2024,58.36,14.00,0.00,43.00,14.00,0.00,0.00,0.00,1
IRB.NS,9/27/2024,62.91,6.00,0.00,22.00,6.00,74.01,72.10,70.19,1
IPCALAB.NS,9/27/2024,1478.10,64.00,0.00,73.00,64.00,1563.99,1513.13,1462.26,1
IRIS.BO,9/27/2024,333.00,18.00,0.00,27.00,18.00,345.91,327.89,309.86,1
IRONWOOD.BO,9/27/2024,33.84,3.00,0.00,,3.00,,,,1
ISEC.NS,9/27/2024,890.35,26.00,0.00,28.00,26.00,914.93,894.81,874.69,1
IOC.NS,9/27/2024,180.01,6.00,0.00,16.00,6.00,179.89,176.16,172.43,1
ISHANCH.BO,9/27/2024,57.59,6.00,0.00,22.00,6.00,69.21,67.95,66.69,1
ISLCONSUL.BO,9/27/2024,31.63,38.00,0.00,48.00,38.00,32.63,31.56,30.49,1
ISTLTD.BO,9/27/2024,1059.50,38.00,0.00,60.00,38.00,1113.97,1056.90,999.83,1
ITDC.NS,9/27/2024,677.80,6.00,0.00,26.00,6.00,0.00,0.00,0.00,1
ITHL.BO,9/27/2024,630.85,17.00,0.00,26.00,17.00,0.00,0.00,0.00,1
ITL.BO,9/27/2024,480.10,17.00,0.00,26.00,17.00,537.60,523.63,509.67,1
IVP.NS,9/27/2024,216.18,30.00,0.00,43.00,30.00,238.43,231.51,224.59,1
ITC.NS,9/27/2024,522.70,80.00,0.00,99.00,80.00,556.74,532.15,507.57,1
JAIBALAJI.NS,9/27/2024,1102.70,10.00,0.00,13.00,10.00,1214.48,1166.88,1119.28,1
JAINCO.BO,9/23/2024,5.60,89.00,0.00,324.00,89.00,3.78,2.78,1.78,1
JAICORPLTD.NS,9/27/2024,378.30,6.00,0.00,21.00,6.00,462.20,443.48,424.76,1
JAINSTUDIO.BO,9/26/2024,2.65,537.00,0.00,545.00,537.00,2.67,2.65,2.63,1
JASH.NS,9/27/2024,2156.10,12.00,0.00,42.00,12.00,2403.71,2332.83,2261.95,1
JAUSPOL.BO,9/27/2024,8.82,12.00,0.00,41.00,12.00,8.77,8.28,7.79,1
JAYAGROGN.NS,9/27/2024,311.85,11.00,0.00,27.00,11.00,320.55,314.22,307.90,1
JAYKAY.BO,9/27/2024,91.45,5.00,0.00,16.00,5.00,102.03,99.95,97.86,1
JAYNECOIND.NS,9/27/2024,49.41,6.00,0.00,12.00,6.00,54.38,53.37,52.35,1
JAYUSH.BO,9/27/2024,769.70,14.00,0.00,34.00,14.00,833.52,822.76,812.01,1
JAYSREETEA.NS,9/27/2024,137.47,19.00,0.00,25.00,19.00,144.21,139.56,134.91,1
JBFIND.BO,9/26/2024,4.42,274.00,0.00,379.00,274.00,5.07,4.58,4.10,1
JCHAC.NS,9/27/2024,2313.90,3.00,0.00,13.00,3.00,2363.65,2319.87,2276.09,1
JDORGOCHEM.BO,9/26/2024,18.30,5.00,0.00,12.00,5.00,19.23,19.00,18.78,1
JHS.NS,9/27/2024,29.98,4.00,0.00,7.00,4.00,35.22,34.64,34.07,1
JINDALSAW.NS,9/27/2024,745.50,31.00,0.00,34.00,31.00,769.77,738.10,706.43,1
JINDALSTEL.NS,9/27/2024,1028.05,33.00,0.00,40.00,33.00,1078.29,1032.54,986.79,1
JKPAPER.NS,9/27/2024,450.00,14.00,0.00,29.00,14.00,0.00,0.00,0.00,1
JKCEMENT.NS,9/27/2024,4636.25,31.00,0.00,41.00,31.00,5178.56,5057.26,4935.96,1
JMFINANCIL.NS,9/27/2024,142.89,6.00,0.00,9.00,6.00,151.88,146.00,140.12,1
JPINFRATEC.BO,9/26/2024,1.27,385.00,0.00,403.00,385.00,1.29,1.27,1.26,1
JPPOWER.NS,9/27/2024,17.57,6.00,0.00,26.00,6.00,19.31,19.00,18.69,1
JPTSEC.BO,9/26/2024,11.15,43.00,0.00,52.00,43.00,12.33,11.99,11.64,1
JSLHISAR.BO,3/29/2023,560.75,42.00,0.00,45.00,42.00,608.93,575.64,542.35,1
JSL.NS,9/27/2024,779.45,16.00,0.00,20.00,16.00,810.85,791.92,772.98,1
JSWISPL.BO,8/9/2023,38.97,18.00,0.00,23.00,18.00,40.83,39.11,37.39,1
JSWHL.NS,9/27/2024,8824.60,31.00,0.00,61.00,31.00,9245.02,8683.50,8121.98,1
JSWSTEEL.NS,9/27/2024,1001.55,38.00,0.00,40.00,38.00,1014.05,986.49,958.93,1
JUBLINGREA.NS,9/27/2024,743.60,21.00,0.00,26.00,21.00,831.50,792.29,753.08,1
JTEKTINDIA.NS,9/27/2024,174.11,6.00,0.00,41.00,6.00,195.76,191.06,186.36,1
JUNIORBEES.BO,9/27/2024,825.05,226.00,0.00,256.00,226.00,876.87,843.57,810.27,1
JUBLPHARMA.NS,9/27/2024,1169.70,80.00,0.00,92.00,80.00,1169.86,1046.88,923.90,1
JYOTI.BO,9/27/2024,91.66,13.00,0.00,22.00,13.00,102.27,98.25,94.22,1
JYOTIRES.BO,9/27/2024,1543.15,6.00,0.00,24.00,6.00,1858.23,1808.12,1758.00,1
JUBLFOOD.NS,9/27/2024,688.25,111.00,0.00,120.00,111.00,723.93,700.24,676.55,1
KAJARIR.BO,9/27/2024,49.75,5.00,0.00,22.00,5.00,55.69,53.66,51.63,1
KAJARIACER.NS,9/27/2024,1475.45,24.00,0.00,42.00,24.00,1589.86,1550.39,1510.92,1
KAKATCEM.NS,9/27/2024,223.76,12.00,0.00,55.00,12.00,0.00,0.00,0.00,1
KAMADGIRI.BO,9/27/2024,87.50,13.00,0.00,14.00,13.00,92.66,89.03,85.40,1
KANCOTEA.BO,9/27/2024,84.00,4.00,0.00,8.00,4.00,96.12,95.12,94.13,1
KANELIND.BO,9/27/2024,1.62,23.00,0.00,27.00,23.00,1.63,1.57,1.50,1
KANSHST.BO,9/27/2024,36.01,11.00,0.00,20.00,11.00,35.97,34.18,32.40,1
KANSAINER.NS,9/27/2024,309.35,31.00,0.00,41.00,31.00,329.91,322.66,315.42,1
KANUNGO.BO,9/27/2024,10.42,13.00,0.00,18.00,13.00,10.74,9.48,8.21,1
KAPILRAJ.BO,9/27/2024,60.00,35.00,0.00,45.00,35.00,61.14,53.07,44.99,1
KATRSPG.BO,9/27/2024,222.00,22.00,0.00,77.00,22.00,324.81,196.99,69.17,1
KAYCEEI.BO,9/27/2024,4097.95,65.00,0.00,66.00,65.00,4030.27,3739.96,3449.65,1
KAUSHALYA.NS,9/27/2024,930.00,7.00,0.00,14.00,7.00,967.35,951.31,935.26,1
KCP.NS,9/27/2024,250.33,21.00,0.00,25.00,21.00,268.21,256.22,244.23,1
KEERTHI.BO,9/27/2024,111.20,5.00,0.00,11.00,5.00,0.00,0.00,0.00,1
KECL.NS,9/27/2024,193.97,6.00,0.00,11.00,6.00,211.73,208.99,206.26,1
KEC.NS,9/27/2024,1025.10,5.00,0.00,15.00,5.00,1074.24,1052.82,1031.40,1
KEL.BO,9/26/2024,29.20,10.00,0.00,19.00,10.00,30.72,30.29,29.86,1
KEMP.BO,9/26/2024,1200.00,17.00,0.00,25.00,17.00,1276.30,1236.13,1195.97,1
KESORAMIND.NS,9/27/2024,225.80,31.00,0.00,43.00,31.00,229.09,224.85,220.61,1
KENNAMET.BO,9/27/2024,3072.00,6.00,0.00,10.00,6.00,0.00,0.00,0.00,1
KGDENIM.BO,9/27/2024,26.77,30.00,0.00,43.00,30.00,0.00,0.00,0.00,1
KHADIM.NS,9/27/2024,376.45,18.00,0.00,39.00,18.00,390.57,375.36,360.16,1
KGPETRO.BO,9/27/2024,225.00,17.00,0.00,19.00,17.00,222.84,215.29,207.74,1
KICL.NS,9/27/2024,6578.25,31.00,0.00,60.00,31.00,6848.08,6540.60,6233.12,1
KIFS.BO,9/27/2024,180.00,10.00,0.00,13.00,10.00,187.63,179.48,171.33,1
KIMS.BO,9/27/2024,546.00,80.00,0.00,99.00,80.00,580.78,541.66,502.55,1
KINETRU.BO,9/26/2024,18.13,213.00,0.00,231.00,213.00,19.81,18.72,17.64,1
KIRANVYPAR.BO,9/27/2024,226.50,14.00,0.00,22.00,14.00,231.32,217.56,203.80,1
KIRLOSBROS.NS,9/27/2024,1749.25,8.00,0.00,40.00,8.00,1779.94,1737.34,1694.73,1
KIRLPNU.BO,9/27/2024,1350.10,5.00,0.00,8.00,5.00,1361.41,1336.56,1311.72,1
KJMCCORP.BO,9/27/2024,82.00,6.00,0.00,8.00,6.00,96.31,91.38,86.44,1
KJMCFIN.BO,9/27/2024,105.90,6.00,0.00,9.00,6.00,129.79,121.41,113.02,1
KKALPANAIND.BO,9/27/2024,21.81,9.00,0.00,12.00,9.00,25.94,25.42,24.90,1
KKFIN.BO,8/19/2024,57.63,26.00,0.00,44.00,26.00,69.37,66.60,63.82,1
KKCL.NS,9/27/2024,671.25,16.00,0.00,61.00,16.00,697.18,688.26,679.35,1
KLGCAP.BO,9/26/2024,17.67,209.00,0.00,260.00,209.00,17.54,16.39,15.25,1
KMFBLDR.BO,9/27/2024,9.99,14.00,0.00,17.00,14.00,10.68,9.39,8.11,1
KMSUGAR.NS,9/27/2024,41.06,12.00,0.00,20.00,12.00,43.10,41.61,40.13,1
KNRCON.NS,9/27/2024,336.60,5.00,0.00,10.00,5.00,372.86,369.13,365.39,1
KOPRAN.NS,9/27/2024,333.90,5.00,0.00,14.00,5.00,380.49,368.07,355.64,1
KOTAKBANK.NS,9/27/2024,1872.45,31.00,0.00,56.00,31.00,1927.80,1866.57,1805.35,1
KOVAI.BO,9/27/2024,5499.00,48.00,0.00,59.00,48.00,7268.56,6915.88,6563.21,1
KOTHARIPET.NS,9/27/2024,229.38,5.00,0.00,15.00,5.00,258.64,253.28,247.92,1
KPIL.NS,9/27/2024,1407.55,3.00,0.00,15.00,3.00,1424.92,1385.56,1346.20,1
KPEL.BO,9/27/2024,459.75,12.00,0.00,23.00,12.00,471.88,447.39,422.90,1
KPRMILL.NS,9/27/2024,972.60,17.00,0.00,36.00,17.00,1045.54,987.59,929.64,1
KRIFILIND.BO,9/27/2024,6.06,3.00,0.00,,3.00,,,,1
KRYPTONQ.BO,9/27/2024,60.00,13.00,0.00,19.00,13.00,70.66,69.81,68.96,1
KSL.NS,9/27/2024,860.15,17.00,0.00,23.00,17.00,923.25,897.98,872.71,1
KUNSTOFF.BO,9/27/2024,31.00,8.00,0.00,32.00,8.00,0.00,0.00,0.00,1
KTKBANK.NS,9/27/2024,235.23,15.00,0.00,19.00,15.00,248.42,243.89,239.36,1
KUWERIN.BO,9/27/2024,21.13,20.00,0.00,23.00,20.00,22.08,20.90,19.72,1
LADDERUP.BO,9/27/2024,47.82,10.00,0.00,19.00,10.00,50.92,48.77,46.62,1
LAFFANSQ.BO,9/27/2024,46.20,30.00,0.00,34.00,30.00,47.46,44.58,41.71,1
LAHOTIOV.BO,9/27/2024,45.90,10.00,0.00,27.00,10.00,56.76,56.06,55.35,1
LAKHOTIA.BO,9/27/2024,31.59,5.00,0.00,30.00,5.00,31.86,31.48,31.10,1
LANCORHOL.BO,9/27/2024,43.01,5.00,0.00,9.00,5.00,48.55,47.64,46.73,1
LASA.NS,9/27/2024,28.63,5.00,0.00,16.00,5.00,31.93,31.05,30.18,1
LATIMMETAL.BO,9/27/2024,18.85,5.00,0.00,17.00,5.00,19.30,18.83,18.35,1
LATTEYS.NS,9/27/2024,35.50,14.00,0.00,22.00,14.00,36.04,34.20,32.36,1
LEADFIN.BO,9/27/2024,25.00,16.00,0.00,19.00,16.00,27.01,25.92,24.82,1
LAXMIMACH.NS,9/27/2024,17916.85,5.00,0.00,12.00,5.00,18165.50,17327.04,16488.57,1
LFIC.NS,9/27/2024,260.45,8.00,0.00,15.00,8.00,260.38,251.03,241.68,1
LGBFORGE.NS,8/5/2024,11.92,9.00,0.00,30.00,9.00,0.00,0.00,0.00,1
LGHL.NS,9/27/2024,320.10,12.00,0.00,24.00,12.00,330.05,310.82,291.58,1
LICNETFN50.BO,9/27/2024,286.00,31.00,0.00,41.00,31.00,289.01,282.41,275.81,1
LICNETFSEN.BO,9/26/2024,942.82,225.00,0.00,290.00,225.00,947.51,916.24,884.97,1
LICNFNHGP.BO,9/27/2024,288.21,125.00,0.00,134.00,125.00,296.39,288.28,280.17,1
LINC.NS,9/27/2024,728.15,11.00,0.00,18.00,11.00,790.62,754.24,717.87,1
LIPPISYS.BO,9/27/2024,20.99,6.00,0.00,9.00,6.00,23.06,21.78,20.51,1
LINDEINDIA.NS,9/27/2024,8423.25,30.00,0.00,57.00,30.00,8956.88,8471.08,7985.27,1
LKPSEC.BO,9/27/2024,24.30,11.00,0.00,19.00,11.00,25.27,23.93,22.59,1
LLOYDSME.NS,9/27/2024,942.85,12.00,0.00,23.00,12.00,947.70,926.03,904.36,1
LLFICL.BO,9/27/2024,7.06,34.00,0.00,37.00,34.00,7.05,6.87,6.69,1
LIBERTSHOE.NS,9/27/2024,512.10,10.00,0.00,39.00,10.00,555.61,536.06,516.51,1
LONTE.BO,9/27/2024,49.00,4.00,0.00,20.00,4.00,49.21,48.38,47.55,1
LOOKS.BO,9/27/2024,5.05,7.00,0.00,10.00,7.00,5.50,5.37,5.25,1
LOTUSCHO.BO,9/27/2024,1606.80,8.00,0.00,16.00,8.00,1614.30,1536.98,1459.66,1
LOTUSEYE.NS,9/27/2024,79.50,6.00,0.00,28.00,6.00,81.43,80.09,78.74,1
LPDC.NS,9/27/2024,10.58,5.00,0.00,9.00,5.00,10.57,10.41,10.24,1
LT.NS,9/27/2024,3705.65,38.00,0.00,41.00,38.00,0.00,0.00,0.00,1
LUDLOWJUT.BO,9/27/2024,162.35,14.00,0.00,24.00,14.00,177.88,173.71,169.54,1
LUMAXTECH.NS,9/27/2024,572.55,11.00,0.00,36.00,11.00,650.41,622.19,593.98,1
LWSKNIT.BO,9/27/2024,47.43,10.00,0.00,15.00,10.00,48.47,46.14,43.81,1
M&MFIN.NS,9/27/2024,333.50,31.00,0.00,41.00,31.00,456.75,356.21,255.66,1
M&M.NS,9/27/2024,3183.65,12.00,0.00,30.00,12.00,3266.20,3185.92,3105.65,1
MAANALU.NS,9/27/2024,142.82,14.00,0.00,20.00,14.00,150.18,143.98,137.79,1
MACPOWER.NS,9/27/2024,1342.65,5.00,0.00,32.00,5.00,1431.36,1414.06,1396.75,1
MADHUCON.NS,9/27/2024,13.11,8.00,0.00,16.00,8.00,13.71,13.36,13.01,1
MAGNAELQ.BO,9/27/2024,811.90,8.00,0.00,24.00,8.00,848.42,839.72,831.01,1
MAGADSUGAR.NS,9/27/2024,940.90,6.00,0.00,20.00,6.00,1014.65,951.26,887.87,1
MAHABANK.NS,9/27/2024,59.83,5.00,0.00,43.00,5.00,69.65,67.08,64.51,1
MAHLOG.NS,9/27/2024,498.30,14.00,0.00,25.00,14.00,527.21,510.06,492.92,1
MAHSCOOTER.NS,9/27/2024,12145.30,38.00,0.00,51.00,38.00,12797.15,11935.12,11073.09,1
MAITHANALL.NS,9/27/2024,1164.15,11.00,0.00,21.00,11.00,1293.28,1262.48,1231.68,1
MAITRI.BO,9/26/2024,48.90,20.00,0.00,24.00,20.00,54.61,51.80,48.99,1
MAJESAUT.BO,9/27/2024,416.50,6.00,0.00,10.00,6.00,457.33,450.64,443.95,1
MAL.BO,9/26/2024,3.05,12.00,0.00,15.00,12.00,3.32,3.21,3.11,1
MANAKALUCO.NS,9/27/2024,31.47,10.00,0.00,24.00,10.00,37.08,36.95,36.83,1
MAHLIFE.NS,9/27/2024,542.65,7.00,0.00,24.00,7.00,587.00,575.74,564.47,1
MANAKSTEEL.NS,9/27/2024,66.69,14.00,0.00,22.00,14.00,90.83,85.07,79.31,1
MANINFRA.NS,9/27/2024,198.64,6.00,0.00,25.00,6.00,200.60,197.77,194.94,1
MANORAMA.BO,9/27/2024,838.60,6.00,0.00,25.00,6.00,856.36,835.41,814.45,1
MANSIFIN.BO,9/27/2024,95.31,11.00,0.00,21.00,11.00,99.05,79.56,60.06,1
MARATHON.NS,9/27/2024,688.05,35.00,0.00,45.00,35.00,721.05,678.30,635.55,1
MARICO.NS,9/27/2024,692.45,17.00,0.00,24.00,17.00,746.07,731.73,717.38,1
MARKSANS.NS,9/27/2024,305.56,6.00,0.00,8.00,6.00,420.38,402.69,385.01,1
MARSONS.BO,9/27/2024,280.90,6.00,0.00,7.00,6.00,287.48,279.28,271.09,1
MASFIN.NS,9/27/2024,287.75,35.00,0.00,69.00,35.00,304.64,296.26,287.88,1
MARUTI.NS,9/27/2024,13495.60,14.00,0.00,40.00,14.00,13504.13,13096.34,12688.54,1
MARUTISE.BO,9/26/2024,9.92,9.00,0.00,52.00,9.00,10.27,10.01,9.75,1
MATHEWE.BO,9/27/2024,11.76,5.00,0.00,9.00,5.00,12.20,11.83,11.47,1
MAWANASUG.NS,9/27/2024,124.18,11.00,0.00,20.00,11.00,126.98,123.42,119.87,1
MAXIND.NS,9/27/2024,255.40,5.00,0.00,32.00,5.00,274.48,270.22,265.96,1
MAXVIL.BO,8/10/2023,215.65,7.00,0.00,14.00,7.00,216.91,212.75,208.58,1
MAYUKH.BO,9/27/2024,8.85,15.00,0.00,22.00,15.00,9.03,8.80,8.57,1
MAZDOCK.NS,9/27/2024,4195.80,6.00,0.00,17.00,6.00,4973.28,4896.88,4820.49,1
MCCHRLS-B.BO,9/27/2024,594.20,15.00,0.00,39.00,15.00,682.67,668.30,653.93,1
MBECL.NS,9/27/2024,5.36,3.00,0.00,23.00,3.00,5.52,5.35,5.18,1
MCDOWELL-N.NS,8/7/2024,1462.80,35.00,0.00,39.00,35.00,1482.60,1418.83,1355.07,1
MCX.BO,9/27/2024,5715.00,47.00,0.00,49.00,47.00,6175.84,5953.01,5730.18,1
MCX.NS,9/13/2024,5308.80,38.00,0.00,40.00,38.00,5722.87,5506.49,5290.12,1
MEDICAMEQ.BO,9/27/2024,580.00,3.00,0.00,11.00,3.00,600.99,583.62,566.25,1
MEDICAPQ.BO,9/27/2024,50.95,17.00,0.00,22.00,17.00,0.00,0.00,0.00,1
MEDICO.BO,9/27/2024,50.92,36.00,0.00,65.00,36.00,53.18,50.11,47.04,1
MEERA.BO,9/27/2024,108.24,8.00,0.00,18.00,8.00,117.88,100.02,82.16,1
MEGACOR.BO,9/27/2024,4.11,12.00,0.00,16.00,12.00,4.16,4.00,3.83,1
MEGASTAR.BO,9/27/2024,278.55,3.00,0.00,18.00,3.00,372.25,372.25,372.25,1
MEHAI.BO,9/27/2024,90.85,65.00,0.00,73.00,65.00,89.84,82.99,76.14,1
MEHIF.BO,9/27/2024,38.50,22.00,0.00,46.00,22.00,45.93,44.66,43.38,1
MENNPIS.BO,9/27/2024,84.80,14.00,0.00,44.00,14.00,93.40,90.69,87.99,1
MENONBE.NS,9/27/2024,131.54,8.00,0.00,42.00,8.00,146.61,139.47,132.33,1
METALCO.BO,9/27/2024,89.80,13.00,0.00,17.00,13.00,90.88,89.26,87.63,1
METROPOLIS.NS,9/27/2024,2183.20,31.00,0.00,41.00,31.00,2251.36,2196.38,2141.39,1
METSL.BO,9/27/2024,140.10,14.00,0.00,34.00,14.00,142.23,137.54,132.85,1
MGL.NS,9/27/2024,1946.60,31.00,0.00,41.00,31.00,1990.41,1921.35,1852.28,1
MIDEASTP.BO,9/27/2024,8.40,17.00,0.00,27.00,17.00,8.95,8.76,8.57,1
MFSL.NS,9/27/2024,1182.80,29.00,0.00,44.00,29.00,1230.80,1199.33,1167.86,1
MILESTONE.BO,9/27/2024,31.49,7.00,0.00,15.00,7.00,0.00,0.00,0.00,1
MILLENNIUM.BO,9/27/2024,2.90,9.00,0.00,83.00,9.00,2.97,2.80,2.63,1
MINDACORP.NS,9/27/2024,603.25,6.00,0.00,24.00,6.00,663.91,643.16,622.41,1
MINFY.BO,9/27/2024,8.95,5.00,0.00,22.00,5.00,8.97,8.80,8.63,1
MINOLTAF.BO,9/27/2024,9.14,13.00,0.00,17.00,13.00,0.00,0.00,0.00,1
MIRZAINT.NS,9/27/2024,44.36,14.00,0.00,26.00,14.00,47.19,46.07,44.95,1
MISHKA.BO,9/27/2024,65.00,12.00,0.00,18.00,12.00,66.99,65.12,63.26,1
MITSHI.BO,9/27/2024,17.81,11.00,0.00,41.00,11.00,27.94,27.94,27.94,1
MIVENMACH.BO,9/26/2024,105.57,9.00,0.00,14.00,9.00,117.50,112.06,106.62,1
MMFL.NS,9/27/2024,583.35,14.00,0.00,25.00,14.00,659.31,644.75,630.20,1
MMP.NS,9/27/2024,385.40,11.00,0.00,27.00,11.00,420.41,402.86,385.32,1
MITTAL.NS,9/27/2024,2.22,5.00,0.00,28.00,5.00,2.24,2.16,2.08,1
MODINSU.BO,9/27/2024,146.50,9.00,0.00,14.00,9.00,178.47,175.52,172.57,1
MODINATUR.BO,9/27/2024,375.00,16.00,0.00,25.00,16.00,399.15,377.18,355.21,1
MODAIRY.BO,9/27/2024,59.29,7.00,0.00,16.00,7.00,61.78,61.64,61.49,1
MOHITIND.NS,9/27/2024,28.99,30.00,0.00,57.00,30.00,30.77,29.75,28.73,1
MOIL.NS,9/27/2024,399.75,6.00,0.00,57.00,6.00,424.98,415.82,406.66,1
MONGIPA.BO,9/27/2024,58.80,17.00,0.00,23.00,17.00,77.66,75.45,73.23,1
MOTILALOFS.NS,9/27/2024,750.65,20.00,0.00,23.00,20.00,807.81,775.26,742.71,1
MPILCORPL.BO,9/27/2024,581.00,9.00,0.00,18.00,9.00,635.46,623.68,611.91,1
MONTECARLO.NS,9/27/2024,810.20,30.00,0.00,40.00,30.00,897.80,851.64,805.47,1
MPSLTD.NS,9/27/2024,2133.80,6.00,0.00,22.00,6.00,2213.13,2171.87,2130.60,1
MRF.NS,9/27/2024,140973.91,14.00,0.00,41.00,14.00,141292.42,139050.75,136809.08,1
MUKESHB.BO,9/27/2024,140.10,5.00,0.00,14.00,5.00,150.91,146.74,142.56,1
MUKANDLTD.NS,9/27/2024,163.72,14.00,0.00,26.00,14.00,183.63,179.95,176.28,1
MUTHOOTCAP.NS,9/27/2024,388.30,11.00,0.00,16.00,11.00,411.21,386.82,362.42,1
MUNJALSHOW.NS,9/27/2024,169.74,6.00,0.00,18.00,6.00,180.68,175.12,169.56,1
MUTHOOTFIN.NS,9/27/2024,2057.75,37.00,0.00,39.00,37.00,2113.53,2058.04,2002.55,1
NAGREEKCAP.NS,9/27/2024,27.03,12.00,0.00,27.00,12.00,27.74,26.96,26.19,1
NAM-INDIA.NS,9/27/2024,657.80,6.00,0.00,27.00,6.00,726.30,712.30,698.30,1
NAM.BO,9/27/2024,173.75,6.00,0.00,15.00,6.00,178.68,174.43,170.19,1
NARBADA.BO,9/27/2024,76.00,14.00,0.00,23.00,14.00,0.00,0.00,0.00,1
NARPROP.BO,9/27/2024,44.90,15.00,0.00,18.00,15.00,0.00,0.00,0.00,1
NATGENI.BO,9/13/2024,69.09,120.00,0.00,317.00,120.00,37.13,29.70,22.27,1
NATIONALUM.NS,9/27/2024,207.04,14.00,0.00,22.00,14.00,210.03,199.66,189.29,1
NATPLY.BO,9/27/2024,6.25,32.00,0.00,51.00,32.00,6.13,5.77,5.42,1
NATFIT.BO,9/27/2024,139.05,36.00,0.00,43.00,36.00,150.45,146.66,142.86,1
NAUKRI.NS,9/27/2024,8170.75,80.00,0.00,88.00,80.00,8299.06,7995.37,7691.68,1
NBIFIN.NS,9/27/2024,2368.85,14.00,0.00,25.00,14.00,2643.06,2612.98,2582.89,1
NAVINFLUOR.NS,9/27/2024,3429.25,6.00,0.00,41.00,6.00,3499.92,3433.34,3366.76,1
NCCBLUE.BO,9/27/2024,25.94,54.00,0.00,61.00,54.00,26.61,21.80,16.99,1
NDGL.NS,9/27/2024,3895.30,36.00,0.00,43.00,36.00,3966.64,3796.31,3625.98,1
NDL.NS,9/27/2024,6.92,17.00,0.00,36.00,17.00,8.19,7.44,6.68,1
NESTLEIND.BO,9/27/2024,2741.40,40.00,0.00,54.00,40.00,2747.59,2649.04,2550.50,1
NETLINK.BO,9/27/2024,155.70,3.00,0.00,18.00,3.00,157.58,152.05,146.52,1
NEWGEN.NS,9/27/2024,1414.75,23.00,0.00,28.00,23.00,1440.11,1343.03,1245.95,1
NELCAST.NS,9/27/2024,140.12,8.00,0.00,22.00,8.00,159.39,154.73,150.07,1
NEULANDLAB.NS,9/27/2024,12790.50,47.00,0.00,50.00,47.00,15229.71,13688.92,12148.13,1
NEWLIGHT.BO,9/27/2024,66.50,7.00,0.00,9.00,7.00,67.24,66.41,65.59,1
NGIL.BO,9/27/2024,39.92,6.00,0.00,44.00,6.00,40.42,39.93,39.43,1
NIHARINF.BO,9/27/2024,6.57,4.00,0.00,14.00,4.00,7.27,7.16,7.05,1
NIFTYBEES.BO,9/27/2024,292.25,226.00,0.00,230.00,226.00,293.97,283.91,273.85,1
NIKHILAD.BO,9/27/2024,134.60,18.00,0.00,34.00,18.00,152.47,146.99,141.52,1
NILASPACES.NS,9/27/2024,11.93,9.00,0.00,15.00,9.00,12.85,12.78,12.72,1
NIMBSPROJ.BO,9/27/2024,110.26,30.00,0.00,47.00,30.00,108.64,94.57,80.50,1
NILKAMAL.NS,9/27/2024,1914.30,33.00,0.00,42.00,33.00,1965.41,1921.96,1878.50,1
NIRAVCOM.BO,9/27/2024,1018.40,27.00,0.00,31.00,27.00,1011.49,927.39,843.29,1
NITINCAST.BO,9/27/2024,688.00,9.00,0.00,25.00,9.00,701.15,685.55,669.94,1
NITCO.NS,9/27/2024,85.84,19.00,0.00,24.00,19.00,0.00,0.00,0.00,1
NITIRAJ.NS,9/27/2024,253.03,12.00,0.00,21.00,12.00,258.60,249.60,240.60,1
NLCINDIA.NS,9/27/2024,289.40,14.00,0.00,23.00,14.00,291.95,281.74,271.53,1
NOCIL.NS,9/27/2024,287.40,3.00,0.00,15.00,3.00,291.46,287.43,283.41,1
NMDC.NS,9/27/2024,235.18,14.00,0.00,23.00,14.00,239.21,228.55,217.89,1
NOGMIND.BO,9/26/2024,2.60,24.00,0.00,130.00,24.00,2.66,2.58,2.49,1
NOIDATOLL.NS,9/27/2024,16.73,16.00,0.00,24.00,16.00,16.95,16.36,15.76,1
NOUVEAU.BO,9/27/2024,0.52,3.00,0.00,160.00,3.00,0.52,0.52,0.52,1
NOVIS.BO,9/27/2024,24.60,4.00,0.00,,4.00,,,,1
NOVARTIND.BO,9/27/2024,1169.95,5.00,0.00,42.00,5.00,1210.97,1166.05,1121.14,1
NSIL.NS,9/27/2024,4863.35,5.00,0.00,8.00,5.00,5288.60,5213.43,5138.26,1
NURECA.NS,9/27/2024,365.25,18.00,0.00,24.00,18.00,417.94,389.16,360.37,1
NTPC.NS,9/27/2024,436.90,14.00,0.00,40.00,14.00,446.34,440.67,435.00,1
NUTRICIRCLE.BO,9/27/2024,251.90,5.00,0.00,44.00,5.00,260.51,248.60,236.69,1
NYSSACORP.BO,9/27/2024,16.95,18.00,0.00,25.00,18.00,18.59,15.95,13.31,1
OBEROIRLTY.NS,9/27/2024,1896.85,25.00,0.00,41.00,25.00,1963.76,1904.30,1844.84,1
ODYCORP.BO,9/27/2024,22.47,30.00,0.00,32.00,30.00,22.75,22.23,21.72,1
OILCOUNTUB.NS,9/27/2024,54.23,5.00,0.00,21.00,5.00,55.42,54.12,52.83,1
OLPCL.BO,9/27/2024,3.54,3.00,0.00,11.00,3.00,3.78,3.71,3.64,1
OIVL.BO,9/26/2024,11.32,15.00,0.00,17.00,15.00,0.00,0.00,0.00,1
OLECTRA.NS,9/27/2024,1636.30,14.00,0.00,32.00,14.00,1800.42,1753.31,1706.21,1
ONEPOINT.NS,9/27/2024,71.76,18.00,0.00,23.00,18.00,0.00,0.00,0.00,1
OPTIEMUS.NS,9/27/2024,851.20,17.00,0.00,22.00,17.00,863.83,800.12,736.41,1
ORGCOAT.BO,9/27/2024,17.70,11.00,0.00,18.00,11.00,20.17,19.37,18.57,1
ORIENTHOT.NS,9/27/2024,181.89,9.00,0.00,12.00,9.00,184.40,177.80,171.19,1
ORIENTLTD.NS,9/27/2024,109.02,4.00,0.00,9.00,4.00,110.78,109.78,108.79,1
ORIENTPPR.NS,9/27/2024,48.09,15.00,0.00,60.00,15.00,49.96,48.57,47.18,1
OSIAJEE.BO,9/27/2024,48.00,8.00,0.00,12.00,8.00,49.40,48.08,46.76,1
OSWALAGRO.NS,9/27/2024,92.00,11.00,0.00,13.00,11.00,99.11,95.13,91.14,1
OSWAYRN.BO,9/27/2024,47.66,44.00,0.00,58.00,44.00,47.64,46.44,45.23,1
PADMALAYAT.BO,9/27/2024,4.32,22.00,0.00,34.00,22.00,4.34,3.93,3.51,1
PADAMCO.BO,9/27/2024,109.62,29.00,0.00,33.00,29.00,110.02,108.15,106.27,1
PAEL.BO,9/26/2024,5.15,9.00,0.00,24.00,9.00,5.29,5.19,5.09,1
PAGEIND.NS,9/27/2024,42034.05,34.00,0.00,41.00,34.00,43879.01,42453.70,41028.40,1
PALCO.BO,9/13/2024,135.35,161.00,0.00,548.00,161.00,40.24,22.59,4.93,1
PANACHE.NS,9/27/2024,174.53,12.00,0.00,23.00,12.00,176.77,171.03,165.28,1
PANCARBON.BO,9/27/2024,714.00,37.00,0.00,40.00,37.00,798.93,747.37,695.80,1
PANINDIAC.BO,9/27/2024,2.97,10.00,0.00,16.00,10.00,2.97,2.85,2.73,1
PANELEC.BO,9/27/2024,95.80,29.00,0.00,39.00,29.00,99.21,95.75,92.29,1
PANSARI.NS,9/27/2024,134.77,6.00,0.00,18.00,6.00,153.95,151.61,149.27,1
PARAGMILK.NS,9/27/2024,191.75,6.00,0.00,26.00,6.00,190.99,186.36,181.73,1
PARMAX.BO,9/27/2024,49.08,17.00,0.00,21.00,17.00,53.34,50.92,48.50,1
PARSHWANA.BO,9/27/2024,113.65,5.00,0.00,28.00,5.00,116.80,113.24,109.69,1
PARSVNATH.NS,9/27/2024,18.15,4.00,0.00,16.00,4.00,18.25,18.15,18.04,1
PASUSPG.BO,9/26/2024,33.00,9.00,0.00,14.00,9.00,107.34,87.72,68.11,1
PAVNAIND.NS,9/27/2024,502.10,6.00,0.00,19.00,6.00,645.34,603.88,562.42,1
PATIDAR.BO,9/27/2024,10.14,23.00,0.00,46.00,23.00,11.03,10.51,10.00,1
PCJEWELLER.NS,9/27/2024,169.69,5.00,0.00,8.00,5.00,171.04,167.98,164.92,1
PATINTLOG.NS,9/27/2024,23.75,3.00,0.00,7.00,3.00,29.86,29.86,29.86,1
PCBL.NS,9/27/2024,572.05,14.00,0.00,17.00,14.00,565.89,551.64,537.39,1
PEETISEC.BO,9/27/2024,24.80,8.00,0.00,20.00,8.00,28.06,27.25,26.44,1
PERMAGN.BO,9/27/2024,989.90,13.00,0.00,68.00,13.00,1048.69,1025.49,1002.29,1
PERSISTENT.NS,9/27/2024,5437.00,38.00,0.00,41.00,38.00,5667.39,5505.57,5343.76,1
PFOCUS.NS,9/27/2024,146.50,6.00,0.00,9.00,6.00,146.23,143.52,140.80,1
PGEL.NS,9/27/2024,664.20,21.00,0.00,25.00,21.00,721.74,674.55,627.35,1
PGHL.NS,9/27/2024,5527.35,6.00,0.00,28.00,6.00,5538.33,5437.61,5336.90,1
PHCAP.BO,9/27/2024,207.00,6.00,0.00,11.00,6.00,219.87,215.20,210.54,1
PHOENIXLTD.NS,9/27/2024,1858.55,10.00,0.00,20.00,10.00,1913.54,1850.20,1786.87,1
PHOENIXTN.BO,9/27/2024,248.85,41.00,0.00,56.00,41.00,248.91,238.08,227.26,1
PHOENXINTL.BO,9/27/2024,72.62,10.00,0.00,13.00,10.00,82.12,80.15,78.19,1
PHOTON.BO,9/26/2024,92.07,4.00,0.00,5.00,4.00,96.22,93.29,90.36,1
PIGL.NS,9/27/2024,171.66,3.00,0.00,15.00,3.00,173.82,171.36,168.89,1
PIFL.BO,9/26/2024,20.02,53.00,0.00,57.00,53.00,21.98,20.65,19.33,1
PIDILITIND.NS,9/27/2024,3363.45,31.00,0.00,35.00,31.00,3407.75,3335.04,3262.32,1
PILANIINVS.NS,9/27/2024,5538.25,6.00,0.00,23.00,6.00,5883.17,5826.28,5769.39,1
PIIND.NS,9/27/2024,4652.95,99.00,0.00,117.00,99.00,4987.79,4760.80,4533.81,1
PILITA.NS,9/27/2024,15.15,5.00,0.00,8.00,5.00,15.83,15.19,14.56,1
PIXTRANS.BO,9/27/2024,1560.25,5.00,0.00,8.00,5.00,0.00,0.00,0.00,1
PKTEA.NS,9/27/2024,458.15,49.00,0.00,63.00,49.00,450.97,434.54,418.11,1
POEL.BO,9/27/2024,798.70,6.00,0.00,15.00,6.00,861.86,849.65,837.44,1
POKARNA.NS,9/27/2024,1037.05,49.00,0.00,60.00,49.00,1179.13,1133.52,1087.91,1
POLYCAB.NS,9/27/2024,7054.80,31.00,0.00,40.00,31.00,6948.37,6720.81,6493.25,1
POLYMAC.BO,9/13/2024,22.20,5.00,0.00,,5.00,,,,1
POLOHOT.BO,9/23/2024,9.50,8.00,0.00,21.00,8.00,14.12,9.37,4.62,1
PONNIERODE.NS,9/27/2024,497.50,6.00,0.00,20.00,6.00,504.87,496.21,487.54,1
POWERINDIA.NS,9/27/2024,13647.70,14.00,0.00,27.00,14.00,14215.00,13549.20,12883.40,1
POONAWALLA.NS,9/27/2024,395.80,14.00,0.00,22.00,14.00,418.24,409.59,400.93,1
POWERGRID.NS,9/27/2024,354.25,14.00,0.00,40.00,14.00,368.86,357.41,345.96,1
POWERMECH.NS,9/27/2024,6700.10,14.00,0.00,24.00,14.00,6938.33,6730.27,6522.21,1
PRAJIND.NS,9/27/2024,801.55,11.00,0.00,20.00,11.00,797.94,775.11,752.28,1
PRAXIS.NS,9/27/2024,26.03,24.00,0.00,19.00,24.00,27.78,26.40,25.02,1
PRECWIRE.NS,9/27/2024,201.14,4.00,0.00,9.00,4.00,234.71,230.00,225.29,1
PRINCEPIPE.NS,9/27/2024,559.85,14.00,0.00,60.00,14.00,600.19,587.32,574.45,1
PRIMIND.BO,9/27/2024,184.80,3.00,0.00,25.00,3.00,190.82,186.45,182.07,1
PRITHVIEXCH.BO,9/27/2024,450.50,23.00,0.00,28.00,23.00,0.00,0.00,0.00,1
PRIVISCL.NS,9/27/2024,1459.75,18.00,0.00,25.00,18.00,0.00,0.00,0.00,1
PRIYALT.BO,9/27/2024,18.88,10.00,0.00,13.00,10.00,20.04,19.36,18.67,1
PROFINC.BO,9/27/2024,1.85,27.00,0.00,62.00,27.00,2.34,1.99,1.65,1
PRESTIGE.NS,9/27/2024,1868.50,25.00,0.00,29.00,25.00,1999.55,1951.76,1903.97,1
PRSMJOHNSN.NS,9/27/2024,206.21,6.00,0.00,12.00,6.00,280.88,274.75,268.63,1
PURPLE.BO,9/27/2024,5.25,27.00,0.00,30.00,27.00,5.48,5.25,5.02,1
PVRINOX.NS,9/27/2024,1684.70,37.00,0.00,42.00,37.00,1766.18,1708.78,1651.39,1
PVVINFRA.BO,9/27/2024,7.49,3.00,0.00,25.00,3.00,7.54,7.49,7.44,1
QNIFTY.BO,9/27/2024,2828.48,226.00,0.00,250.00,226.00,2843.69,2746.39,2649.10,1
RADHIKAJWE.BO,9/27/2024,142.80,5.00,0.00,9.00,5.00,144.96,140.53,136.10,1
RADAAN.NS,9/27/2024,3.93,15.00,0.00,54.00,15.00,3.95,3.81,3.68,1
RADIXIND.BO,9/27/2024,172.05,15.00,0.00,40.00,15.00,181.48,177.18,172.88,1
RAGHUNAT.BO,9/27/2024,12.81,17.00,0.00,22.00,17.00,0.00,0.00,0.00,1
RAJABAH.BO,9/27/2024,7622.25,5.00,0.00,26.00,5.00,7626.48,7617.61,7608.75,1
RAINBOWF.BO,9/27/2024,23.98,5.00,0.00,12.00,5.00,24.57,24.05,23.53,1
RAJINFRA.BO,9/27/2024,7.19,18.00,0.00,52.00,18.00,8.40,8.07,7.74,1
RAJKSYN.BO,9/27/2024,49.39,9.00,0.00,11.00,9.00,49.61,47.40,45.19,1
RAJOOENG.BO,9/27/2024,409.55,4.00,0.00,9.00,4.00,413.19,405.50,397.81,1
RALEGRA.BO,9/27/2024,43.44,17.00,0.00,21.00,17.00,50.22,48.23,46.24,1
RAJSREESUG.NS,9/27/2024,75.55,11.00,0.00,20.00,11.00,76.54,74.65,72.75,1
RAMAPHO.BO,9/27/2024,208.15,11.00,0.00,18.00,11.00,219.44,216.17,212.90,1
RAMAPPR-B.BO,9/27/2024,16.96,19.00,0.00,24.00,19.00,18.37,17.45,16.53,1
RAMASIGNS.BO,9/27/2024,2.65,3.00,0.00,9.00,3.00,2.70,2.67,2.63,1
RAMAVISION.BO,9/27/2024,114.00,5.00,0.00,13.00,5.00,123.95,120.51,117.08,1
RAMAPETRO.BO,9/26/2024,9.03,33.00,0.00,57.00,33.00,9.20,9.05,8.91,1
RAMCOCEM.NS,9/27/2024,863.35,31.00,0.00,41.00,31.00,875.69,859.09,842.48,1
RAMCOIND.NS,9/27/2024,250.06,11.00,0.00,16.00,11.00,254.58,247.49,240.39,1
RAMRAT.BO,9/27/2024,651.70,11.00,0.00,16.00,11.00,689.18,677.92,666.66,1
RAP.BO,9/27/2024,40.68,4.00,0.00,18.00,4.00,41.60,40.99,40.38,1
RASIELEC.BO,9/27/2024,41.05,6.00,0.00,13.00,6.00,41.40,39.57,37.75,1
RASRESOR.BO,9/27/2024,56.00,18.00,0.00,26.00,18.00,57.07,56.00,54.93,1
RASSIREF.BO,9/23/2024,28.05,12.00,0.00,33.00,12.00,29.60,18.05,6.50,1
RAUNAQEPC.BO,9/26/2024,48.28,19.00,0.00,29.00,19.00,56.29,54.07,51.86,1
RBA.NS,9/27/2024,111.48,8.00,0.00,22.00,8.00,117.50,115.40,113.29,1
RCIIND.BO,9/26/2024,7.30,28.00,0.00,49.00,28.00,8.05,7.57,7.09,1
RDBRIL.BO,9/27/2024,377.35,5.00,0.00,15.00,5.00,408.67,406.73,404.79,1
REFEX.NS,9/27/2024,573.75,5.00,0.00,8.00,5.00,581.60,562.43,543.26,1
REGENCY.BO,9/27/2024,22.85,20.00,0.00,22.00,20.00,23.80,20.30,16.80,1
REGTRUS.BO,9/27/2024,4.36,44.00,0.00,58.00,44.00,4.44,4.28,4.11,1
RELAXO.NS,9/27/2024,805.05,30.00,0.00,42.00,30.00,0.00,0.00,0.00,1
RELIABVEN.BO,9/27/2024,23.32,62.00,0.00,75.00,62.00,25.06,24.22,23.39,1
RELICAB.BO,9/27/2024,148.90,122.00,0.00,132.00,122.00,164.80,152.33,139.87,1
RELICTEC.BO,9/27/2024,14.50,13.00,0.00,24.00,13.00,15.98,15.26,14.54,1
RELINFRA.NS,9/27/2024,322.95,18.00,0.00,27.00,18.00,384.70,336.93,289.15,1
RENUKA.NS,9/27/2024,53.05,14.00,0.00,20.00,14.00,51.27,49.41,47.54,1
REMSONSIND.NS,9/27/2024,225.46,19.00,0.00,59.00,19.00,223.49,214.40,205.31,1
RESPONSINF.BO,9/27/2024,73.50,6.00,0.00,9.00,6.00,77.09,73.32,69.54,1
RESTILE.BO,9/27/2024,9.20,5.00,0.00,7.00,5.00,10.62,10.30,9.99,1
RHFL.NS,9/27/2024,5.56,11.00,0.00,13.00,11.00,5.66,5.40,5.13,1
RICHAIND.BO,9/27/2024,2.04,5.00,0.00,14.00,5.00,2.31,2.27,2.23,1
RISHILASE.BO,9/27/2024,165.85,9.00,0.00,20.00,9.00,183.02,176.85,170.67,1
RISHIROOP.BO,9/27/2024,199.90,5.00,0.00,7.00,5.00,209.49,206.67,203.85,1
RITES.NS,9/27/2024,358.55,7.00,0.00,9.00,7.00,462.06,450.91,439.76,1
RISHITECH.BO,9/27/2024,59.10,37.00,0.00,50.00,37.00,0.00,0.00,0.00,1
RITESHIN.BO,9/27/2024,29.99,7.00,0.00,33.00,7.00,29.93,28.38,26.82,1
RLF.BO,9/27/2024,11.65,14.00,0.00,17.00,14.00,13.23,12.60,11.97,1
RIIL.NS,9/27/2024,1272.35,6.00,0.00,26.00,6.00,1669.03,1578.05,1487.07,1
RLFL.BO,9/27/2024,2.54,14.00,0.00,18.00,14.00,2.55,2.46,2.38,1
RMCL.NS,9/26/2024,200.00,199.00,0.00,210.00,199.00,209.75,201.72,193.68,1
RNBDENIMS.BO,9/27/2024,75.00,30.00,0.00,34.00,30.00,76.16,74.98,73.80,1
ROHLTD.NS,9/27/2024,359.85,31.00,0.00,43.00,31.00,408.08,393.98,379.88,1
RKFORGE.NS,9/27/2024,1018.70,44.00,0.00,58.00,44.00,1066.91,1030.38,993.85,1
ROSSARI.NS,9/27/2024,915.10,14.00,0.00,24.00,14.00,970.62,951.29,931.97,1
RPOWER.NS,9/27/2024,46.35,11.00,0.00,26.00,11.00,47.18,45.04,42.89,1
RPGLIFE.NS,9/27/2024,2290.30,6.00,0.00,13.00,6.00,2328.14,2278.62,2229.10,1
RTFL.BO,9/27/2024,68.85,5.00,0.00,18.00,5.00,70.74,68.94,67.14,1
RTNPOWER.NS,9/27/2024,14.66,5.00,0.00,26.00,5.00,0.00,0.00,0.00,1
RUNGTAIR.BO,9/27/2024,82.15,3.00,0.00,,3.00,,,,1
RVHL.NS,9/27/2024,65.52,11.00,0.00,18.00,11.00,70.95,69.61,68.27,1
SAFFRON.BO,9/26/2024,12.21,51.00,0.00,57.00,51.00,15.51,13.58,11.65,1
SAHLIBHFI.BO,9/27/2024,830.00,5.00,0.00,22.00,5.00,877.91,863.41,848.91,1
SAICAPI.BO,9/13/2024,155.30,306.00,0.00,406.00,306.00,33.92,17.99,2.06,1
SAINIK.BO,9/27/2024,44.00,4.00,0.00,17.00,4.00,45.63,45.07,44.52,1
SAGCEM.NS,9/27/2024,233.69,33.00,0.00,41.00,33.00,0.00,0.00,0.00,1
SAIL.NS,9/27/2024,140.54,5.00,0.00,23.00,5.00,142.88,141.13,139.37,1
SALSTEEL.NS,9/27/2024,29.57,6.00,0.00,9.00,6.00,30.85,29.89,28.93,1
SAKHTISUG.NS,9/27/2024,39.31,14.00,0.00,20.00,14.00,40.01,39.02,38.04,1
SAMINDUS.BO,9/27/2024,76.92,11.00,0.00,18.00,11.00,76.71,75.23,73.75,1
SAMBHAAV.NS,9/27/2024,6.30,12.00,0.00,23.00,12.00,6.51,6.29,6.07,1
SANCO.NS,9/27/2024,4.82,3.00,0.00,24.00,3.00,4.98,4.86,4.74,1
SANGAMIND.NS,9/27/2024,481.00,5.00,0.00,12.00,5.00,513.40,497.60,481.81,1
SANGINITA.NS,9/27/2024,15.91,10.00,0.00,61.00,10.00,19.86,19.79,19.72,1
SANINFRA.BO,9/27/2024,14.25,5.00,0.00,26.00,5.00,16.07,16.03,15.99,1
SARDAEN.NS,9/27/2024,439.20,37.00,0.00,42.00,37.00,470.50,439.10,407.69,1
SAREGAMA.NS,9/27/2024,566.10,17.00,0.00,27.00,17.00,602.49,562.55,522.62,1
SATIA.NS,9/27/2024,120.24,6.00,0.00,24.00,6.00,122.36,120.12,117.88,1
SAUMYA.BO,9/27/2024,230.75,44.00,0.00,76.00,44.00,253.90,243.17,232.45,1
SAWABUSI.BO,9/27/2024,0.63,6.00,0.00,21.00,6.00,0.63,0.63,0.63,1
SBFL.BO,9/27/2024,24.43,28.00,0.00,33.00,28.00,24.97,24.17,23.38,1
SBICARD.NS,9/27/2024,786.30,31.00,0.00,54.00,31.00,887.55,867.11,846.67,1
SBRANDS.BO,9/26/2024,20.00,4.00,0.00,27.00,4.00,21.10,20.37,19.64,1
SBILIFE.NS,9/27/2024,1882.65,29.00,0.00,40.00,29.00,2251.54,2209.40,2167.25,1
SBISENSEX.BO,9/27/2024,936.62,226.00,0.00,252.00,226.00,941.59,908.38,875.18,1
SCANPGEOM.BO,9/27/2024,9.00,12.00,0.00,20.00,12.00,0.00,0.00,0.00,1
SCAGRO.BO,9/27/2024,15.01,3.00,0.00,35.00,3.00,15.56,15.06,14.56,1
SCHNEIDER.NS,9/27/2024,821.90,6.00,0.00,34.00,6.00,936.46,908.00,879.54,1
SCI.NS,9/27/2024,267.65,6.00,0.00,25.00,6.00,308.39,303.67,298.95,1
SDL.BO,9/26/2024,21.40,10.00,0.00,57.00,10.00,21.36,20.66,19.96,1
SEAMECLTD.NS,9/27/2024,1439.10,6.00,0.00,20.00,6.00,1524.41,1503.36,1482.30,1
SEATV.BO,9/27/2024,12.48,14.00,0.00,26.00,14.00,12.49,12.41,12.33,1
SEIL.BO,9/27/2024,197.90,12.00,0.00,14.00,12.00,199.73,191.96,184.18,1
SELAN.NS,9/27/2024,876.30,6.00,0.00,27.00,6.00,989.62,964.08,938.53,1
SEQUENT.NS,9/27/2024,217.28,37.00,0.00,51.00,37.00,209.13,194.37,179.61,1
SESHAPAPER.NS,9/27/2024,344.00,14.00,0.00,25.00,14.00,0.00,0.00,0.00,1
SETFBSE100.BO,9/27/2024,302.27,215.00,0.00,251.00,215.00,304.71,294.84,284.97,1
SFPIL.BO,9/23/2024,11.76,118.00,0.00,,118.00,,,,1
SHAHALLOYS.NS,9/27/2024,102.38,15.00,0.00,27.00,15.00,111.07,98.17,85.28,1
SHAILY.BO,9/27/2024,1029.25,12.00,0.00,20.00,12.00,1102.97,1063.34,1023.71,1
SHALBY.NS,9/27/2024,274.60,31.00,0.00,57.00,31.00,300.37,292.56,284.74,1
SHAHFOOD.BO,9/26/2024,232.85,32.00,0.00,36.00,32.00,242.17,235.73,229.29,1
SHANTAI.BO,9/26/2024,52.76,12.00,0.00,29.00,12.00,65.71,61.41,57.10,1
SHANTIGEAR.NS,9/27/2024,647.00,6.00,0.00,16.00,6.00,681.52,668.47,655.42,1
SHAREINDIA.NS,9/27/2024,329.65,14.00,0.00,27.00,14.00,354.64,340.43,326.22,1
SHARIABEES.BO,9/27/2024,599.28,110.00,0.00,150.00,110.00,636.03,617.54,599.05,1
SHASHIJIT.BO,9/27/2024,3.79,6.00,0.00,29.00,6.00,4.32,4.24,4.16,1
SHEMAROO.NS,9/27/2024,196.04,5.00,0.00,11.00,5.00,224.16,213.29,202.42,1
SHESHAINDS.BO,9/27/2024,13.23,3.00,0.00,15.00,3.00,14.87,14.77,14.66,1
SHHARICH.BO,9/27/2024,105.00,5.00,0.00,17.00,5.00,105.89,105.29,104.68,1
SHGANEL.BO,9/27/2024,32.12,19.00,0.00,26.00,19.00,0.00,0.00,0.00,1
SHILGRAVQ.BO,9/27/2024,170.50,6.00,0.00,11.00,6.00,0.00,0.00,0.00,1
SHIVALIK.BO,9/27/2024,590.00,3.00,0.00,24.00,3.00,612.64,593.04,573.45,1
SHK.NS,9/27/2024,300.14,4.00,0.00,9.00,4.00,380.90,369.48,358.05,1
SHRAJSYNQ.BO,9/27/2024,22.44,4.00,0.00,,4.00,,,,1
SHRDAIS.BO,9/27/2024,452.60,5.00,0.00,39.00,5.00,463.79,441.86,419.93,1
SHKARTP.BO,9/27/2024,12.89,8.00,0.00,19.00,8.00,16.40,14.92,13.44,1
SHREECEM.NS,9/27/2024,26247.90,34.00,0.00,62.00,34.00,26706.59,26061.92,25417.25,1
SHREMETAL.BO,9/27/2024,40.00,4.00,0.00,7.00,4.00,42.42,41.10,39.77,1
SHREYAS.NS,9/27/2024,340.25,8.00,0.00,35.00,8.00,418.49,397.86,377.23,1
SHUKRAPHAR.BO,9/27/2024,68.00,14.00,0.00,23.00,14.00,67.72,65.43,63.14,1
SHYAMMETL.BO,9/27/2024,908.80,22.00,0.00,23.00,22.00,982.38,949.20,916.01,1
SICALLOG.NS,9/9/2024,177.03,7.00,0.00,15.00,7.00,178.26,175.75,173.24,1
SIDDHA.BO,9/27/2024,9.80,38.00,0.00,59.00,38.00,10.38,9.95,9.51,1
SIELFNS.BO,9/27/2024,76.28,3.00,0.00,9.00,3.00,77.89,75.79,73.69,1
SIEMENS.NS,9/27/2024,7295.20,14.00,0.00,30.00,14.00,7328.57,7172.94,7017.30,1
SIKOZY.BO,9/27/2024,1.21,5.00,0.00,9.00,5.00,1.30,1.28,1.26,1
SIL.NS,9/27/2024,28.26,14.00,0.00,34.00,14.00,30.33,29.73,29.13,1
SILGO.NS,9/27/2024,42.77,4.00,0.00,7.00,4.00,0.00,0.00,0.00,1
SILINV.NS,9/27/2024,593.50,5.00,0.00,22.00,5.00,608.35,596.55,584.75,1
SILVOAK.BO,9/27/2024,118.27,12.00,0.00,20.00,12.00,125.70,121.32,116.93,1
SIMPLEXCAS.BO,9/27/2024,311.00,49.00,0.00,58.00,49.00,337.82,318.51,299.20,1
SIMPLXPAP.BO,9/27/2024,3050.00,8.00,0.00,14.00,8.00,3315.54,3249.11,3182.69,1
SIMPLXMIL.BO,9/27/2024,6960.00,49.00,0.00,55.00,49.00,6989.97,6426.70,5863.43,1
SIMPLXREA.BO,9/27/2024,222.00,10.00,0.00,22.00,10.00,233.58,227.19,220.81,1
SINTERCOM.NS,9/27/2024,163.29,33.00,0.00,64.00,33.00,159.10,145.14,131.18,1
SIRCA.NS,9/27/2024,342.55,18.00,0.00,50.00,18.00,376.43,363.10,349.78,1
SITAENT.BO,9/27/2024,68.00,4.00,0.00,9.00,4.00,69.28,68.56,67.84,1
SITINET.NS,9/27/2024,0.88,4.00,0.00,20.00,4.00,0.88,0.88,0.88,1
SKFINDIA.NS,9/27/2024,5410.20,31.00,0.00,71.00,31.00,0.00,0.00,0.00,1
SKIPPER.NS,9/27/2024,467.55,14.00,0.00,25.00,14.00,510.30,480.99,451.68,1
SKPMIL.BO,9/27/2024,42.99,8.00,0.00,19.00,8.00,48.49,46.57,44.65,1
SKPSEC.BO,9/27/2024,179.95,27.00,0.00,37.00,27.00,177.03,167.57,158.12,1
SKYIND.BO,9/27/2024,139.50,11.00,0.00,13.00,11.00,161.96,160.20,158.43,1
SMCGLOBAL.NS,9/27/2024,157.96,31.00,0.00,42.00,31.00,171.54,163.07,154.59,1
SMFIL.BO,9/27/2024,8.19,6.00,0.00,32.00,6.00,8.50,8.29,8.07,1
SMLT.BO,9/27/2024,181.25,6.00,0.00,20.00,6.00,210.27,195.51,180.75,1
SMIFS.BO,9/27/2024,97.00,33.00,0.00,38.00,33.00,108.71,97.92,87.13,1
SMRUTHIORG.BO,9/27/2024,146.00,20.00,0.00,61.00,20.00,0.00,0.00,0.00,1
SNOWMAN.NS,9/27/2024,84.69,31.00,0.00,35.00,31.00,90.24,86.07,81.89,1
SOLARA.NS,9/27/2024,807.35,6.00,0.00,10.00,6.00,840.90,827.23,813.56,1
SOLIDSTON.BO,9/27/2024,35.61,16.00,0.00,19.00,16.00,36.68,35.53,34.39,1
SOLARINDS.NS,9/27/2024,11735.85,31.00,0.00,43.00,31.00,11753.49,11377.22,11000.95,1
SOBHA.NS,9/27/2024,1967.55,14.00,0.00,58.00,14.00,2185.86,2115.89,2045.92,1
SONACOMS.BO,9/27/2024,734.00,30.00,0.00,51.00,30.00,775.77,754.02,732.27,1
SOURCENTRL.BO,9/27/2024,205.60,6.00,0.00,19.00,6.00,207.29,205.42,203.54,1
SOMATEX.NS,9/27/2024,39.61,37.00,0.00,40.00,37.00,38.06,37.10,36.15,1
SOUTLAT.BO,9/27/2024,31.61,10.00,0.00,32.00,10.00,35.36,34.30,33.23,1
SOVERDIA.BO,9/27/2024,54.55,6.00,0.00,7.00,6.00,62.64,58.83,55.02,1
SPECMKT.BO,9/26/2024,3.76,206.00,0.00,,206.00,,,,1
SPENCERS.NS,9/27/2024,106.73,7.00,0.00,12.00,7.00,130.41,128.55,126.69,1
SPENTA.BO,9/27/2024,132.90,4.00,0.00,12.00,4.00,136.03,131.58,127.13,1
SPENTEX.NS,9/26/2024,280.00,185.00,0.00,90.00,185.00,301.03,283.88,266.73,1
SPLIL.NS,9/27/2024,60.93,14.00,0.00,26.00,14.00,70.99,70.28,69.57,1
SPLPETRO.NS,9/27/2024,875.00,37.00,0.00,50.00,37.00,0.00,0.00,0.00,1
SPORTKING.BO,9/27/2024,114.00,3.00,0.00,11.00,3.00,127.88,124.83,121.79,1
SPTL.NS,9/26/2024,1.06,78.00,0.00,113.00,78.00,1.17,1.08,0.99,1
SPSINT.BO,9/26/2024,37.28,33.00,0.00,38.00,33.00,38.15,37.07,35.99,1
SPSL.BO,9/27/2024,22.85,48.00,0.00,53.00,48.00,25.44,24.08,22.73,1
SRECR.BO,9/27/2024,62.10,6.00,0.00,18.00,6.00,71.20,70.06,68.92,1
SRHHYPOLTD.NS,9/27/2024,750.10,6.00,0.00,23.00,6.00,786.97,762.88,738.79,1
SRIND.BO,9/26/2024,1.26,8.00,0.00,19.00,8.00,1.30,1.27,1.24,1
SRMCL.BO,9/27/2024,81.50,12.00,0.00,28.00,12.00,82.42,81.52,80.62,1
SSPDL.BO,9/27/2024,23.97,13.00,0.00,20.00,13.00,25.49,23.35,21.20,1
SSWRL.BO,9/27/2024,37.77,18.00,0.00,21.00,18.00,41.60,40.23,38.86,1
STANROS.BO,9/27/2024,86.00,26.00,0.00,42.00,26.00,91.22,87.30,83.38,1
STAR.NS,9/27/2024,1409.65,5.00,0.00,9.00,5.00,1453.63,1416.59,1379.54,1
STARLITE.BO,9/26/2024,3.64,33.00,0.00,48.00,33.00,3.96,3.71,3.47,1
STARTECK.BO,9/27/2024,268.00,7.00,0.00,12.00,7.00,0.00,0.00,0.00,1
STEELCITY.NS,9/27/2024,96.45,6.00,0.00,17.00,6.00,114.49,110.50,106.52,1
STEELCAS.BO,9/27/2024,809.10,6.00,0.00,10.00,6.00,824.59,794.38,764.17,1
STEL.NS,9/27/2024,586.50,10.00,0.00,13.00,10.00,588.58,574.82,561.06,1
STELLAR.BO,9/27/2024,6.49,34.00,0.00,40.00,34.00,6.47,6.20,5.94,1
STERTOOLS.NS,9/27/2024,585.15,14.00,0.00,23.00,14.00,660.45,631.42,602.38,1
STHINPA.BO,9/27/2024,100.06,17.00,0.00,53.00,17.00,0.00,0.00,0.00,1
STLSTRINF.BO,9/27/2024,34.45,6.00,0.00,22.00,6.00,37.43,36.99,36.54,1
STOVEKRAFT.NS,9/27/2024,895.85,13.00,0.00,19.00,13.00,1070.41,1035.50,1000.58,1
STRGRENWO.BO,9/27/2024,47.12,8.00,0.00,22.00,8.00,49.45,48.08,46.71,1
STRLGUA.BO,9/26/2024,39.78,35.00,0.00,37.00,35.00,43.81,40.85,37.89,1
SUBSM.BO,9/26/2024,25.00,71.00,0.00,87.00,71.00,26.57,25.39,24.21,1
SUDAI.BO,9/27/2024,60.57,6.00,0.00,23.00,6.00,61.71,59.91,58.10,1
STYRENIX.NS,9/27/2024,2403.10,6.00,0.00,24.00,6.00,2794.93,2743.14,2691.34,1
SUDARSCHEM.NS,9/27/2024,1103.90,12.00,0.00,16.00,12.00,1120.41,1086.42,1052.44,1
SUKHJITS.BO,9/27/2024,589.25,5.00,0.00,13.00,5.00,608.60,596.67,584.74,1
SULABEN.BO,9/27/2024,5.85,6.00,0.00,13.00,6.00,5.86,5.69,5.51,1
SUMEETINDS.NS,9/27/2024,4.16,10.00,0.00,23.00,10.00,4.41,4.25,4.09,1
SUMERUIND.BO,9/27/2024,2.12,4.00,0.00,25.00,4.00,2.15,2.12,2.09,1
SUGALDAM.BO,9/27/2024,70.76,37.00,0.00,39.00,37.00,72.75,66.21,59.67,1
SUMIT.NS,9/27/2024,157.00,10.00,0.00,13.00,10.00,162.94,158.05,153.16,1
SUMMITSEC.NS,9/27/2024,2778.20,35.00,0.00,41.00,35.00,3040.00,2877.30,2714.60,1
SUNDARAM.NS,9/27/2024,2.93,5.00,0.00,53.00,5.00,3.44,3.40,3.37,1
SUNDARMFIN.NS,9/27/2024,5339.00,12.00,0.00,19.00,12.00,5327.59,5177.40,5027.20,1
SUNDRMFAST.NS,9/27/2024,1396.20,26.00,0.00,43.00,26.00,1443.23,1413.74,1384.25,1
SUNFLAG.NS,9/27/2024,242.52,14.00,0.00,24.00,14.00,249.35,235.30,221.26,1
SUNILAGR.BO,9/27/2024,142.60,20.00,0.00,33.00,20.00,151.03,146.06,141.08,1
SUNTECK.NS,9/27/2024,581.35,18.00,0.00,27.00,18.00,0.00,0.00,0.00,1
SUPER.BO,9/27/2024,1628.00,19.00,0.00,44.00,19.00,0.00,0.00,0.00,1
SUNTV.NS,9/27/2024,835.05,25.00,0.00,34.00,25.00,853.00,831.41,809.81,1
SUPERBAK.BO,9/27/2024,29.83,11.00,0.00,13.00,11.00,0.00,0.00,0.00,1
SUPERHOUSE.NS,9/27/2024,227.67,14.00,0.00,22.00,14.00,238.28,234.00,229.72,1
SUNPHARMA.NS,9/27/2024,1948.70,80.00,0.00,123.00,80.00,1966.51,1914.52,1862.52,1
SUPREMEENG.NS,9/27/2024,3.28,8.00,0.00,11.00,8.00,3.32,3.26,3.19,1
SUPREME.BO,9/27/2024,90.00,3.00,0.00,26.00,3.00,94.06,91.48,88.89,1
SUPRAJIT.NS,9/27/2024,528.85,14.00,0.00,30.00,14.00,0.00,0.00,0.00,1
SUPRATRE.BO,9/26/2024,47.31,311.00,0.00,340.00,311.00,49.29,47.68,46.07,1
SURAJLTD.BO,9/27/2024,459.00,5.00,0.00,10.00,5.00,472.27,455.30,438.32,1
SURAJ.BO,9/27/2024,548.00,4.00,0.00,19.00,4.00,556.74,552.28,547.82,1
SUPREMEIND.NS,9/27/2024,5266.75,17.00,0.00,27.00,17.00,5616.85,5524.74,5432.63,1
SURANASOL.NS,9/27/2024,56.49,17.00,0.00,29.00,17.00,56.54,51.87,47.21,1
SURANAT&P.NS,9/27/2024,23.92,14.00,0.00,29.00,14.00,28.50,27.71,26.92,1
SURYALA.BO,9/27/2024,405.00,38.00,0.00,40.00,38.00,0.00,0.00,0.00,1
SURYAROSNI.NS,9/27/2024,728.15,14.00,0.00,27.00,14.00,741.90,712.76,683.63,1
SUULD.NS,9/27/2024,4.91,12.00,0.00,42.00,12.00,0.00,0.00,0.00,1
SUYOG.BO,9/27/2024,1618.95,6.00,0.00,13.00,6.00,1732.81,1708.06,1683.31,1
SUZLON.NS,9/27/2024,81.09,17.00,0.00,32.00,17.00,100.03,97.18,94.32,1
SVLL.NS,9/27/2024,337.65,6.00,0.00,8.00,6.00,348.91,335.09,321.28,1
SVCIND.BO,9/27/2024,5.69,4.00,0.00,7.00,4.00,0.00,0.00,0.00,1
SW1.BO,9/27/2024,80.50,90.00,0.00,118.00,90.00,63.88,37.82,11.76,1
SWAGTAM.BO,9/27/2024,64.16,9.00,0.00,50.00,9.00,65.13,60.80,56.48,1
SWADPOL.BO,9/27/2024,122.40,9.00,0.00,24.00,9.00,129.29,123.00,116.71,1
SYSTMTXC.BO,9/27/2024,1788.95,31.00,0.00,38.00,31.00,1923.28,1799.51,1675.74,1
SYMPHONY.NS,9/27/2024,1616.95,8.00,0.00,29.00,8.00,1871.46,1814.34,1757.22,1
TAAZAINT.BO,9/26/2024,4.15,23.00,0.00,102.00,23.00,0.00,0.00,0.00,1
TAINWALCHM.NS,9/27/2024,224.92,19.00,0.00,41.00,19.00,290.38,276.72,263.07,1
TANAA.BO,9/27/2024,501.50,5.00,0.00,39.00,5.00,594.94,578.48,562.03,1
TARC.NS,9/27/2024,251.13,31.00,0.00,34.00,31.00,261.24,249.65,238.07,1
TARINI.BO,9/26/2024,30.50,4.00,0.00,27.00,4.00,31.12,30.82,30.53,1
TATACHEM.NS,9/27/2024,1067.20,6.00,0.00,18.00,6.00,1077.58,1067.66,1057.74,1
TATACOMM.NS,9/27/2024,2126.45,31.00,0.00,40.00,31.00,2140.65,2076.07,2011.48,1
TATACOFFEE.NS,1/12/2024,344.80,195.00,0.00,277.00,195.00,320.72,298.82,276.92,1
TATAMETALI.NS,2/5/2024,1110.55,12.00,0.00,25.00,12.00,1110.38,1086.14,1061.90,1
TATAMTRDVR.BO,8/29/2024,765.15,15.00,0.00,19.00,15.00,775.35,761.19,747.03,1
TATACONSUM.NS,9/27/2024,1201.55,82.00,0.00,109.00,82.00,1331.25,1279.01,1226.77,1
TATASTEEL.NS,9/27/2024,166.55,31.00,0.00,72.00,31.00,164.63,156.99,149.35,1
TATAPOWER.NS,9/27/2024,485.50,31.00,0.00,40.00,31.00,480.91,462.14,443.37,1
TATASTLLP.NS,11/16/2023,829.95,10.00,0.00,41.00,10.00,835.70,824.00,812.29,1
TCNSBRANDS.NS,9/2/2024,583.30,12.00,0.00,22.00,12.00,590.95,579.37,567.79,1
TCMLMTD.BO,9/27/2024,43.75,30.00,0.00,63.00,30.00,0.00,0.00,0.00,1
TCPLPACK.NS,9/27/2024,3420.60,6.00,0.00,15.00,6.00,3935.28,3835.72,3736.16,1
TECHIN.NS,9/27/2024,52.99,8.00,0.00,9.00,8.00,52.99,52.91,52.82,1
TECHNOE.NS,9/27/2024,1630.65,5.00,0.00,28.00,5.00,1657.79,1634.96,1612.13,1
TECHM.NS,9/27/2024,1609.25,38.00,0.00,41.00,38.00,1799.95,1728.46,1656.97,1
TEMBO.NS,9/27/2024,531.80,33.00,0.00,67.00,33.00,541.11,500.97,460.84,1
TERAI.BO,9/27/2024,193.55,3.00,0.00,8.00,3.00,196.42,193.52,190.62,1
TERASOFT.NS,9/27/2024,81.57,5.00,0.00,9.00,5.00,83.97,82.61,81.25,1
THAKDEV.BO,9/27/2024,227.20,36.00,0.00,46.00,36.00,226.63,212.27,197.91,1
THANGAMAYL.NS,9/27/2024,2419.60,12.00,0.00,18.00,12.00,2459.98,2389.12,2318.27,1
THEINVEST.NS,9/27/2024,200.75,35.00,0.00,42.00,35.00,207.15,196.44,185.72,1
THEMISMED.NS,9/27/2024,282.05,6.00,0.00,9.00,6.00,310.35,298.38,286.42,1
THIRDFIN.BO,9/27/2024,159.90,15.00,0.00,24.00,15.00,193.65,188.08,182.51,1
THERMAX.NS,9/27/2024,5200.70,16.00,0.00,26.00,16.00,6136.78,5932.51,5728.23,1
THOMASCOTT.NS,9/27/2024,245.57,16.00,0.00,33.00,16.00,266.84,261.73,256.61,1
TIDEWATER.NS,9/27/2024,2276.60,6.00,0.00,22.00,6.00,0.00,0.00,0.00,1
TIGLOB.BO,9/27/2024,206.00,30.00,0.00,41.00,30.00,0.00,0.00,0.00,1
TIINDIA.NS,9/27/2024,4146.95,14.00,0.00,23.00,14.00,4484.76,4353.39,4222.02,1
TIIL.NS,9/27/2024,3349.20,3.00,0.00,11.00,3.00,3370.86,3323.74,3276.62,1
TIMKEN.NS,9/27/2024,3812.35,28.00,0.00,40.00,28.00,3950.56,3838.56,3726.57,1
TITAANIUM.BO,9/26/2024,33.95,17.00,0.00,25.00,17.00,34.56,32.17,29.77,1
TNSTLTU.BO,9/26/2024,20.66,26.00,0.00,36.00,26.00,23.35,22.01,20.67,1
TITAN.NS,9/27/2024,3816.70,35.00,0.00,46.00,35.00,3954.13,3857.68,3761.22,1
TOKYOFIN.BO,9/27/2024,22.75,6.00,0.00,19.00,6.00,0.00,0.00,0.00,1
TORNTPHARM.NS,9/27/2024,3482.60,98.00,0.00,102.00,98.00,3762.50,3626.85,3491.20,1
TORNTPOWER.NS,9/27/2024,1907.80,24.00,0.00,40.00,24.00,1986.85,1903.48,1820.10,1
TRANSCOR.BO,9/27/2024,38.60,10.00,0.00,26.00,10.00,39.65,38.04,36.42,1
TRANSFRE.BO,9/27/2024,32.30,5.00,0.00,9.00,5.00,32.92,31.65,30.38,1
TREJHARA.NS,9/27/2024,288.27,20.00,0.00,23.00,20.00,338.24,321.04,303.85,1
TRENT.NS,9/27/2024,7833.70,37.00,0.00,40.00,37.00,8378.21,7848.05,7317.89,1
TRIL.NS,9/26/2024,632.25,6.00,0.00,23.00,6.00,0.00,0.00,0.00,1
TRIMURTHI.BO,9/26/2024,21.91,152.00,0.00,174.00,152.00,25.77,22.60,19.43,1
TRITONV.BO,9/27/2024,5055.05,49.00,0.00,66.00,49.00,5828.15,5447.93,5067.70,1
TTFL.BO,9/27/2024,48.79,3.00,0.00,11.00,3.00,50.03,48.69,47.36,1
TVSELECT.NS,9/27/2024,408.55,5.00,0.00,21.00,5.00,457.46,451.09,444.72,1
TVSMOTOR.NS,9/27/2024,2949.70,60.00,0.00,72.00,60.00,2984.28,2903.32,2822.36,1
TVVISION.NS,9/27/2024,14.17,9.00,0.00,18.00,9.00,14.23,14.14,14.05,1
TYROON.BO,9/27/2024,125.00,13.00,0.00,24.00,13.00,130.22,125.42,120.61,1
UBL.NS,9/27/2024,2180.90,31.00,0.00,56.00,31.00,2197.01,2152.21,2107.40,1
UCALFUEL.NS,8/22/2023,140.50,5.00,0.00,19.00,5.00,142.55,138.29,134.03,1
UDAYJEW.BO,9/27/2024,156.00,14.00,0.00,19.00,14.00,164.82,159.29,153.75,1
UFO.NS,9/27/2024,134.80,6.00,0.00,10.00,6.00,145.41,140.69,135.96,1
UGROCAP.BO,9/27/2024,259.80,12.00,0.00,62.00,12.00,289.31,278.38,267.45,1
UGARSUGAR.NS,9/27/2024,89.03,11.00,0.00,17.00,11.00,91.47,89.12,86.76,1
UJJIVAN.NS,5/2/2024,591.00,10.00,0.00,17.00,10.00,604.86,584.08,563.30,1
ULTRACEMCO.NS,9/27/2024,11952.30,31.00,0.00,40.00,31.00,12074.73,11896.10,11717.47,1
UNIABEXAL.BO,9/27/2024,3344.00,15.00,0.00,20.00,15.00,0.00,0.00,0.00,1
UMIYA.BO,9/27/2024,12.25,44.00,0.00,48.00,44.00,11.80,10.56,9.31,1
UNICHEMLAB.NS,9/27/2024,646.30,29.00,0.00,35.00,29.00,689.24,643.37,597.50,1
UNISHIRE.BO,9/27/2024,3.69,10.00,0.00,14.00,10.00,4.08,3.82,3.55,1
UNIONBANK.NS,9/27/2024,123.51,12.00,0.00,25.00,12.00,132.95,130.20,127.46,1
UNISTRMU.BO,9/27/2024,7.33,6.00,0.00,14.00,6.00,7.65,7.38,7.11,1
UNITDCR.BO,9/27/2024,32.83,7.00,0.00,19.00,7.00,38.27,37.21,36.14,1
UNITDSPR.BO,9/27/2024,1588.05,70.00,0.00,74.00,70.00,1649.38,1588.12,1526.87,1
UNITECH.BO,9/27/2024,12.38,11.00,0.00,14.00,11.00,13.77,13.02,12.27,1
UNITEDPOLY.NS,9/27/2024,136.42,17.00,0.00,31.00,17.00,151.86,137.60,123.35,1
UNITEDINT.BO,9/27/2024,108.50,3.00,0.00,5.00,3.00,111.71,110.04,108.36,1
UNITEDTE.BO,9/26/2024,16.20,8.00,0.00,89.00,8.00,16.59,16.28,15.97,1
UNIVASTU.NS,9/27/2024,216.90,14.00,0.00,29.00,14.00,239.45,225.22,211.00,1
UNIVARTS.BO,9/27/2024,5.00,7.00,0.00,11.00,7.00,5.10,4.88,4.65,1
UNIVSTAR.BO,9/27/2024,204.90,3.00,0.00,28.00,3.00,210.39,202.58,194.77,1
UNOMINDA.NS,9/27/2024,1115.90,11.00,0.00,19.00,11.00,1216.46,1175.58,1134.70,1
UPL.NS,9/27/2024,610.65,38.00,0.00,41.00,38.00,674.73,661.86,648.99,1
UTIAMC.NS,9/27/2024,1248.85,37.00,0.00,43.00,37.00,1456.31,1407.26,1358.22,1
UTINEXT50.BO,9/27/2024,82.30,128.00,0.00,135.00,128.00,86.29,82.88,79.47,1
USGTECH.BO,9/27/2024,15.28,13.00,0.00,30.00,13.00,15.64,15.06,14.48,1
UTLINDS.BO,9/27/2024,3.90,14.00,0.00,23.00,14.00,4.17,4.08,3.99,1
UTINIFTETF.BO,9/27/2024,284.05,128.00,0.00,143.00,128.00,287.47,279.87,272.27,1
UTISENSETF.BO,9/27/2024,931.24,226.00,0.00,252.00,226.00,937.12,904.08,871.05,1
UVDRHOR.BO,9/27/2024,123.60,14.00,0.00,29.00,14.00,131.75,119.52,107.28,1
UTTAMSUGAR.NS,9/27/2024,361.40,6.00,0.00,19.00,6.00,373.21,358.41,343.60,1
VAARAD.BO,9/27/2024,14.40,8.00,0.00,26.00,8.00,14.72,14.39,14.05,1
V2RETAIL.NS,9/27/2024,1280.10,12.00,0.00,22.00,12.00,1370.32,1318.03,1265.74,1
VALIANT.BO,9/27/2024,678.70,6.00,0.00,10.00,6.00,737.31,728.68,720.05,1
VAKRANGEE.NS,9/27/2024,31.56,8.00,0.00,12.00,8.00,32.13,30.01,27.90,1
VALLABHSQ.BO,9/27/2024,10.95,7.00,0.00,17.00,7.00,12.10,11.78,11.46,1
VANTABIO.BO,9/27/2024,50.99,8.00,0.00,31.00,8.00,53.68,51.89,50.10,1
VANDANA.BO,9/27/2024,7.87,19.00,0.00,32.00,19.00,7.72,7.25,6.77,1
VANICOM.BO,9/27/2024,11.28,10.00,0.00,18.00,10.00,11.73,11.48,11.23,1
VARROC.NS,9/27/2024,582.10,8.00,0.00,16.00,8.00,596.34,588.21,580.08,1
VARDMNPOLY.NS,9/27/2024,13.21,8.00,0.00,19.00,8.00,14.40,13.87,13.34,1
VASWANI.NS,9/27/2024,56.93,11.00,0.00,19.00,11.00,58.30,54.68,51.06,1
VCL.NS,9/27/2024,0.85,4.00,0.00,11.00,4.00,0.88,0.86,0.83,1
VCU.BO,9/27/2024,6.40,17.00,0.00,24.00,17.00,0.00,0.00,0.00,1
VEDAVAAG.BO,9/27/2024,79.32,4.00,0.00,13.00,4.00,84.00,80.86,77.73,1
VEDL.NS,9/27/2024,513.00,12.00,0.00,20.00,12.00,516.95,493.46,469.96,1
VELHO.BO,9/27/2024,6.38,7.00,0.00,14.00,7.00,7.62,7.33,7.05,1
VERITAS.BO,9/27/2024,1082.55,7.00,0.00,18.00,7.00,1087.10,1081.11,1075.12,1
VERTEX.BO,9/27/2024,5.88,3.00,0.00,28.00,3.00,6.09,5.90,5.70,1
VERTOZ.NS,9/27/2024,33.81,6.00,0.00,13.00,6.00,38.48,37.46,36.43,1
VGCL.BO,9/27/2024,75.50,6.00,0.00,55.00,6.00,83.25,82.95,82.65,1
VESUVIUS.NS,9/27/2024,5683.10,6.00,0.00,18.00,6.00,6817.72,6610.57,6403.43,1
VIDHIING.NS,9/27/2024,509.55,31.00,0.00,39.00,31.00,483.23,459.64,436.04,1
VIJIFIN.NS,9/27/2024,2.65,5.00,0.00,16.00,5.00,2.65,2.65,2.64,1
VIKASWSP.BO,9/27/2024,1.63,11.00,0.00,23.00,11.00,0.00,0.00,0.00,1
VINAYAKPOL.BO,9/13/2024,30.49,7.00,0.00,122.00,7.00,31.25,17.01,2.76,1
VINATIORGA.NS,9/27/2024,2062.40,14.00,0.00,35.00,14.00,2042.76,2007.52,1972.29,1
VINTRON.BO,9/27/2024,47.70,5.00,0.00,9.00,5.00,49.62,48.20,46.77,1
VINDHYATEL.NS,9/27/2024,2390.75,6.00,0.00,25.00,6.00,2669.55,2647.60,2625.65,1
VIPCLOTHNG.NS,9/27/2024,46.85,6.00,0.00,24.00,6.00,50.96,49.92,48.88,1
VIPPYSP.BO,9/27/2024,183.15,13.00,0.00,17.00,13.00,191.84,185.34,178.83,1
VIPULORG.BO,9/27/2024,235.00,7.00,0.00,25.00,7.00,303.93,296.23,288.52,1
VIPIND.NS,9/27/2024,555.25,31.00,0.00,76.00,31.00,569.70,541.32,512.93,1
VIRAT.BO,9/27/2024,299.10,6.00,0.00,27.00,6.00,314.41,302.22,290.02,1
VIRTUALG.BO,9/13/2024,0.88,4.00,0.00,10.00,4.00,0.97,0.78,0.59,1
VISHWARAJ.NS,9/27/2024,19.80,14.00,0.00,20.00,14.00,20.72,19.86,19.00,1
VISHNU.NS,9/27/2024,407.85,11.00,0.00,29.00,11.00,423.24,412.98,402.71,1
VISASTEEL.NS,9/26/2024,31.24,24.00,0.00,57.00,24.00,34.93,32.78,30.63,1
VISTAPH.BO,9/27/2024,13.30,17.00,0.00,54.00,17.00,14.45,14.02,13.58,1
VITESSE.BO,9/26/2024,7.25,29.00,0.00,113.00,29.00,7.79,7.46,7.13,1
VIVIDHA.NS,9/27/2024,1.07,7.00,0.00,18.00,7.00,1.36,1.33,1.30,1
VIVOBIOT.BO,9/27/2024,39.39,14.00,0.00,23.00,14.00,89.36,89.36,89.36,1
VJLAXMIE.BO,9/27/2024,66.50,3.00,0.00,10.00,3.00,67.61,66.61,65.61,1
VJTFEDU.BO,9/27/2024,101.40,36.00,0.00,39.00,36.00,108.74,104.28,99.82,1
VMART.NS,9/27/2024,4000.35,38.00,0.00,46.00,38.00,3970.72,3770.72,3570.72,1
VOLTAS.NS,9/27/2024,1866.70,34.00,0.00,41.00,34.00,2096.23,2026.08,1955.93,1
VSSL.NS,9/27/2024,297.35,30.00,0.00,66.00,30.00,309.63,295.91,282.20,1
VTMLTD.BO,9/27/2024,73.90,80.00,0.00,126.00,80.00,76.69,74.67,72.65,1
WABAG.NS,9/27/2024,1506.50,19.00,0.00,29.00,19.00,1560.99,1509.86,1458.73,1
VSTTILLERS.NS,9/27/2024,4608.00,30.00,0.00,43.00,30.00,4836.35,4674.99,4513.63,1
WANBURY.NS,9/27/2024,281.37,31.00,0.00,43.00,31.00,300.82,281.45,262.08,1
WARRENTEA.BO,9/27/2024,64.00,3.00,0.00,7.00,3.00,71.75,68.34,64.93,1
WEALTH.NS,9/27/2024,1295.20,11.00,0.00,23.00,11.00,1423.75,1363.26,1302.76,1
WEBELSOLAR.NS,9/27/2024,1112.55,6.00,0.00,13.00,6.00,1133.51,1079.87,1026.23,1
WELCORP.NS,9/27/2024,740.50,5.00,0.00,24.00,5.00,762.85,745.69,728.53,1
WELCURE.BO,9/26/2024,7.69,61.00,0.00,64.00,61.00,8.69,7.93,7.18,1
WENDT.NS,9/27/2024,14604.55,20.00,0.00,41.00,20.00,16057.36,15759.74,15462.12,1
WEWIN.NS,9/27/2024,75.31,9.00,0.00,26.00,9.00,77.11,74.97,72.83,1
WESTLIFE.BO,9/27/2024,934.40,13.00,0.00,23.00,13.00,939.49,915.78,892.07,1
WHBRADY.BO,9/27/2024,856.60,19.00,0.00,22.00,19.00,995.84,953.90,911.96,1
WHEELS.NS,9/27/2024,772.95,6.00,0.00,26.00,6.00,896.14,882.25,868.36,1
WHIRLPOOL.NS,9/27/2024,2201.45,8.00,0.00,16.00,8.00,2213.41,2160.73,2108.05,1
WIMPLAST.BO,9/27/2024,669.00,20.00,0.00,33.00,20.00,0.00,0.00,0.00,1
WIREFABR.BO,9/27/2024,245.05,4.00,0.00,13.00,4.00,256.28,250.79,245.30,1
WONDERLA.NS,9/27/2024,876.35,31.00,0.00,44.00,31.00,911.25,889.34,867.43,1
WOCKPHARMA.NS,9/27/2024,985.85,7.00,0.00,16.00,7.00,1232.09,1222.78,1213.48,1
WIPRO.NS,9/27/2024,541.80,38.00,0.00,43.00,38.00,579.04,557.53,536.02,1
WSTCSTPAPR.NS,9/27/2024,614.90,31.00,0.00,61.00,31.00,0.00,0.00,0.00,1
YAMNINV.BO,9/27/2024,2.38,38.00,0.00,43.00,38.00,2.47,2.12,1.78,1
YOGISUNG.BO,9/27/2024,11.90,5.00,0.00,13.00,5.00,13.30,13.04,12.78,1
ZDHJERK.BO,9/27/2024,20.46,3.00,0.00,21.00,3.00,0.00,0.00,0.00,1
YURANUS.BO,9/27/2024,75.00,13.00,0.00,43.00,13.00,0.00,0.00,0.00,1
ZBINTXPP.BO,9/27/2024,1900.00,9.00,0.00,13.00,9.00,2031.23,1980.08,1928.94,1
ZEEL.NS,9/27/2024,135.75,3.00,0.00,22.00,3.00,141.39,137.64,133.88,1
ZEEMEDIA.NS,9/27/2024,20.75,11.00,0.00,41.00,11.00,20.72,17.76,14.80,1
ZENLABS.BO,9/27/2024,43.00,4.00,0.00,9.00,4.00,50.55,48.12,45.68,1
ZENITHEXPO.NS,9/27/2024,270.95,31.00,0.00,34.00,31.00,287.52,279.71,271.91,1
ZENTEC.NS,9/27/2024,1709.20,14.00,0.00,23.00,14.00,1766.46,1720.70,1674.94,1
ZFSTEERING.BO,9/27/2024,1630.00,6.00,0.00,,6.00,,,,1
ZKHANDEN.BO,9/27/2024,74.25,4.00,0.00,15.00,4.00,80.95,78.55,76.15,1
ZMULTIPU.BO,9/27/2024,11.80,6.00,0.00,16.00,6.00,11.91,11.50,11.09,1
ZODIAC.NS,9/27/2024,635.55,4.00,0.00,19.00,4.00,736.73,722.80,708.87,1
ZODIACVEN.BO,9/27/2024,15.51,4.00,0.00,5.00,4.00,0.00,0.00,0.00,1
ZUARI.NS,9/27/2024,208.05,14.00,0.00,22.00,14.00,206.44,200.34,194.24,1
