Date/Time,Ticker,Alert,BearBreak,Buy_ATR,Buy_BB,Buy_EW,Buy_LR,Buy_ZZ,Close,DnBars,Downtrend Length,FromHigh,FromLow,LR_LC,LR_MC,LR_UC,Mega Sellby Larger Wave,NumberOfTickers,Pattern,PercentileRank,Rank,S1,SCTR,SL,UpBars,Uptrend Length,hh,ll,myShort,Buy,Current_Price,Quantity,P/L Percentage
2024-10-30,21STCENMGM.NS,0.0,,ATR,,,,,108.61,,,0.0,0.0,,,,,3337.0,_W,95.2,161.0,2.13,48.85,,,,122.64,104.36,,ATR_W,109.75,235.0,0.010496271061596544
2024-10-30,3MINDIA.NS,0.0,,ATR,BB,,,,34601.65,,,0.0,5.0,,,,,3337.0,_DC,63.37,1223.0,2.87,7.45,,,,34900.65,33131.6,,ATRBB_DC,32466.099609375,1.0,-0.06171816634828112
2024-10-30,3PLAND.NS,0.0,,,,,LR,ZZ,39.0,0.0,46.0,0.0,0.0,38.91,39.27,39.62,,3337.0,_BW,73.98,869.0,-0.28,13.24,,3.0,3.0,40.0,34.05,,LR_BW,44.59000015258789,202.0,0.14333333724584335
2024-10-30,AARTISURF.NS,0.0,,,,EW,,,736.0,,,0.0,2.0,,,,,3337.0,_BW,53.18,1563.0,3.63,3.51,678.0,,,749.9,678.0,,EW_BW,642.0,17.0,-0.12771739130434784
2024-10-30,AARVEEDEN.NS,1.0,,ATR,,,,,48.07,,,0.0,2.0,,,,,3337.0,_DC,91.94,270.0,5.72,36.07,,,,48.07,41.25,,ATR_DC,64.44000244140625,147.0,0.3405450892741055
2024-10-30,ABAN.NS,0.0,,,,EW,,,66.0,,,0.0,2.0,,,,,3337.0,_DC,37.86,2074.0,2.54,-1.49,62.56,,,72.5,62.56,,EW_DC,61.77000045776367,291.0,-0.06409090215509589
2024-10-30,ABANSENT.BO,0.0,,,,EW,,,29.0,,,0.0,1.0,,,,,3337.0,_BW,6.86,3108.0,2.19,-67.66,25.1,,,45.4,25.1,,EW_BW,33.20000076293945,256.0,0.14482761251515355
2024-10-30,ABCAPITAL.NS,1.0,,ATR,,EW,,,215.0,,,0.0,1.0,,,,,3337.0,_UC,39.54,2018.0,5.79,-1.04,199.44,,,218.81,199.44,,ATREW_UC,188.9199981689453,64.0,-0.12130233409792877
2024-10-30,ACCURACY.NS,1.0,,,,EW,,,10.0,,,0.0,1.0,,,,,3337.0,_UC,43.97,1870.0,4.76,0.32,9.35,,,11.35,9.35,,EW_UC,9.220000267028809,1538.0,-0.07799997329711914
2024-10-30,ACE.NS,1.0,,ATR,,EW,,,1305.0,,,0.0,1.0,,,,,3337.0,_DC,37.32,2092.0,8.98,-1.68,1115.5,,,1324.45,1115.5,,ATREW_DC,1242.4000244140625,5.0,-0.04796932995090996
2024-10-30,ACL.NS,0.0,,,,EW,,,88.0,,,3.0,3.0,,,,,3337.0,_DC,31.21,2296.0,-0.36,-3.63,82.0,,,92.0,82.0,,EW_DC,78.38999938964844,167.0,-0.10920455239035866
2024-10-30,ADINATH.BO,1.0,,,BB,,,ZZ,28.94,0.0,20.0,0.0,5.0,26.56,28.2,29.84,,3337.0,_W,50.84,1641.0,7.35,2.68,,5.0,5.0,30.49,23.05,,BB_W,27.25,170.0,-0.058396682791983456
2024-10-30,ADITYA.BO,1.0,,,,EW,,,11.0,,,3.0,3.0,,,,,3337.0,_BW,59.08,1366.0,6.61,5.57,9.07,,,11.0,9.07,,EW_BW,10.649999618530273,518.0,-0.03181821649724787
2024-10-30,ADMANUM.BO,1.0,,,,EW,,,99.0,,,0.0,1.0,,,,,3337.0,_DC,87.23,427.0,5.79,26.51,91.15,,,114.8,91.15,,EW_DC,97.05000305175781,127.0,-0.019696938871133208
2024-10-30,AGARIND.NS,1.0,,,BB,EW,,,1074.0,,,0.0,3.0,,,,,3337.0,_DC,63.55,1217.0,4.63,7.58,981.2,,,1085.0,981.2,,EWBB_DC,1007.25,11.0,-0.06215083798882681
2024-10-30,AJANTSOY.BO,1.0,,,BB,,,ZZ,44.94,0.0,18.0,0.0,0.0,43.8,44.45,45.09,,3337.0,_DC,88.34,390.0,5.08,28.33,,4.0,4.0,44.94,39.7,,BB_DC,39.95000076293945,191.0,-0.11103692116289597
2024-10-30,AJCON.BO,1.0,,,,EW,,ZZ,46.0,0.0,24.0,6.0,6.0,0.0,0.0,0.0,,3337.0,_UC,82.34,590.0,8.08,20.02,42.55,17.0,17.0,50.9,42.55,,EW_UC,46.66999816894531,290.0,0.014565177585767664
2024-10-30,AKI.BO,0.0,,,BB,,,,19.24,,,2.0,2.0,,,,,3337.0,_DC,29.26,2361.0,2.78,-4.33,,,,22.1,18.31,,BB_DC,19.15999984741211,1075.0,-0.0041580120887676235
2024-10-30,AKZOINDIA.NS,0.0,,,BB,,,,3802.7,,,0.0,3.0,,,,,3337.0,_W,86.6,448.0,1.32,25.6,,,,3829.9,3620.0,,BB_W,3646.300048828125,5.0,-0.04112865889285897
2024-10-30,ALFAICA.BO,1.0,,,,EW,,,86.0,,,0.0,0.0,,,,,3337.0,_UC,77.88,739.0,5.47,15.89,80.0,,,101.95,80.0,,EW_UC,94.97000122070312,167.0,0.10430233977561773
2024-10-30,ALFATRAN.BO,1.0,,,,EW,,,122.0,,,1.0,3.0,,,,,3337.0,_UC,83.39,555.0,5.28,21.49,111.63,,,141.93,111.63,,EW_UC,130.5500030517578,96.0,0.07008199222752305
2024-10-30,ALFAVIO.BO,1.0,,,BB,EW,,,17.0,,,0.0,2.0,,,,,3337.0,_W,65.38,1156.0,9.68,8.49,14.75,,,16.99,14.75,,EWBB_W,14.359999656677246,444.0,-0.15529413784251495
2024-10-30,ALFL.BO,1.0,,,,EW,,ZZ,2.0,0.0,32.0,0.0,2.0,1.99,2.03,2.07,,3337.0,_DC,48.71,1712.0,4.15,2.04,1.82,3.0,3.0,2.05,1.82,,EW_DC,2.0,5556.0,0.0
2024-10-30,ALOKINDS.NS,0.0,,,,EW,,,22.0,,,0.0,2.0,,,,,3337.0,_DC,14.63,2849.0,2.66,-11.66,20.62,,,22.32,20.62,,EW_DC,20.6299991607666,725.0,-0.06227276541969993
2024-10-30,ALPSINDUS.NS,0.0,,,BB,EW,,ZZ,4.0,0.0,18.0,2.0,4.0,3.32,3.46,3.6,,3337.0,_DC,62.08,1266.0,2.1,6.89,3.05,4.0,4.0,3.6,3.05,,EWBB_DC,4.199999809265137,1053.0,0.04999995231628418
2024-10-30,AMALGAM.BO,1.0,,,BB,,,,85.75,,,0.0,0.0,,,,,3337.0,_DT,78.45,720.0,4.5,16.6,,,,85.75,82.25,,BB_DT,81.0,286.0,-0.05539358600583091
2024-10-30,AMBARPIL.BO,1.0,,,BB,,,,219.9,,,,0.0,,,,,3337.0,,99.85,6.0,12.18,714.53,,,,219.9,0.0,,BB,195.3000030517578,5.0,-0.1118690174999645
2024-10-30,AMBICAAGAR.BO,0.0,,,BB,EW,,,27.0,,,3.0,5.0,,,,,3337.0,_DT,30.16,2331.0,0.55,-4.04,25.75,,,28.0,25.75,,EWBB_DT,29.329999923706055,800.0,0.08629629347059461
2024-10-30,ANG.BO,0.0,,,BB,EW,,,48.0,,,0.0,2.0,,,,,3337.0,_W,18.59,2717.0,2.91,-8.89,44.38,,,48.48,44.38,,EWBB_W,45.0,276.0,-0.0625
2024-10-30,ANIKINDS.NS,1.0,,ATR,,,,ZZ,87.71,0.0,34.0,0.0,0.0,80.49,84.15,87.8,,3337.0,_DC,92.09,265.0,5.9,36.61,,16.0,16.0,87.71,75.5,,ATR_DC,97.87000274658203,82.0,0.11583630995989098
2024-10-30,ANJANI.BO,1.0,,,BB,EW,,,47.0,,,5.0,7.0,,,,,3337.0,_W,71.22,961.0,5.99,11.67,40.1,,,49.64,40.1,,EWBB_W,44.81999969482422,145.0,-0.04638298521650598
2024-10-30,ANSINDUS.BO,1.0,,,,EW,,,10.0,,,0.0,6.0,,,,,3337.0,_DC,19.9,2673.0,4.18,-8.22,8.65,,,9.55,8.65,,EW_DC,12.149999618530273,741.0,0.21499996185302733
2024-10-30,APOLLOFI.BO,1.0,,,BB,,,,820.4,,,0.0,3.0,,,,,3337.0,_W,29.74,2345.0,4.34,-4.21,,,,897.0,761.6,,BB_W,814.5999755859375,17.0,-0.007069751845517403
2024-10-30,APOLSINHOT.NS,1.0,,ATR,,,,ZZ,1837.15,0.0,14.0,0.0,3.0,1757.92,1809.73,1861.55,,3337.0,_W,59.32,1358.0,6.0,5.72,,3.0,3.0,1874.95,1669.0,,ATR_W,1753.050048828125,6.0,-0.04577740041470489
2024-10-30,ARCHITORG.BO,0.0,,,BB,,,ZZ,45.78,0.0,31.0,3.0,6.0,0.0,0.0,0.0,,3337.0,_W,40.17,1997.0,-0.04,-0.86,,16.0,16.0,47.9,44.2,,BB_W,45.029998779296875,633.0,-0.016382726533488993
2024-10-30,ARIES.NS,0.0,,,,,LR,ZZ,255.35,0.0,10.0,2.0,2.0,250.38,259.76,269.14,,3337.0,_DC,40.47,1987.0,0.6,-0.71,,3.0,3.0,261.4,224.2,,LR_DC,284.54998779296875,32.0,0.1143528012256462
2024-10-30,ARTEMISMED.NS,1.0,,,,EW,,,280.0,,,0.0,2.0,,,,,3337.0,_W,87.53,417.0,5.93,27.13,260.05,,,282.55,260.05,,EW_W,280.04998779296875,50.0,0.00017852783203125
2024-10-30,ARVSMART.NS,1.0,,,BB,,,ZZ,914.85,0.0,10.0,0.0,0.0,898.4,913.32,928.24,,3337.0,_DC,86.3,458.0,6.75,25.14,,3.0,3.0,945.0,750.0,,BB_DC,870.0999755859375,6.0,-0.04891514938412037
2024-10-30,ASAL.NS,1.0,,,,EW,,,694.0,,,0.0,1.0,,,,,3337.0,_DC,20.74,2645.0,6.26,-7.73,632.35,,,728.7,632.35,,EW_DC,635.4500122070312,16.0,-0.08436597664692903
2024-10-30,ASHAPURMIN.NS,1.0,,,,EW,,,245.0,,,0.0,1.0,,,,,3337.0,_DC,9.62,3016.0,8.26,-20.06,200.45,,,326.3,200.45,,EW_DC,253.82000732421875,22.0,0.036000029894770406
2024-10-30,ASHIS.BO,0.0,,,,EW,,,48.0,,,4.0,5.0,,,,,3337.0,_DC,55.67,1480.0,2.3,4.32,44.2,,,62.65,44.2,,EW_DC,43.90999984741211,263.0,-0.08520833651224773
2024-10-30,ASHISHPO.BO,1.0,,ATR,,,,,51.51,,,0.0,0.0,,,,,3337.0,_DC,81.53,617.0,6.01,19.04,,,,67.2,47.28,,ATR_DC,56.400001525878906,236.0,0.09493305233700075
2024-10-30,ASIANTILES.NS,0.0,,,BB,,,,69.59,,,2.0,3.0,,,,,3337.0,_DC,38.58,2050.0,2.39,-1.23,,,,91.3,64.74,,BB_DC,68.81999969482422,206.0,-0.011064812547431881
2024-10-30,ATALREAL.NS,0.0,,,BB,,,ZZ,11.71,0.0,20.0,1.0,0.0,11.12,11.67,12.22,,3337.0,_UC,85.67,479.0,2.77,24.14,,15.0,15.0,11.9,8.02,,BB_UC,12.819999694824219,271.0,0.09479075105245242
2024-10-30,ATISHAY.BO,1.0,,,,EW,,,166.0,,,1.0,1.0,,,,,3337.0,_UC,96.97,102.0,6.97,64.5,157.85,,,203.0,157.85,,EW_UC,208.60000610351562,123.0,0.2566265427922628
2024-10-30,ATVPR.BO,1.0,,,,EW,,,34.0,,,1.0,1.0,,,,,3337.0,_UC,83.57,549.0,4.0,21.65,31.67,,,41.5,31.67,,EW_UC,32.34000015258789,429.0,-0.04882352492388557
2024-10-30,AUROLAB.BO,0.0,,,,EW,,,239.0,,,0.0,0.0,,,,,3337.0,_UC,77.85,740.0,2.79,15.84,214.1,,,245.0,214.1,,EW_UC,199.0,40.0,-0.16736401673640167
2024-10-30,AUTOAXLES.NS,0.0,,,,,LR,,1846.3,,,0.0,0.0,,,,,3337.0,_DC,38.43,2055.0,0.47,-1.28,,,,1896.0,1758.05,,LR_DC,1749.1500244140625,11.0,-0.052618737792307566
2024-10-30,BABA.BO,1.0,,ATR,,,,ZZ,19.94,0.0,9.0,0.0,0.0,15.77,18.29,20.81,,3337.0,_DC,94.39,188.0,22.46,43.52,,5.0,5.0,19.96,12.23,,ATR_DC,13.1899995803833,130.0,-0.3385155676838867
2024-10-30,BAGFILMS.NS,0.0,,,,EW,,ZZ,10.0,0.0,18.0,0.0,3.0,10.02,10.21,10.4,,3337.0,_DC,63.25,1227.0,1.33,7.44,9.35,3.0,3.0,12.95,9.35,,EW_DC,9.760000228881836,1538.0,-0.023999977111816406
2024-10-30,BAJAJ-AUTO.NS,0.0,,,BB,,,,9940.65,,,1.0,1.0,,,,,3337.0,_W,51.44,1621.0,0.6,2.82,,,,12030.95,9640.0,,BB_W,9482.9501953125,3.0,-0.04604324714052901
2024-10-30,BAJAJST.BO,1.0,,,,EW,,,3147.0,,,0.0,17.0,,,,,3337.0,_W,97.12,97.0,7.69,65.73,2871.2,,,3175.0,2871.2,,EW_W,852.0999755859375,4.0,-0.7292341990511797
2024-10-30,BALAJITELE.NS,0.0,,,BB,EW,,ZZ,63.0,0.0,63.0,0.0,2.0,60.91,62.26,63.61,,3337.0,_DC,19.21,2696.0,3.89,-8.5,54.35,3.0,3.0,62.83,54.35,,EWBB_DC,58.290000915527344,116.0,-0.07476189022972471
2024-10-30,BALAMINES.NS,1.0,,,,EW,,,2126.0,,,0.0,2.0,,,,,3337.0,_W,35.67,2147.0,4.37,-2.24,2000.5,,,2136.95,2000.5,,EW_W,2031.6500244140625,8.0,-0.04437910422668744
2024-10-30,BALTE.BO,1.0,,ATR,,,,ZZ,33.19,0.0,10.0,2.0,3.0,30.56,32.27,33.98,,3337.0,_BW,73.38,889.0,13.27,12.96,,3.0,3.0,34.9,27.71,,ATR_BW,30.350000381469727,182.0,-0.08556793065773641
2024-10-30,BANASFN.BO,1.0,,,,EW,,,10.0,,,0.0,4.0,,,,,3337.0,_DC,11.78,2944.0,4.59,-14.75,9.12,,,10.13,9.12,,EW_DC,9.970000267028809,1136.0,-0.0029999732971191405
2024-10-30,BANKINDIA.NS,1.0,,,,EW,,ZZ,107.0,0.0,62.0,0.0,0.0,105.05,106.9,108.75,,3337.0,_DC,17.69,2747.0,4.11,-9.5,96.0,3.0,3.0,108.64,96.0,,EW_DC,104.30000305175781,91.0,-0.02523361633871203
2024-10-30,BANSWRAS.NS,0.0,,,BB,EW,,,137.0,,,1.0,3.0,,,,,3337.0,_DC,32.13,2265.0,1.75,-3.31,126.14,,,141.0,126.14,,EWBB_DC,136.42999267578125,92.0,-0.004160637403056569
2024-10-30,BASML.NS,0.0,,,BB,EW,,,53.0,,,0.0,1.0,,,,,3337.0,_DC,40.77,1977.0,2.54,-0.62,49.25,,,59.4,49.25,,EWBB_DC,54.08000183105469,267.0,0.020377393038767688
2024-10-30,BATLIBOI.BO,1.0,,,BB,,,,158.75,,,0.0,1.0,,,,,3337.0,_DC,65.74,1144.0,6.76,8.64,,,,194.1,142.15,,BB_DC,148.64999389648438,60.0,-0.06362208569143701
2024-10-30,BCCFUBA.BO,1.0,,,,EW,,,91.0,,,2.0,2.0,,,,,3337.0,_UC,80.37,656.0,5.32,17.89,85.19,,,101.9,85.19,,EW_UC,83.88999938964844,172.0,-0.07813187483902816
2024-10-30,BCLIND.NS,0.0,,,BB,,,,57.14,,,1.0,1.0,,,,,3337.0,_W,45.35,1824.0,1.28,0.74,,,,59.4,53.09,,BB_W,52.779998779296875,247.0,-0.0763038365541324
2024-10-30,BDH.BO,1.0,,,,EW,LR,,327.0,,,0.0,16.0,,,,,3337.0,_DC,51.86,1607.0,4.85,2.96,307.95,,,339.0,307.95,,EWLR_DC,307.3999938964844,52.0,-0.059938856585674695
2024-10-30,BEARDSELL.NS,0.0,,,BB,,,,43.94,,,0.0,3.0,,,,,3337.0,_DC,61.78,1276.0,-2.31,6.78,,,,46.6,41.51,,BB_DC,39.849998474121094,412.0,-0.09308150946469969
2024-10-30,BECTORFOOD.NS,0.0,,,BB,,,ZZ,1796.0,0.0,27.0,2.0,4.0,1778.86,1807.09,1835.32,,3337.0,_DC,83.78,542.0,0.71,21.7,,4.0,4.0,1823.5,1643.4,,BB_DC,1632.300048828125,7.0,-0.09114696613133352
2024-10-30,BEL.NS,0.0,,,BB,,,ZZ,288.55,0.0,11.0,0.0,0.0,283.86,287.98,292.1,,3337.0,_DC,75.18,829.0,2.17,13.95,,3.0,3.0,294.75,257.45,,BB_DC,280.95001220703125,32.0,-0.026338547194485397
2024-10-30,BEML.NS,1.0,,ATR,,EW,,,3980.0,,,0.0,3.0,,,,,3337.0,_BW,70.53,984.0,4.16,11.26,3682.3,,,4087.0,3682.3,,ATREW_BW,3791.199951171875,3.0,-0.047437198198021356
2024-10-30,BHARATRAS.NS,1.0,,ATR,,,,ZZ,11206.3,0.0,31.0,0.0,3.0,10657.46,11024.12,11390.77,,3337.0,_DC,62.89,1239.0,6.51,7.27,,3.0,3.0,11700.0,10200.0,,ATR_DC,10863.25,1.0,-0.03061224489795912
2024-10-30,BHARATSE.BO,1.0,,,,,LR,ZZ,192.0,0.0,26.0,0.0,0.0,182.03,189.38,196.73,,3337.0,_DC,72.54,917.0,9.36,12.45,,3.0,3.0,194.7,155.25,,LR_DC,195.85000610351562,27.0,0.020052115122477215
2024-10-30,BHASKAGR.BO,1.0,,,,EW,,,60.0,,,1.0,1.0,,,,,3337.0,_UC,29.62,2349.0,5.85,-4.22,57.02,,,69.19,57.02,,EW_UC,65.55999755859375,336.0,0.0926666259765625
2024-10-30,BIRLAPREC.BO,0.0,,,BB,,,,64.73,,,7.0,7.0,,,,,3337.0,_DC,41.76,1944.0,1.74,-0.29,,,,68.5,60.0,,BB_DC,56.68000030517578,211.0,-0.12436273281050861
2024-10-30,BLIL.BO,0.0,,,,EW,,,77.0,,,0.0,2.0,,,,,3337.0,_DC,7.04,3102.0,2.27,-58.47,72.07,,,79.01,72.07,,EW_DC,77.02999877929688,203.0,0.00038959453632305194
2024-10-30,BLKASHYAP.NS,1.0,,,BB,EW,,ZZ,82.0,0.0,44.0,0.0,3.0,79.02,81.31,83.6,,3337.0,_DC,56.86,1440.0,5.53,4.77,73.32,3.0,3.0,109.45,73.32,,EWBB_DC,72.4000015258789,115.0,-0.11707315212342798
2024-10-30,BOROLTD.NS,1.0,,ATR,,,,ZZ,461.0,0.0,10.0,0.0,0.0,444.51,455.06,465.61,,3337.0,_UC,83.33,557.0,7.28,21.48,,3.0,3.0,462.15,408.25,,ATR_UC,417.3500061035156,19.0,-0.09468545313771014
2024-10-30,BRAWN.BO,1.0,,,BB,,,ZZ,22.81,0.0,7.0,0.0,0.0,21.26,22.49,23.72,,3337.0,_BW,60.49,1319.0,6.81,6.2,,3.0,3.0,22.81,19.0,,BB_BW,22.200000762939453,262.0,-0.026742623281917826
2024-10-30,BSL.NS,1.0,,ATR,BB,,,ZZ,238.79,0.0,13.0,0.0,0.0,228.26,235.25,242.23,,3337.0,_DC,81.65,613.0,8.97,19.36,,3.0,3.0,244.8,199.1,,ATRBB_DC,232.94000244140625,25.0,-0.024498503114007045
2024-10-30,BTTL.BO,1.0,,,BB,,,ZZ,50.98,0.0,11.0,0.0,0.0,49.03,50.29,51.55,,3337.0,_W,77.4,755.0,4.27,15.4,,6.0,6.0,52.47,45.0,,BB_W,43.68000030517578,167.0,-0.14319340319388418
2024-10-30,BYKE.NS,1.0,,,,EW,,,67.0,,,0.0,1.0,,,,,3337.0,_BW,34.71,2179.0,9.13,-2.51,60.03,,,67.08,60.03,,EW_BW,70.30999755859375,143.0,0.04940294863572761
2024-10-30,CAPACITE.NS,0.0,,,BB,,,ZZ,391.35,0.0,13.0,0.0,0.0,378.29,393.08,407.88,,3337.0,_DC,81.35,623.0,2.88,18.82,,3.0,3.0,398.9,329.5,,BB_DC,351.8999938964844,16.0,-0.10080492169034277
2024-10-30,CAPLIPOINT.NS,1.0,,ATR,,EW,,,1980.0,,,0.0,0.0,,,,,3337.0,_DC,86.12,464.0,4.97,24.86,1780.05,,,1998.85,1780.05,,ATREW_DC,1951.5,5.0,-0.014393939393939395
2024-10-30,CARYSIL.NS,0.0,,,,EW,,,795.0,,,0.0,16.0,,,,,3337.0,_W,30.82,2309.0,2.86,-3.76,739.65,,,806.0,739.65,,EW_W,772.7000122070312,18.0,-0.028050299110652516
2024-10-30,CATVISION.BO,0.0,,,,EW,,ZZ,26.0,0.0,22.0,0.0,2.0,0.0,0.0,0.0,,3337.0,_BW,74.28,859.0,2.53,13.45,23.44,17.0,17.0,26.22,23.44,,EW_BW,25.270000457763672,391.0,-0.028076905470628005
2024-10-30,CGCL.NS,1.0,,,,EW,,ZZ,211.0,0.0,32.0,0.0,0.0,186.02,201.03,216.03,,3337.0,_DC,28.21,2396.0,12.26,-4.68,177.99,4.0,4.0,216.0,177.99,,EW_DC,191.47999572753906,30.0,-0.09251186858986227
2024-10-30,CHEMTECH.BO,1.0,,,BB,EW,,,246.0,,,0.0,2.0,,,,,3337.0,_DC,87.29,425.0,4.09,26.6,222.65,,,326.0,222.65,,EWBB_DC,210.39999389648438,43.0,-0.14471547196551068
2024-10-30,CHRTEDCA.BO,1.0,,,,EW,,,269.0,,,4.0,2.0,,,,,3337.0,_UC,80.55,650.0,16.54,18.03,210.0,,,295.0,210.0,,EW_UC,265.70001220703125,17.0,-0.012267612613266728
2024-10-30,CINEVISTA.NS,1.0,,,BB,,,,18.12,,,0.0,1.0,,,,,3337.0,_DC,28.84,2375.0,4.53,-4.45,,,,23.0,16.61,,BB_DC,17.6200008392334,662.0,-0.02759377266923855
2024-10-30,CLFL.BO,1.0,,,BB,,,ZZ,24.15,0.0,17.0,0.0,0.0,22.77,23.66,24.55,,3337.0,_UC,93.11,231.0,5.56,39.73,,8.0,8.0,24.15,19.46,,BB_UC,33.9900016784668,213.0,0.40745348565079914
2024-10-30,COFFEEDAY.BO,0.0,,,,EW,,,33.0,,,0.0,3.0,,,,,3337.0,_DC,8.75,3045.0,3.39,-25.03,28.14,,,32.59,28.14,,EW_DC,,206.0,
2024-10-30,CONTPTR.BO,0.0,,,,EW,,,94.0,,,1.0,3.0,,,,,3337.0,_DC,58.21,1395.0,3.13,5.21,87.15,,,104.9,87.15,,EW_DC,91.19000244140625,146.0,-0.02989359104886968
2024-10-30,COSYN.BO,1.0,,ATR,,EW,,ZZ,51.0,0.0,8.0,0.0,0.0,46.15,49.63,53.12,,3337.0,_UC,84.29,525.0,13.23,22.26,44.0,3.0,3.0,54.66,44.0,,ATREW_UC,44.33000183105469,143.0,-0.1307842778224571
2024-10-30,CRANEX.BO,0.0,,,BB,,,ZZ,168.0,0.0,13.0,0.0,0.0,155.69,163.16,170.64,,3337.0,_W,94.27,192.0,3.53,43.19,,9.0,9.0,171.0,142.2,,BB_W,143.6999969482422,39.0,-0.14464287530808223
2024-10-30,CREDITACC.NS,0.0,,,,EW,,,984.0,,,0.0,2.0,,,,,3337.0,_DC,9.47,3021.0,3.67,-20.68,911.5,,,1295.0,911.5,,EW_DC,884.7000122070312,14.0,-0.1009146217408219
2024-10-30,CREST.NS,0.0,,,BB,,,ZZ,492.1,0.0,13.0,0.0,3.0,482.45,490.86,499.27,,3337.0,_DC,76.86,773.0,3.57,14.96,,3.0,3.0,498.0,441.35,,BB_DC,444.8999938964844,20.0,-0.09591547673951564
2024-10-30,CRISIL.NS,0.0,,,BB,,,ZZ,5372.3,0.0,30.0,0.0,0.0,5126.47,5254.01,5381.54,,3337.0,_UC,83.54,550.0,3.99,21.63,,17.0,17.0,5435.0,4260.0,,BB_UC,5190.60009765625,1.0,-0.03382162246035221
2024-10-30,CSBBANK.NS,0.0,,,BB,,,,313.65,,,0.0,0.0,,,,,3337.0,_DC,28.99,2370.0,1.4,-4.39,,,,314.95,292.05,,BB_DC,299.6000061035156,46.0,-0.04479513437425268
2024-10-30,DAMODARIND.NS,0.0,,,BB,,,,44.33,,,0.0,5.0,,,,,3337.0,_DC,25.12,2499.0,2.79,-5.96,,,,45.79,41.7,,BB_DC,38.790000915527344,380.0,-0.12497178173861166
2024-10-30,DAULAT.BO,0.0,,,BB,,,,64.4,,,0.0,0.0,,,,,3337.0,_W,85.19,495.0,-5.35,23.3,,,,64.4,60.4,,BB_W,55.61000061035156,250.0,-0.136490673752305
2024-10-30,DCBBANK.NS,0.0,,,,EW,,ZZ,120.0,0.0,48.0,0.0,0.0,115.92,120.35,124.77,,3337.0,_BW,33.6,2216.0,2.36,-2.81,108.69,4.0,4.0,121.98,108.69,,EW_BW,113.55000305175781,88.0,-0.0537499745686849
2024-10-30,DECNGOLD.BO,1.0,,,BB,,LR,ZZ,132.55,0.0,13.0,2.0,2.0,128.81,132.18,135.56,,3337.0,_DC,61.3,1292.0,4.71,6.55,,3.0,3.0,134.0,114.3,,BBLR_DC,122.1500015258789,55.0,-0.07846094661728482
2024-10-30,DEVINE.BO,1.0,,,,EW,,,9.0,,,1.0,1.0,,,,,3337.0,_UC,69.03,1034.0,4.83,10.45,8.94,,,10.77,8.94,,EW_UC,10.100000381469727,16667.0,0.12222226460774739
2024-10-30,DEVIT.NS,1.0,,ATR,,EW,,ZZ,145.0,0.0,18.0,0.0,3.0,136.94,141.96,146.98,,3337.0,_DC,70.98,969.0,8.5,11.54,125.2,3.0,3.0,147.99,125.2,,ATREW_DC,160.47000122070312,51.0,0.10668966359105603
2024-10-30,DHAMPURSUG.NS,0.0,,,,EW,,,197.0,,,0.0,3.0,,,,,3337.0,_BW,17.51,2753.0,3.03,-9.61,182.8,,,198.19,182.8,,EW_BW,173.52000427246094,70.0,-0.11918779557126427
2024-10-30,DHPIND.BO,0.0,,,,EW,,ZZ,596.0,0.0,35.0,1.0,1.0,578.61,599.59,620.57,,3337.0,_BW,22.84,2575.0,2.07,-6.9,542.75,3.0,3.0,619.0,542.75,,EW_BW,535.3499755859375,19.0,-0.10176178592963507
2024-10-30,DILIGENT.BO,1.0,,,BB,EW,,,4.0,,,0.0,2.0,,,,,3337.0,_DC,10.52,2986.0,4.53,-16.84,3.88,,,5.3,3.88,,EWBB_DC,4.059999942779541,8333.0,0.014999985694885254
2024-10-30,DLINKINDIA.NS,1.0,,,,EW,,ZZ,547.0,0.0,31.0,0.0,3.0,528.69,540.78,552.87,,3337.0,_DC,86.48,452.0,7.69,25.41,492.8,3.0,3.0,553.8,492.8,,EW_DC,518.9000244140625,18.0,-0.05137107054101919
2024-10-30,DMART.NS,0.0,,,BB,,,,3932.45,,,0.0,0.0,,,,,3337.0,_DC,13.58,2884.0,-0.92,-12.48,,,,4224.8,3920.0,,BB_DC,3823.85009765625,80.0,-0.027616346639817373
2024-10-30,DPSCLTD.NS,0.0,,,BB,,,ZZ,17.78,0.0,14.0,0.0,4.0,17.48,17.7,17.91,,3337.0,_DC,37.26,2094.0,3.25,-1.69,,3.0,3.0,18.05,16.05,,BB_DC,16.3799991607666,578.0,-0.07874020468129356
2024-10-30,DSSL.NS,1.0,,ATR,,,,ZZ,1280.4,0.0,14.0,0.0,3.0,1203.53,1258.73,1313.94,,3337.0,_DC,53.27,1560.0,7.21,3.54,,3.0,3.0,1345.9,1155.15,,ATR_DC,1292.0,8.0,0.009059668853483215
2024-10-30,DUROPACK.BO,0.0,,,,EW,,,88.0,,,1.0,3.0,,,,,3337.0,_DC,48.23,1728.0,2.86,1.86,81.0,,,87.9,81.0,,EW_DC,82.88999938964844,143.0,-0.058068188753995026
2024-10-30,DUTRON.BO,1.0,,,BB,,,ZZ,175.55,0.0,12.0,0.0,3.0,162.54,173.88,185.22,,3337.0,_DC,66.43,1121.0,5.26,9.01,,3.0,3.0,175.55,162.6,,BB_DC,163.14999389648438,77.0,-0.0706351814498185
2024-10-30,DYNAMICP.BO,0.0,,,,EW,,,37.0,,,0.0,0.0,,,,,3337.0,_DC,8.9,3040.0,3.29,-23.45,35.2,,,50.07,35.2,,EW_DC,33.310001373291016,556.0,-0.09972969261375633
2024-10-30,ECORECO.BO,0.0,,,BB,EW,,,927.0,,,2.0,5.0,,,,,3337.0,_DC,88.43,387.0,2.83,28.4,836.5,,,935.0,836.5,,EWBB_DC,913.8499755859375,11.0,-0.014185571104706042
2024-10-30,ELANGO.BO,0.0,,,BB,,,ZZ,13.05,0.0,11.0,0.0,0.0,12.76,13.08,13.39,,3337.0,_DC,76.71,778.0,3.52,14.89,,6.0,6.0,13.05,10.62,,BB_DC,12.350000381469727,412.0,-0.0536398175118984
2024-10-30,ELECTHERM.NS,1.0,,ATR,,EW,,,942.0,,,0.0,2.0,,,,,3337.0,_BW,78.0,735.0,4.35,15.95,871.35,,,942.7,871.35,,ATREW_BW,1104.8499755859375,14.0,0.17287683183220542
2024-10-30,ELNET.BO,1.0,,ATR,,,,,340.3,,,0.0,0.0,,,,,3337.0,_DC,41.01,1969.0,4.9,-0.53,,,,355.1,310.1,,ATR_DC,360.04998779296875,33.0,0.05803699028201216
2024-10-30,EMAMILTD.NS,0.0,,,BB,,,,667.7,,,4.0,4.0,,,,,3337.0,_DC,68.91,1038.0,3.26,10.37,,,,760.95,632.0,,BB_DC,642.8499755859375,28.0,-0.037217349729013846
2024-10-30,EMMBI.NS,1.0,,ATR,,,,,137.23,,,0.0,17.0,,,,,3337.0,_W,80.61,648.0,6.0,18.13,,,,144.0,125.05,,ATR_W,134.22999572753906,82.0,-0.021861140220512477
2024-10-30,ENERGYDEV.NS,1.0,,,BB,,,ZZ,23.5,0.0,46.0,0.0,0.0,23.02,23.48,23.93,,3337.0,_DC,40.23,1995.0,4.16,-0.85,,3.0,3.0,23.5,19.82,,BB_DC,25.56999969482422,272.0,0.08808509339677527
2024-10-30,ENIL.NS,1.0,,,,EW,,,188.0,,,0.0,1.0,,,,,3337.0,_UC,11.42,2956.0,5.63,-15.17,175.01,,,219.98,175.01,,EW_UC,185.36000061035156,77.0,-0.014042549944938497
2024-10-30,ENTRINT.BO,0.0,,,BB,,,,29.37,,,3.0,3.0,,,,,3337.0,_DC,64.81,1175.0,-0.55,8.12,,,,33.53,27.91,,BB_DC,35.380001068115234,685.0,0.20463061178465214
2024-10-30,ETIL.BO,1.0,,,BB,,,ZZ,8.98,0.0,44.0,0.0,2.0,8.65,8.87,9.09,,3337.0,_DC,76.83,774.0,5.24,14.94,,4.0,4.0,9.01,7.94,,BB_DC,9.390000343322754,962.0,0.0456570538221329
2024-10-30,EVERESTO.BO,0.0,,,BB,EW,,,125.0,,,5.0,5.0,,,,,3337.0,_DC,30.58,2317.0,2.09,-3.89,116.0,,,128.45,116.0,,EWBB_DC,116.9000015258789,111.0,-0.06479998779296875
2024-10-30,EXCEL.NS,1.0,,ATR,BB,,,ZZ,0.81,0.0,11.0,0.0,0.0,0.73,0.77,0.81,,3337.0,_DT,89.51,351.0,10.63,30.36,,6.0,6.0,0.81,0.71,,ATRBB_DT,1.340000033378601,10000.0,0.6543210288624703
2024-10-30,FACT.NS,1.0,,,,EW,,ZZ,863.0,0.0,10.0,0.0,3.0,849.37,860.08,870.8,,3337.0,_DC,61.51,1285.0,4.28,6.61,785.0,3.0,3.0,868.95,785.0,,EW_DC,818.7000122070312,13.0,-0.051332546689419174
2024-10-30,FIBERWEB.BO,1.0,,,,EW,,ZZ,42.0,0.0,17.0,0.0,2.0,40.44,41.48,42.53,,3337.0,_DC,58.48,1386.0,4.08,5.33,36.46,3.0,3.0,41.75,36.46,,EW_DC,49.20000076293945,181.0,0.1714285895937965
2024-10-30,FILATEX.NS,1.0,,,,EW,,,55.0,,,0.0,3.0,,,,,3337.0,_BW,24.97,2504.0,4.19,-6.06,50.5,,,55.85,50.5,,EW_BW,65.62999725341797,222.0,0.19327267733487216
2024-10-30,FORCEMOT.BO,1.0,,ATR,,EW,,ZZ,7654.0,0.0,20.0,0.0,3.0,6558.66,7309.15,8059.64,,3337.0,_BW,45.2,1829.0,15.62,0.69,6150.35,3.0,3.0,7654.0,6150.35,,ATREW_BW,6924.10009765625,1.0,-0.09536188951446956
2024-10-30,FRANKLININD.BO,0.0,,,BB,,,,1.84,,,0.0,2.0,,,,,3337.0,_DC,7.61,3083.0,0.93,-40.2,,,,2.68,1.71,,BB_DC,1.9500000476837158,7692.0,0.05978263461071508
2024-10-30,FRASER.BO,1.0,,,,EW,,ZZ,5.0,0.0,6.0,6.0,0.0,5.06,5.28,5.5,,3337.0,_UC,65.95,1137.0,11.4,8.73,4.82,3.0,3.0,5.49,4.82,,EW_UC,10.789999961853027,5556.0,1.1579999923706055
2024-10-30,FUTSOL.BO,1.0,,,,EW,,,72.0,,,0.0,1.0,,,,,3337.0,_DC,16.76,2778.0,9.09,-10.01,61.01,,,79.95,61.01,,EW_DC,64.5999984741211,91.0,-0.10277779897054036
2024-10-30,GABRIEL.NS,0.0,,,BB,,,ZZ,448.2,0.0,31.0,3.0,2.0,0.0,0.0,0.0,,3337.0,_DC,57.01,1435.0,2.95,4.79,,6.0,6.0,456.7,413.7,,BB_DC,423.45001220703125,29.0,-0.055220856298457695
2024-10-30,GAEL.NS,1.0,,,,EW,,ZZ,133.0,0.0,13.0,0.0,3.0,127.49,131.27,135.05,,3337.0,_UC,25.33,2492.0,4.24,-5.87,122.0,3.0,3.0,136.0,122.0,,EW_UC,121.47000122070312,91.0,-0.08669172014508929
2024-10-30,GAGAN.BO,0.0,,,,EW,,,22.0,,,1.0,1.0,,,,,3337.0,_UC,44.78,1843.0,3.91,0.57,20.25,,,28.59,20.25,,EW_UC,21.920000076293945,571.0,-0.0036363601684570312
2024-10-30,GANGESSECU.NS,1.0,,,,EW,,,183.0,,,0.0,1.0,,,,,3337.0,_BW,75.03,834.0,5.35,13.88,166.01,,,230.08,166.01,,EW_BW,191.0500030517578,59.0,0.04398908771452357
2024-10-30,GARFIBRES.NS,1.0,,,,EW,,,3907.0,,,0.0,1.0,,,,,3337.0,_UC,67.9,1072.0,5.28,9.75,3672.0,,,4478.0,3672.0,,EW_UC,3952.050048828125,4.0,0.011530598625063988
2024-10-30,GENESYS.NS,1.0,,ATR,BB,,,ZZ,817.75,0.0,5.0,0.0,0.0,800.76,813.11,825.46,,3337.0,_DC,86.27,459.0,9.23,25.12,,3.0,3.0,830.0,666.35,,ATRBB_DC,737.7999877929688,7.0,-0.09776828151272547
2024-10-30,GEPIL.NS,1.0,,,,EW,,,336.0,,,0.0,1.0,,,,,3337.0,_BW,27.28,2427.0,4.15,-5.08,311.2,,,425.05,311.2,,EW_BW,382.8999938964844,40.0,0.13958331516810826
2024-10-30,GGPL.BO,0.0,,,BB,,,ZZ,3.53,0.0,9.0,9.0,0.0,3.37,3.47,3.58,,3337.0,_W,39.27,2027.0,2.04,-1.09,,5.0,5.0,3.68,2.8,,BB_W,3.5199999809265137,1370.0,-0.002832866593055562
2024-10-30,GHCL.NS,1.0,,ATR,,EW,,ZZ,607.0,0.0,20.0,0.0,2.0,570.09,596.98,623.88,,3337.0,_DC,62.86,1240.0,8.77,7.27,536.1,3.0,3.0,615.5,536.1,,ATREW_DC,574.2000122070312,14.0,-0.05403622371164539
2024-10-30,GILADAFINS.BO,1.0,,,,EW,,,13.0,,,2.0,3.0,,,,,3337.0,_BW,75.72,811.0,7.44,14.45,11.5,,,13.5,11.5,,EW_BW,12.899999618530273,667.0,-0.0076923370361328125
2024-10-30,GIPCL.NS,0.0,,,,EW,,,211.0,,,0.0,2.0,,,,,3337.0,_BW,55.85,1474.0,3.52,4.37,196.31,,,244.9,196.31,,EW_BW,192.9600067138672,68.0,-0.08549759851247779
2024-10-30,GKWLIMITED.NS,1.0,,ATR,,,,ZZ,3455.35,0.0,11.0,0.0,0.0,3221.65,3347.13,3472.6,,3337.0,_BW,88.4,388.0,8.03,28.39,,6.0,6.0,3520.05,2806.0,,ATR_BW,2971.949951171875,2.0,-0.1398990113383955
2024-10-30,GLOBALCA.BO,1.0,,,,EW,,,1.0,,,0.0,3.0,,,,,3337.0,_BW,31.65,2281.0,5.9,-3.49,0.75,,,0.99,0.75,,EW_BW,0.8799999952316284,4000.0,-0.12000000476837158
2024-10-30,GLOBALVECT.NS,0.0,,,BB,,,,282.9,,,0.0,2.0,,,,,3337.0,_DC,79.17,696.0,3.12,17.08,,,,282.9,268.95,,BB_DC,254.60000610351562,72.0,-0.10003532660475205
2024-10-30,GLOBUSSPR.NS,1.0,,,,EW,,,1061.0,,,0.0,3.0,,,,,3337.0,_BW,74.91,838.0,5.13,13.79,977.15,,,1081.05,977.15,,EW_BW,837.9000244140625,12.0,-0.21027330403952638
2024-10-30,GLOSTERLTD.BO,,,,,EW,,ZZ,716.0,0.0,43.0,2.0,3.0,861.0,861.0,861.0,,3337.0,_DC,6.65,3115.0,,,628.1,3.0,3.0,770.0,628.1,,EW_DC,665.9500122070312,11.0,-0.06990221758794518
2024-10-30,GOCLCORP.NS,0.0,,,,EW,,ZZ,414.0,0.0,14.0,0.0,2.0,400.21,411.19,422.16,,3337.0,_DC,39.93,2005.0,3.67,-0.93,379.55,3.0,3.0,419.85,379.55,,EW_DC,392.25,29.0,-0.05253623188405797
2024-10-30,GODREJCP.NS,0.0,,,BB,,,,1300.05,,,3.0,4.0,,,,,3337.0,_DC,48.92,1705.0,1.83,2.09,,,,1366.6,1238.7,,BB_DC,1175.0999755859375,16.0,-0.0961117067913253
2024-10-30,GOKAKTEX.BO,1.0,,,,EW,,,202.0,,,0.0,1.0,,,,,3337.0,_DC,54.05,1534.0,4.88,3.76,182.25,,,247.7,182.25,,EW_DC,180.0,51.0,-0.10891089108910891
2024-10-30,GOKEX.NS,0.0,,,BB,,,,861.7,,,0.0,2.0,,,,,3337.0,_DC,39.57,2017.0,1.13,-1.01,,,,942.1,820.45,,BB_DC,840.0,24.0,-0.0251827782290821
2024-10-30,GOKULAGRO.NS,1.0,,,BB,,LR,ZZ,277.4,0.0,10.0,0.0,0.0,270.27,274.4,278.53,,3337.0,_DC,95.86,139.0,7.05,52.05,,3.0,3.0,280.0,245.3,,BBLR_DC,318.3999938964844,31.0,0.14780098737016728
2024-10-30,GOLDCOINHF.BO,1.0,,,,EW,,,10.0,,,0.0,0.0,,,,,3337.0,_UC,91.76,276.0,10.28,35.19,9.49,,,13.55,9.49,,EW_UC,11.930000305175781,1961.0,0.19300003051757814
2024-10-30,GOLECHA.BO,1.0,,,BB,,,ZZ,33.62,0.0,11.0,0.0,3.0,33.08,33.84,34.61,,3337.0,_DC,91.28,292.0,8.76,34.1,,3.0,3.0,33.99,26.0,,BB_DC,27.739999771118164,131.0,-0.17489590210832343
2024-10-30,GPIL.NS,1.0,,,BB,EW,,,189.0,,,0.0,0.0,,,,,3337.0,_DC,30.43,2322.0,7.61,-3.93,161.45,,,200.1,161.45,,EWBB_DC,185.4499969482422,36.0,-0.018783084929935516
2024-10-30,GRATEXI.BO,1.0,,,,EW,,,21.0,,,0.0,6.0,,,,,3337.0,_UC,65.77,1143.0,6.47,8.64,20.0,,,21.0,20.0,,EW_UC,23.049999237060547,1000.0,0.09761901128859747
2024-10-30,GRAVITY.BO,1.0,,ATR,,,,,5.06,,,0.0,0.0,,,,,3337.0,_UC,76.92,771.0,15.54,14.99,,,,5.06,4.02,,ATR_UC,7.590000152587891,962.0,0.5000000301557097
2024-10-30,GREENLAM.NS,1.0,,,BB,,,,533.15,,,9.0,0.0,,,,,3337.0,_DC,41.61,1949.0,4.81,-0.33,,,,535.25,493.35,,BB_DC,517.2000122070312,25.0,-0.029916510912442518
2024-10-30,GRPLTD.NS,1.0,,,,EW,,,3177.0,,,0.0,2.0,,,,,3337.0,_BW,91.82,274.0,6.31,35.51,2904.1,,,3178.1,2904.1,,EW_BW,3200.10009765625,4.0,0.00727104112566887
2024-10-30,GSAUTO.BO,1.0,,,,EW,,ZZ,40.0,0.0,35.0,0.0,0.0,39.08,39.45,39.82,,3337.0,_DC,47.39,1756.0,4.2,1.46,33.55,5.0,5.0,40.0,33.55,,EW_DC,37.66999816894531,155.0,-0.058250045776367186
2024-10-30,GSFC.NS,0.0,,,BB,,,,209.13,,,0.0,3.0,,,,,3337.0,_DC,26.23,2462.0,3.58,-5.4,,,,214.9,192.0,,BB_DC,194.39999389648438,58.0,-0.07043468705358208
2024-10-30,GTL.NS,1.0,,,,EW,,,13.0,,,0.0,1.0,,,,,3337.0,_DC,67.48,1086.0,6.54,9.53,11.6,,,16.41,11.6,,EW_DC,12.029999732971191,714.0,-0.0746154051560622
2024-10-30,GTNTEX.BO,1.0,,,,EW,,,11.0,,,1.0,1.0,,,,,3337.0,_BW,21.76,2611.0,4.58,-7.34,10.76,,,14.88,10.76,,EW_BW,12.0600004196167,4167.0,0.09636367451060902
2024-10-30,GUFICBIO.NS,1.0,,,,EW,,ZZ,439.0,0.0,34.0,0.0,2.0,469.72,481.83,493.94,,3337.0,_BW,85.64,480.0,4.06,24.07,411.15,17.0,17.0,460.5,411.15,,EW_BW,445.54998779296875,36.0,0.014920245542070045
2024-10-30,GUJINTRX.BO,1.0,,,,EW,,,488.0,,,0.0,1.0,,,,,3337.0,_DC,79.92,671.0,4.1,17.45,450.5,,,554.25,450.5,,EW_DC,468.3500061035156,27.0,-0.0402663809354188
2024-10-30,GUJRAFFIA.NS,0.0,,,,EW,,ZZ,45.0,0.0,41.0,0.0,1.0,42.94,44.51,46.07,,3337.0,_DC,53.69,1546.0,3.37,3.63,40.27,3.0,3.0,44.78,40.27,,EW_DC,41.91999816894531,211.0,-0.06844448513454861
2024-10-30,GULFOILLUB.NS,1.0,,,,EW,,,1158.0,,,0.0,3.0,,,,,3337.0,_DC,52.85,1574.0,4.78,3.42,1084.25,,,1362.0,1084.25,,EW_DC,1088.8499755859375,14.0,-0.05971504698969128
2024-10-30,GULFPETRO.NS,0.0,,,,EW,,,69.0,,,0.0,2.0,,,,,3337.0,_DC,36.84,2108.0,3.84,-1.83,64.1,,,82.07,64.1,,EW_DC,64.0999984741211,204.0,-0.07101451486781024
2024-10-30,HARDWYN.BO,1.0,,ATR,BB,EW,,,39.0,,,0.0,2.0,,,,,3337.0,_DC,76.59,782.0,13.03,14.82,34.0,,,41.16,34.0,,ATREWBB_DC,36.0,200.0,-0.07692307692307693
2024-10-30,HATHWAYB.BO,0.0,,,BB,,,,18.23,,,2.0,4.0,,,,,3337.0,_DC,38.16,2064.0,1.38,-1.39,,,,23.66,17.0,,BB_DC,17.68000030517578,813.0,-0.03017003262886556
2024-10-30,HBESD.BO,1.0,,ATR,,,,,103.7,,,4.0,0.0,,,,,3337.0,_UC,87.86,406.0,5.71,27.76,,,,110.55,95.8,,ATR_UC,93.5999984741211,127.0,-0.09739635029777154
2024-10-30,HBSL.NS,1.0,,,BB,,,,136.87,,,0.0,2.0,,,,,3337.0,_W,84.02,534.0,4.09,22.01,,,,146.88,126.0,,BB_W,91.77999877929688,92.0,-0.3294367006700017
2024-10-30,HCL-INSYS.NS,1.0,,,,EW,,ZZ,17.0,0.0,22.0,1.0,3.0,17.3,17.43,17.57,,3337.0,_BW,33.54,2218.0,4.15,-2.83,15.98,3.0,3.0,17.8,15.98,,EW_BW,16.469999313354492,980.0,-0.031176510979147518
2024-10-30,HEXATRADEX.NS,1.0,,,,EW,,,260.0,,,0.0,1.0,,,,,3337.0,_W,87.2,428.0,4.88,26.45,240.0,,,295.0,240.0,,EW_W,273.45001220703125,50.0,0.05173081618088942
2024-10-30,HGS.NS,0.0,,,,EW,,,768.0,,,1.0,3.0,,,,,3337.0,_BW,24.04,2535.0,0.54,-6.36,725.2,,,782.75,725.2,,EW_BW,718.9500122070312,23.0,-0.06386717160542806
2024-10-30,HINDCON.NS,0.0,,,,EW,,ZZ,46.0,0.0,14.0,0.0,3.0,45.16,46.22,47.28,,3337.0,_DC,22.18,2597.0,-0.99,-7.2,42.03,3.0,3.0,48.49,42.03,,EW_DC,40.310001373291016,252.0,-0.12369562231976053
2024-10-30,HINDTIN.BO,0.0,,,BB,,,,201.05,,,3.0,3.0,,,,,3337.0,_DC,63.88,1206.0,1.86,7.72,,,,206.7,183.0,,BB_DC,168.85000610351562,55.0,-0.16015913402877088
2024-10-30,HINDZINC.NS,0.0,,,BB,,,ZZ,560.4,0.0,45.0,0.0,0.0,509.08,531.12,553.15,,3337.0,_UC,81.18,629.0,1.81,18.68,,34.0,34.0,575.4,494.0,,BB_UC,495.3500061035156,15.0,-0.11607779067895138
2024-10-30,HITECHGEAR.NS,1.0,,,,EW,,,768.0,,,0.0,2.0,,,,,3337.0,_DC,14.48,2854.0,4.59,-11.79,710.05,,,919.0,710.05,,EW_DC,775.6500244140625,17.0,0.00996096928914388
2024-10-30,HLEGLAS.BO,1.0,,,BB,,,,369.1,,,0.0,1.0,,,,,3337.0,_DC,15.59,2817.0,4.98,-10.91,,,,421.85,350.05,,BB_DC,374.75,52.0,0.015307504741262468
2024-10-30,HOMEFIRST.NS,0.0,,,BB,,,,1210.65,,,0.0,0.0,,,,,3337.0,_DC,81.26,626.0,1.12,18.73,,,,1254.0,1081.8,,BB_DC,1049.199951171875,8.0,-0.13335815374230792
2024-10-30,HONDAPOWER.NS,0.0,,,,EW,,,3770.0,,,2.0,2.0,,,,,3337.0,_BW,83.09,565.0,0.45,21.13,3555.05,,,4500.0,3555.05,,EW_BW,3454.199951171875,5.0,-0.08376659120109417
2024-10-30,HOTLSILV.BO,0.0,,,BB,,,,16.24,,,4.0,7.0,,,,,3337.0,_DC,29.8,2343.0,0.64,-4.18,,,,16.9,15.15,,BB_DC,15.699999809265137,917.0,-0.0332512432718511
2024-10-30,HPCOTTON.BO,0.0,,,BB,,,,126.25,,,0.0,2.0,,,,,3337.0,_DC,23.53,2552.0,1.27,-6.51,,,,134.45,120.1,,BB_DC,122.0,163.0,-0.033663366336633666
2024-10-30,HPL.NS,0.0,,,BB,,,,519.1,,,0.0,0.0,,,,,3337.0,_DC,78.06,733.0,1.81,15.97,,,,525.0,436.0,,BB_DC,497.1000061035156,12.0,-0.04238103235693392
2024-10-30,HUBTOWN.NS,0.0,,,BB,,,ZZ,275.3,0.0,21.0,0.0,3.0,274.78,277.13,279.48,,3337.0,_DC,93.76,209.0,3.7,41.26,,3.0,3.0,280.9,241.35,,BB_DC,280.70001220703125,29.0,0.019615009833023025
2024-10-30,ICRA.NS,0.0,,,BB,,,,7078.85,,,0.0,1.0,,,,,3337.0,_W,80.91,638.0,1.21,18.33,,,,7735.4,6766.0,,BB_W,6305.5,3.0,-0.10924797106874709
2024-10-30,IFBAGRO.NS,1.0,,,,EW,,,545.0,,,0.0,2.0,,,,,3337.0,_DC,61.75,1277.0,5.6,6.76,503.0,,,545.4,503.0,,EW_DC,563.9000244140625,24.0,0.03467894387901376
2024-10-30,IFCI.NS,1.0,,,BB,EW,,ZZ,57.0,0.0,31.0,0.0,2.0,54.6,56.66,58.72,,3337.0,_DC,63.7,1212.0,8.01,7.61,49.72,3.0,3.0,58.4,49.72,,EWBB_DC,57.779998779296875,137.0,0.01368418911047149
2024-10-30,IGARASHI.NS,1.0,,,BB,,,ZZ,716.1,0.0,10.0,1.0,1.0,679.31,706.67,734.03,,3337.0,_DC,84.14,530.0,5.25,22.19,,6.0,6.0,737.2,653.95,,BB_DC,715.3499755859375,16.0,-0.0010473738501082569
2024-10-30,IGPL.NS,1.0,,,BB,EW,,,568.0,,,0.0,2.0,,,,,3337.0,_DC,51.65,1614.0,4.08,2.89,513.0,,,574.0,513.0,,EWBB_DC,537.3499755859375,18.0,-0.0539613105881382
2024-10-30,INCON.BO,1.0,,,,EW,,,14.0,,,0.0,1.0,,,,,3337.0,_BW,16.1,2800.0,4.16,-10.47,13.23,,,20.31,13.23,,EW_BW,14.5,1299.0,0.03571428571428571
2024-10-30,INDOAMIN.BO,1.0,,,,EW,,,173.0,,,1.0,2.0,,,,,3337.0,_DC,63.01,1235.0,6.43,7.33,157.0,,,243.4,157.0,,EW_DC,166.14999389648438,62.0,-0.03959541100298049
2024-10-30,INDOCITY.BO,1.0,,,BB,,,ZZ,15.15,0.0,23.0,2.0,5.0,15.3,15.56,15.82,,3337.0,_DC,50.3,1659.0,4.2,2.47,,5.0,5.0,15.56,13.31,,BB_DC,14.529999732971191,543.0,-0.04092411003490488
2024-10-30,INDPRUD.BO,,,,,EW,,,7377.0,,,0.0,1.0,,,,,3337.0,_BW,6.65,3115.0,,,6530.0,,,8300.0,6530.0,,EW_BW,7276.5498046875,1.0,-0.013616672809068727
2024-10-30,INDRANIB.BO,1.0,,,BB,,,ZZ,40.94,0.0,14.0,0.0,2.0,38.53,39.98,41.43,,3337.0,_DC,15.53,2819.0,9.09,-10.95,,3.0,3.0,40.94,35.0,,BB_DC,42.369998931884766,168.0,0.034929138541396385
2024-10-30,INDXTRA.BO,0.0,,,,EW,,ZZ,6.0,0.0,22.0,0.0,0.0,5.49,5.55,5.61,,3337.0,_DC,11.54,2952.0,2.43,-15.09,4.53,4.0,4.0,5.62,4.53,,EW_DC,5.949999809265137,680.0,-0.008333365122477213
2024-10-30,INFIBEAM.NS,0.0,,,BB,,,ZZ,28.06,0.0,19.0,0.0,3.0,28.08,28.21,28.33,,3337.0,_DC,27.79,2410.0,1.26,-4.86,,3.0,3.0,28.34,26.13,,BB_DC,27.309999465942383,518.0,-0.026728458091860866
2024-10-30,INSECTICID.NS,0.0,,,BB,,,ZZ,821.75,0.0,44.0,0.0,2.0,815.74,825.07,834.39,,3337.0,_DC,80.07,666.0,2.25,17.58,,3.0,3.0,837.65,750.0,,BB_DC,729.0,14.0,-0.11286887739580165
2024-10-30,INTSTOIL.BO,0.0,,,BB,,,ZZ,44.97,0.0,12.0,3.0,3.0,0.0,0.0,0.0,,3337.0,_DC,67.75,1077.0,3.02,9.66,,5.0,5.0,51.48,41.01,,BB_DC,44.0,253.0,-0.021569935512563906
2024-10-30,IOLCP.NS,0.0,,,,EW,,,399.0,,,0.0,3.0,,,,,3337.0,_DC,32.76,2244.0,2.24,-3.1,371.5,,,403.9,371.5,,EW_DC,371.54998779296875,36.0,-0.06879702307526629
2024-10-30,IRB.NS,0.0,,,,EW,,,54.0,,,0.0,3.0,,,,,3337.0,_DC,17.75,2745.0,3.82,-9.45,50.06,,,54.65,50.06,,EW_DC,47.7599983215332,254.0,-0.11555558663827402
2024-10-30,IRFC.NS,1.0,,ATR,,,,ZZ,155.55,0.0,64.0,0.0,0.0,149.82,153.76,157.7,,3337.0,_DC,52.61,1582.0,8.65,3.28,,3.0,3.0,158.0,132.8,,ATR_DC,139.66000366210938,44.0,-0.10215362480161129
2024-10-30,ISTRNETWK.BO,0.0,,ATR,,,,,3.1,,,1.0,0.0,,,,,3337.0,_UC,96.64,113.0,-10.34,59.84,,,,3.23,1.01,,ATR_UC,3.3299999237060547,478.0,0.07419352377614664
2024-10-30,ISWL.BO,1.0,,ATR,,,,,5.78,,,0.0,0.0,,,,,3337.0,_UC,94.45,186.0,5.53,44.4,,,,8.74,5.29,,ATR_UC,5.079999923706055,2041.0,-0.12110727963563071
2024-10-30,ITDCEM.NS,1.0,,,,EW,,,561.0,,,0.0,2.0,,,,,3337.0,_BW,86.51,451.0,5.62,25.48,491.1,,,570.75,491.1,,EW_BW,517.75,14.0,-0.07709447415329768
2024-10-30,IZMO.NS,1.0,,ATR,,EW,,,369.0,,,0.0,1.0,,,,,3337.0,_W,50.39,1656.0,5.89,2.49,338.4,,,422.7,338.4,,ATREW_W,381.3999938964844,33.0,0.033604319502667686
2024-10-30,JAGSNPHARM.NS,1.0,,ATR,BB,EW,,ZZ,522.0,0.0,4.0,0.0,0.0,476.15,508.65,541.14,,3337.0,_UC,91.1,298.0,11.21,33.67,437.95,3.0,3.0,554.9,437.95,,ATREWBB_UC,533.5,12.0,0.022030651340996167
2024-10-30,JAIBALAJI.NS,1.0,,,,EW,,,1057.0,,,0.0,16.0,,,,,3337.0,_W,63.64,1214.0,5.01,7.61,975.0,,,1177.0,975.0,,EW_W,941.25,12.0,-0.10950804162724692
2024-10-30,JAYBHCR.BO,1.0,,,BB,EW,,ZZ,10.0,0.0,38.0,3.0,2.0,9.17,9.6,10.02,,3337.0,_W,65.86,1140.0,5.35,8.69,8.98,16.0,16.0,9.87,8.98,,EWBB_W,10.800000190734863,980.0,0.08000001907348633
2024-10-30,JINDRILL.NS,1.0,,ATR,,,,,671.4,,,0.0,0.0,,,,,3337.0,_BW,52.49,1586.0,7.7,3.24,,,,680.9,570.1,,ATR_BW,710.9500122070312,10.0,0.05890678017133046
2024-10-30,JINDWORLD.NS,0.0,,,,EW,,,303.0,,,0.0,3.0,,,,,3337.0,_DC,21.13,2632.0,3.95,-7.57,273.45,,,310.0,273.45,,EW_DC,280.6000061035156,34.0,-0.073927372595658
2024-10-30,JISLJALEQS.NS,1.0,,,BB,EW,,,61.0,,,0.0,1.0,,,,,3337.0,_DC,37.98,2070.0,12.23,-1.44,52.03,,,61.5,52.03,,EWBB_DC,64.6500015258789,111.0,0.05983609058817879
2024-10-30,JITFINFRA.NS,1.0,,ATR,,,,,777.7,,,0.0,2.0,,,,,3337.0,_DC,39.48,2020.0,5.37,-1.04,,,,799.0,680.2,,ATR_DC,724.1500244140625,10.0,-0.06885685429592071
2024-10-30,JLL.BO,0.0,,,BB,,,ZZ,44.5,0.0,11.0,0.0,3.0,43.82,44.33,44.83,,3337.0,_DC,55.16,1497.0,3.86,4.14,,3.0,3.0,53.55,40.25,,BB_DC,45.5,235.0,0.02247191011235955
2024-10-30,JOCIL.NS,1.0,,,BB,EW,,,200.0,,,0.0,1.0,,,,,3337.0,_DC,53.84,1541.0,9.09,3.66,180.34,,,203.0,180.34,,EWBB_DC,193.07000732421875,51.0,-0.03464996337890625
2024-10-30,JYOTI.BO,1.0,,,,EW,,,114.0,,,0.0,0.0,,,,,3337.0,_UC,90.56,316.0,6.58,31.6,102.99,,,165.0,102.99,,EW_UC,117.19999694824219,91.0,0.02807014866879112
2024-10-30,KABSON.BO,1.0,,,BB,,,,38.02,,,0.0,1.0,,,,,3337.0,_DC,93.05,233.0,5.49,39.55,,,,42.45,33.47,,BB_DC,40.95000076293945,220.0,0.07706472285479879
2024-10-30,KAMADGIRI.BO,0.0,,,BB,,,,97.2,,,0.0,1.0,,,,,3337.0,_DC,77.7,745.0,2.04,15.62,,,,127.49,97.1,,BB_DC,109.94999694824219,10000.0,0.1311728081094875
2024-10-30,KAMDHENU.NS,1.0,,,,EW,,,483.0,,,0.0,2.0,,,,,3337.0,_DC,20.26,2661.0,6.0,-7.99,435.5,,,489.6,435.5,,EW_DC,480.70001220703125,21.0,-0.004761879488548137
2024-10-30,KARMAENG.NS,1.0,,,,EW,,,71.0,,,0.0,0.0,,,,,3337.0,_W,38.01,2069.0,5.02,-1.42,66.01,,,77.98,66.01,,EW_W,71.36000061035156,200.0,0.0050704311317121475
2024-10-30,KENNAMET.BO,0.0,,,,EW,,,3043.0,,,0.0,2.0,,,,,3337.0,_DC,66.7,1112.0,3.0,9.13,2821.0,,,3060.0,2821.0,,EW_DC,3020.35009765625,5.0,-0.007443280428442327
2024-10-30,KERNEX.NS,0.0,,,,,LR,ZZ,751.05,0.0,9.0,0.0,3.0,750.0,750.76,751.53,,3337.0,_W,82.73,577.0,3.33,20.52,,3.0,3.0,766.3,687.2,,LR_W,867.5,16.0,0.15504959723054398
2024-10-30,KESARENT.BO,1.0,,,,EW,LR,,151.0,,,0.0,2.0,,,,,3337.0,_DC,74.76,843.0,6.99,13.67,130.3,,,153.2,130.3,,EWLR_DC,140.5,48.0,-0.0695364238410596
2024-10-30,KHANDSE.NS,1.0,,,BB,EW,LR,,30.0,,,0.0,0.0,,,,,3337.0,_DC,47.75,1744.0,8.97,1.62,26.1,,,30.7,26.1,,EWBBLR_DC,28.68000030517578,256.0,-0.04399998982747396
2024-10-30,KILITCH.NS,1.0,,,,EW,,ZZ,327.0,0.0,33.0,0.0,5.0,313.35,321.42,329.49,,3337.0,_UC,33.72,2212.0,6.1,-2.79,300.1,3.0,3.0,333.75,300.1,,EW_UC,334.04998779296875,37.0,0.02155959569715214
2024-10-30,KIRLOSIND.NS,1.0,,,,EW,,,4821.0,,,0.0,2.0,,,,,3337.0,_DC,29.53,2352.0,6.63,-4.29,4399.9,,,4875.0,4399.9,,EW_DC,4547.10009765625,2.0,-0.05681391876037129
2024-10-30,KITEX.NS,1.0,,,BB,,,ZZ,556.3,0.0,14.0,0.0,0.0,545.59,552.91,560.23,,3337.0,_DC,97.69,78.0,4.55,80.5,,6.0,6.0,565.45,460.8,,BB_DC,608.4000244140625,10.0,0.0936545468525302
2024-10-30,KJMCFIN.BO,1.0,,ATR,,EW,,ZZ,88.0,0.0,25.0,0.0,3.0,82.06,85.32,88.57,,3337.0,_BW,85.58,482.0,15.28,23.92,72.0,3.0,3.0,89.85,72.0,,ATREW_BW,150.75,62.0,0.7130681818181818
2024-10-30,KMCSHIL.BO,0.0,,,,EW,,ZZ,80.0,0.0,45.0,0.0,3.0,79.88,80.55,81.21,,3337.0,_DC,32.07,2267.0,1.54,-3.34,71.1,3.0,3.0,81.5,71.1,,EW_DC,76.81999969482422,112.0,-0.03975000381469727
2024-10-30,KOTHARIPET.NS,1.0,,,,EW,,,218.0,,,0.0,3.0,,,,,3337.0,_BW,88.64,380.0,7.89,28.77,198.0,,,221.0,198.0,,EW_BW,187.67999267578125,50.0,-0.13908260240467316
2024-10-30,KPEL.BO,1.0,,,,EW,,,566.0,,,0.0,1.0,,,,,3337.0,_BW,90.59,315.0,4.77,31.62,502.75,,,603.0,502.75,,EW_BW,535.9500122070312,16.0,-0.053091851224326414
2024-10-30,KPIL.NS,0.0,,,,EW,,,1261.0,,,0.0,0.0,,,,,3337.0,_DC,57.22,1428.0,0.35,4.89,1156.5,,,1264.95,1156.5,,EW_DC,1199.0,10.0,-0.04916732751784298
2024-10-30,KRIDHANINF.NS,1.0,,,,EW,,,4.0,,,0.0,3.0,,,,,3337.0,_BW,48.53,1718.0,5.96,2.01,3.9,,,4.4,3.9,,EW_BW,4.079999923706055,10000.0,0.019999980926513672
2024-10-30,KSHITIJPOL.NS,0.0,,,,EW,,,6.0,,,0.0,1.0,,,,,3337.0,_W,37.53,2085.0,3.17,-1.62,5.67,,,7.6,5.67,,EW_W,4.989999771118164,3030.0,-0.168333371480306
2024-10-30,KUSHIND.BO,1.0,,,,EW,,,8.0,,,0.0,1.0,,,,,3337.0,_W,34.23,2195.0,5.07,-2.63,7.56,,,9.78,7.56,,EW_W,8.220000267028809,2273.0,0.027500033378601074
2024-10-30,LAMBODHARA.NS,0.0,,,,EW,,,150.0,,,0.0,2.0,,,,,3337.0,_DC,25.42,2489.0,3.37,-5.84,135.43,,,196.5,135.43,,EW_DC,139.9600067138672,69.0,-0.06693328857421875
2024-10-30,LAXMICOT.NS,0.0,,,,EW,,ZZ,33.0,0.0,13.0,0.0,3.0,31.61,32.88,34.16,,3337.0,_DC,48.32,1725.0,3.56,1.92,30.76,3.0,3.0,35.88,30.76,,EW_DC,31.690000534057617,446.0,-0.03969695351340554
2024-10-30,LGBBROSLTD.NS,0.0,,,,EW,,,1318.0,,,0.0,0.0,,,,,3337.0,_DC,51.98,1603.0,2.51,3.03,1232.95,,,1335.6,1232.95,,EW_DC,1251.75,12.0,-0.05026555386949924
2024-10-30,LIBAS.NS,1.0,,,BB,,,,17.22,,,0.0,2.0,,,,,3337.0,_DC,21.82,2609.0,4.12,-7.33,,,,20.65,15.3,,BB_DC,16.670000076293945,521.0,-0.03193960067979405
2024-10-30,LICHSGFIN.NS,0.0,,,,,LR,ZZ,633.0,0.0,32.0,0.0,0.0,620.09,635.25,650.41,,3337.0,_DC,41.13,1965.0,-0.91,-0.49,,6.0,6.0,657.6,580.15,,LR_DC,608.1500244140625,19.0,-0.039257465380627965
2024-10-30,LIKHITHA.NS,0.0,,,BB,EW,,,363.0,,,0.0,2.0,,,,,3337.0,_DC,47.54,1751.0,1.57,1.55,338.0,,,364.9,338.0,,EWBB_DC,338.25,40.0,-0.06818181818181818
2024-10-30,LTFOODS.NS,0.0,,,,EW,,ZZ,379.0,0.0,9.0,0.0,3.0,378.78,382.59,386.4,,3337.0,_DC,91.04,300.0,0.53,33.37,338.0,3.0,3.0,427.8,338.0,,EW_DC,355.20001220703125,24.0,-0.06279680156456134
2024-10-30,LUMAXTECH.NS,1.0,,ATR,,EW,,,526.0,,,0.0,2.0,,,,,3337.0,_DC,58.15,1397.0,6.51,5.2,469.75,,,530.65,469.75,,ATREW_DC,513.5,18.0,-0.02376425855513308
2024-10-30,LUXIND.NS,0.0,,,,EW,,ZZ,1966.0,0.0,18.0,0.0,2.0,1946.21,1964.09,1981.97,,3337.0,_DC,72.75,910.0,0.22,12.63,1806.0,3.0,3.0,1975.0,1806.0,,EW_DC,1851.300048828125,6.0,-0.05834178594703713
2024-10-30,LWSKNIT.BO,1.0,,ATR,BB,EW,,,43.0,,,3.0,4.0,,,,,3337.0,_W,79.98,669.0,8.49,17.56,38.51,,,43.17,38.51,,ATREWBB_W,45.29999923706055,223.0,0.05348835435024528
2024-10-30,LYPSAGEMS.NS,1.0,,,,EW,,,7.0,,,0.0,1.0,,,,,3337.0,_DC,56.77,1443.0,5.32,4.74,6.81,,,7.99,6.81,,EW_DC,6.880000114440918,5263.0,-0.017142840794154575
2024-10-30,MADHAV.NS,1.0,,ATR,,EW,,,51.0,,,0.0,0.0,,,,,3337.0,_DC,61.9,1272.0,8.52,6.8,45.99,,,55.0,45.99,,ATREW_DC,44.720001220703125,200.0,-0.1231372309666054
2024-10-30,MADHAVIPL.BO,1.0,,,,EW,,,15.0,,,0.0,0.0,,,,,3337.0,_DC,76.32,791.0,4.64,14.73,13.7,,,19.84,13.7,,EW_DC,14.479999542236328,769.0,-0.03466669718424479
2024-10-30,MAINFRA.BO,0.0,,,BB,,,,23.95,,,3.0,3.0,,,,,3337.0,_DC,7.13,3099.0,0.72,-54.83,,,,27.1,21.9,,BB_DC,20.280000686645508,488.0,-0.15323587947200382
2024-10-30,MANALIPETC.NS,1.0,,,,EW,,ZZ,71.0,0.0,45.0,0.0,3.0,68.54,70.4,72.27,,3337.0,_DC,23.95,2538.0,6.03,-6.39,63.07,3.0,3.0,72.3,63.07,,EW_DC,63.220001220703125,126.0,-0.10957744759573064
2024-10-30,MANGIND.BO,0.0,,,BB,,,ZZ,3.5,0.0,32.0,0.0,0.0,3.36,3.55,3.74,,3337.0,_DC,17.9,2740.0,0.97,-9.41,,3.0,3.0,3.64,2.71,,BB_DC,3.559999942779541,1266.0,0.017142840794154575
2024-10-30,MANGLMCEM.NS,0.0,,,BB,,,,835.95,,,0.0,16.0,,,,,3337.0,_W,46.52,1785.0,3.08,1.09,,,,839.9,779.75,,BB_W,819.6500244140625,18.0,-0.019498744644939944
2024-10-30,MANINFRA.NS,0.0,,ATR,BB,,,ZZ,191.32,0.0,22.0,0.0,0.0,186.57,190.24,193.91,,3337.0,_DC,41.79,1943.0,3.2,-0.29,,3.0,3.0,194.3,173.5,,ATRBB_DC,172.52999877929688,56.0,-0.09821242536432741
2024-10-30,MANUGRAPH.NS,1.0,,,BB,EW,,,22.0,,,0.0,1.0,,,,,3337.0,_DC,29.92,2339.0,4.08,-4.11,20.61,,,24.95,20.61,,EWBB_DC,22.31999969482422,719.0,0.014545440673828125
2024-10-30,MARINE.NS,1.0,,,,EW,,,207.0,,,0.0,2.0,,,,,3337.0,_DC,91.67,279.0,7.99,35.05,185.1,,,245.5,185.1,,EW_DC,226.41000366210938,46.0,0.09376813363337862
2024-10-30,MAXHEIGHTS.BO,0.0,,,BB,EW,,,26.0,,,0.0,1.0,,,,,3337.0,_W,7.46,3088.0,2.41,-44.15,24.32,,,47.56,24.32,,EWBB_W,25.670000076293945,595.0,-0.01269230475792518
2024-10-30,MCLEODRUSS.NS,0.0,,,BB,,,ZZ,28.89,0.0,13.0,0.0,0.0,28.73,29.18,29.63,,3337.0,_DC,56.47,1453.0,-0.42,4.65,,3.0,3.0,29.85,26.28,,BB_DC,29.399999618530273,383.0,0.017653153981663998
2024-10-30,MEDICAMEQ.BO,1.0,,ATR,,,,ZZ,546.3,0.0,20.0,3.0,4.0,486.57,524.94,563.31,,3337.0,_BW,54.86,1507.0,10.72,4.05,,4.0,4.0,559.95,475.3,,ATR_BW,450.79998779296875,14.0,-0.17481239649831817
2024-10-30,MEHIF.BO,1.0,,,BB,,,,31.5,,,0.0,1.0,,,,,3337.0,_DC,39.96,2004.0,6.04,-0.93,,,,32.28,27.71,,BB_DC,30.690000534057617,264.0,-0.025714268760075643
2024-10-30,MERCANTILE.BO,0.0,,,,EW,,,25.0,,,7.0,8.0,,,,,3337.0,_W,59.23,1361.0,1.28,5.62,23.56,,,25.74,23.56,,EW_W,24.329999923706055,694.0,-0.026800003051757813
2024-10-30,MINDACORP.NS,0.0,,,,EW,,,506.0,,,0.0,3.0,,,,,3337.0,_BW,63.61,1215.0,0.87,7.6,469.05,,,623.8,469.05,,EW_BW,494.29998779296875,27.0,-0.023122553768836464
2024-10-30,MKPL.NS,1.0,,,,EW,,,9.0,,,0.0,2.0,,,,,3337.0,_BW,12.98,2904.0,4.05,-13.22,7.91,,,9.35,7.91,,EW_BW,8.170000076293945,917.0,-0.09222221374511719
2024-10-30,MMTC.NS,1.0,,,,EW,,,79.0,,,0.0,3.0,,,,,3337.0,_DC,42.42,1922.0,4.77,-0.11,72.16,,,79.35,72.16,,EW_DC,75.3499984741211,146.0,-0.046202550960492486
2024-10-30,MOLDTECH.NS,0.0,,,BB,,,,211.77,,,0.0,2.0,,,,,3337.0,_DC,27.64,2415.0,3.0,-4.89,,,,238.4,198.61,,BB_DC,206.72999572753906,76.0,-0.023799425189880284
2024-10-30,MONGIPA.BO,0.0,,,BB,,,ZZ,56.71,0.0,12.0,3.0,5.0,54.54,56.24,57.93,,3337.0,_DC,89.0,368.0,0.94,29.53,,6.0,6.0,57.19,49.83,,BB_DC,57.459999084472656,145.0,0.013225164600117358
2024-10-30,MORARKFI.BO,1.0,,,,,LR,ZZ,160.05,0.0,8.0,0.0,0.0,156.61,159.57,162.54,,3337.0,_W,58.63,1381.0,5.0,5.4,,3.0,3.0,169.5,145.2,,LR_W,156.5500030517578,67.0,-0.021868147130535448
2024-10-30,MSPL.NS,1.0,,,,EW,,,42.0,,,2.0,2.0,,,,,3337.0,_DC,81.32,624.0,5.74,18.81,38.87,,,64.52,38.87,,EW_DC,40.060001373291016,319.0,-0.046190443493071054
2024-10-30,MUKESHB.BO,1.0,,,BB,EW,,,139.0,,,1.0,3.0,,,,,3337.0,_W,47.36,1757.0,4.42,1.46,130.6,,,141.0,130.6,,EWBB_W,148.14999389648438,119.0,0.06582729421931205
2024-10-30,MUTHOOTFIN.NS,0.0,,,,,LR,,1968.5,,,0.0,0.0,,,,,3337.0,_BW,70.62,981.0,0.54,11.35,,,,2003.0,1890.05,,LR_BW,1775.8499755859375,13.0,-0.09786640813516002
2024-10-30,MYSTICELE.BO,1.0,,,BB,,,,4.98,,,0.0,2.0,,,,,3337.0,_DC,67.33,1091.0,4.65,9.48,,,,6.04,4.34,,BB_DC,6.099999904632568,1562.0,0.22489957924348752
2024-10-30,NAGREEKEXP.NS,1.0,,,,EW,,,36.0,,,0.0,2.0,,,,,3337.0,_DC,41.49,1953.0,4.16,-0.39,32.89,,,36.05,32.89,,EW_DC,36.08000183105469,322.0,0.0022222730848524305
2024-10-30,NARBADA.BO,1.0,,,BB,,,ZZ,72.93,0.0,7.0,0.0,3.0,69.38,71.92,74.46,,3337.0,_DC,61.96,1270.0,5.06,6.81,,3.0,3.0,75.37,62.5,,BB_DC,60.099998474121094,96.0,-0.1759221380211012
2024-10-30,NARPROP.BO,0.0,,,BB,,,ZZ,43.96,0.0,9.0,0.0,1.0,41.82,43.27,44.72,,3337.0,_DC,26.8,2443.0,2.09,-5.24,,5.0,5.0,45.8,40.3,,BB_DC,43.4900016784668,273.0,-0.010691499579918197
2024-10-30,NATCOPHARM.NS,0.0,,,BB,,,,1382.6,,,0.0,0.0,,,,,3337.0,_DC,79.56,683.0,3.23,17.21,,,,1391.0,1282.55,,BB_DC,1376.550048828125,10.0,-0.0043757783682011496
2024-10-30,NATPLASTI.BO,0.0,,,BB,,,,373.6,,,0.0,1.0,,,,,3337.0,_DC,30.22,2329.0,3.41,-4.01,,,,455.0,350.1,,BB_DC,369.3999938964844,43.0,-0.011241986358446594
2024-10-30,NAVA.NS,0.0,,,,EW,,ZZ,944.0,0.0,26.0,0.0,3.0,943.69,951.05,958.41,,3337.0,_DC,90.83,307.0,1.08,32.58,864.0,3.0,3.0,968.1,864.0,,EW_DC,897.2999877929688,12.0,-0.04947035191422802
2024-10-30,NAVKARCORP.NS,1.0,,ATR,,,,ZZ,133.51,0.0,10.0,0.0,0.0,128.82,131.54,134.26,,3337.0,_BW,76.74,777.0,7.92,14.9,,3.0,3.0,134.9,108.65,,ATR_BW,127.0199966430664,40.0,-0.04861061611065527
2024-10-30,NAVNETEDUL.NS,0.0,,,BB,,,,140.54,,,0.0,0.0,,,,,3337.0,_DC,36.27,2127.0,1.13,-2.04,,,,143.7,132.0,,BB_DC,135.83999633789062,117.0,-0.033442462374479634
2024-10-30,NEELKAN.BO,1.0,,,,EW,,,14.0,,,0.0,2.0,,,,,3337.0,_DC,53.42,1555.0,4.81,3.57,13.13,,,16.97,13.13,,EW_DC,15.15999984741211,1149.0,0.08285713195800781
2024-10-30,NELCO.NS,1.0,,,,EW,,,910.0,,,0.0,2.0,,,,,3337.0,_DC,58.78,1376.0,4.07,5.46,840.0,,,922.7,840.0,,EW_DC,886.3499755859375,14.0,-0.0259890378176511
2024-10-30,NETLINK.BO,0.0,,,,EW,,,143.0,,,0.0,2.0,,,,,3337.0,_DC,15.83,2809.0,2.58,-10.76,132.0,,,144.0,132.0,,EW_DC,223.1999969482422,91.0,0.5608391394981971
2024-10-30,NGLFINE.BO,1.0,,,,EW,,,1951.0,,,0.0,0.0,,,,,3337.0,_W,17.99,2737.0,5.19,-9.35,1801.05,,,2046.0,1801.05,,EW_W,1826.1500244140625,7.0,-0.06399281167910686
2024-10-30,NIACL.NS,0.0,,,BB,,,,200.07,,,0.0,3.0,,,,,3337.0,_DC,15.35,2825.0,2.12,-11.1,,,,204.0,187.16,,BB_DC,176.0500030517578,77.0,-0.12005796445365213
2024-10-30,NIPPOBATRY.NS,0.0,,,,EW,,,559.0,,,0.0,0.0,,,,,3337.0,_DC,22.99,2570.0,0.14,-6.8,505.5,,,570.3,505.5,,EW_DC,516.2000122070312,19.0,-0.07656527333268112
2024-10-30,NLCINDIA.NS,0.0,,,,EW,,,252.0,,,0.0,2.0,,,,,3337.0,_BW,48.74,1711.0,0.74,2.04,231.65,,,254.75,231.65,,EW_BW,232.3000030517578,49.0,-0.07817459106445312
2024-10-30,NORBTEAEXP.NS,0.0,,ATR,,EW,,,15.0,,,0.0,0.0,,,,,3337.0,_UC,36.96,2104.0,3.78,-1.79,13.53,,,26.36,13.53,,ATREW_UC,15.970000267028809,680.0,0.06466668446858724
2024-10-30,NPRFIN.BO,0.0,,,BB,,,ZZ,28.19,0.0,10.0,0.0,5.0,26.5,27.87,29.23,,3337.0,_W,90.32,324.0,1.3,31.29,,5.0,5.0,32.9,25.01,,BB_W,29.510000228881836,314.0,0.04682512340836589
2024-10-30,NRAIL.NS,0.0,,,BB,EW,,ZZ,352.0,0.0,59.0,1.0,3.0,348.1,352.32,356.53,,3337.0,_DC,14.93,2839.0,1.69,-11.34,318.0,3.0,3.0,356.45,318.0,,EWBB_DC,338.45001220703125,29.0,-0.03849428350275213
2024-10-30,OKPLA.BO,0.0,,,BB,,,,12.53,,,0.0,3.0,,,,,3337.0,_DC,9.17,3031.0,2.56,-22.07,,,,14.39,11.6,,BB_DC,11.170000076293945,1075.0,-0.10853949909864757
2024-10-30,ONEPOINT.NS,0.0,,,,EW,,ZZ,64.0,0.0,35.0,1.0,2.0,63.56,64.56,65.55,,3337.0,_DC,61.0,1302.0,0.61,6.41,58.15,3.0,3.0,73.98,58.15,,EW_DC,65.3499984741211,171.0,0.02109372615814209
2024-10-30,ONTIC.BO,1.0,,,BB,,,ZZ,0.73,0.0,7.0,2.0,3.0,0.69,0.72,0.74,,3337.0,_W,82.16,596.0,4.75,19.9,,3.0,3.0,0.76,0.64,,BB_W,0.7400000095367432,11111.0,0.013698643201018058
2024-10-30,OPTIEMUS.NS,1.0,,,BB,,,ZZ,683.55,0.0,10.0,0.0,0.0,663.05,682.78,702.52,,3337.0,_DC,96.58,115.0,7.54,59.35,,3.0,3.0,683.55,580.0,,BB_DC,631.3499755859375,10.0,-0.07636606599965248
2024-10-30,ORCHPHARMA.NS,1.0,,,BB,,,ZZ,1391.15,0.0,13.0,0.0,0.0,1284.18,1346.8,1409.42,,3337.0,_W,81.24,627.0,7.16,18.71,,6.0,6.0,1433.45,1225.05,,BB_W,1440.4000244140625,6.0,0.03540238249941588
2024-10-30,ORGCOAT.BO,1.0,,ATR,,EW,,,31.0,,,0.0,0.0,,,,,3337.0,_UC,98.2,61.0,8.31,93.07,28.23,,,36.35,28.23,,ATREW_UC,22.540000915527344,361.0,-0.2729031962733115
2024-10-30,ORIENTCER.NS,0.0,,,BB,,,,45.76,,,0.0,1.0,,,,,3337.0,_DC,24.7,2513.0,2.52,-6.16,,,,52.99,43.3,,BB_DC,42.45000076293945,407.0,-0.07233389941128814
2024-10-30,ORIENTHOT.NS,1.0,,ATR,BB,,,ZZ,180.69,0.0,12.0,0.0,4.0,165.95,173.32,180.68,,3337.0,_DC,85.52,484.0,12.05,23.82,,5.0,5.0,182.5,159.01,,ATRBB_DC,172.52999877929688,46.0,-0.04516022591567393
2024-10-30,ORIENTPPR.NS,1.0,,,,EW,,,42.0,,,3.0,3.0,,,,,3337.0,_DC,14.87,2841.0,4.12,-11.37,39.22,,,47.88,39.22,,EW_DC,37.040000915527344,360.0,-0.11809521629696801
2024-10-30,ORIENTTR.BO,1.0,,,,EW,,,16.0,,,0.0,2.0,,,,,3337.0,_BW,91.22,294.0,5.12,33.88,13.39,,,15.83,13.39,,EW_BW,15.449999809265137,383.0,-0.034375011920928955
2024-10-30,OTCO.BO,0.0,,,,EW,,,8.0,,,6.0,6.0,,,,,3337.0,_DC,56.38,1456.0,2.89,4.61,6.55,,,7.8,6.55,,EW_DC,7.840000152587891,690.0,-0.019999980926513672
2024-10-30,PACIFICI.BO,1.0,,,,EW,,,320.0,,,0.0,3.0,,,,,3337.0,_DC,88.55,383.0,4.41,28.57,288.0,,,325.0,288.0,,EW_DC,302.6499938964844,31.0,-0.05421876907348633
2024-10-30,PANSARI.NS,1.0,,ATR,,,,ZZ,138.41,0.0,25.0,0.0,0.0,127.04,132.49,137.94,,3337.0,_UC,87.98,402.0,5.13,27.84,,17.0,17.0,139.06,116.1,,ATR_UC,173.5,45.0,0.2535221443537317
2024-10-30,PARNAXLAB.BO,0.0,,,,EW,,,145.0,,,7.0,3.0,,,,,3337.0,_BW,83.45,553.0,3.58,21.58,132.0,,,170.9,132.0,,EW_BW,153.0,77.0,0.05517241379310345
2024-10-30,PDSL.NS,1.0,,ATR,BB,,,ZZ,544.5,0.0,45.0,0.0,0.0,512.49,536.52,560.54,,3337.0,_DC,70.95,970.0,8.56,11.53,,3.0,3.0,555.0,468.0,,ATRBB_DC,504.25,13.0,-0.07392102846648302
2024-10-30,PGEL.NS,0.0,,,,EW,,ZZ,600.0,0.0,15.0,0.0,16.0,592.98,599.06,605.14,,3337.0,_DC,97.45,86.0,-0.3,73.0,546.95,3.0,3.0,613.7,546.95,,EW_DC,628.75,19.0,0.04791666666666667
2024-10-30,PGFOILQ.BO,1.0,,,,EW,,,194.0,,,0.0,1.0,,,,,3337.0,_BW,37.44,2088.0,4.65,-1.65,178.0,,,225.0,178.0,,EW_BW,184.75,62.0,-0.04768041237113402
2024-10-30,PHARMAID.BO,1.0,,,BB,,,ZZ,40.9,0.0,15.0,0.0,3.0,36.16,39.34,42.52,,3337.0,_DC,20.56,2651.0,13.49,-7.83,,3.0,3.0,41.32,31.9,,BB_DC,75.20999908447266,111.0,0.8388752832389403
2024-10-30,PHOENIXLTD.NS,0.0,,,,EW,,,1566.0,,,0.0,2.0,,,,,3337.0,_DC,41.28,1960.0,2.63,-0.48,1338.05,,,1603.3,1338.05,,EW_DC,1397.949951171875,4.0,-0.10731165314695083
2024-10-30,PHOENIXTN.BO,1.0,,,,,LR,ZZ,226.95,0.0,20.0,0.0,0.0,222.1,226.13,230.16,,3337.0,_BW,97.18,95.0,6.04,67.29,,5.0,5.0,226.95,171.65,,LR_BW,235.64999389648438,18.0,0.038334408003896835
2024-10-30,PHOTOQUP.BO,1.0,,,,EW,,,24.0,,,0.0,2.0,,,,,3337.0,_UC,35.85,2141.0,4.83,-2.17,21.82,,,26.79,21.82,,EW_UC,23.489999771118164,459.0,-0.021250009536743164
2024-10-30,PILITA.NS,1.0,,,,EW,,,15.0,,,0.0,1.0,,,,,3337.0,_UC,75.6,815.0,5.26,14.31,13.67,,,16.99,13.67,,EW_UC,13.479999542236328,752.0,-0.10133336385091146
2024-10-30,PIONRINV.BO,1.0,,,,EW,,,64.0,,,10.0,7.0,,,,,3337.0,_W,79.41,688.0,6.22,17.16,58.02,,,67.99,58.02,,EW_W,62.16999816894531,167.0,-0.028593778610229492
2024-10-30,PIXTRANS.BO,1.0,,,BB,EW,,,1546.0,,,0.0,3.0,,,,,3337.0,_DC,67.51,1085.0,8.97,9.58,1379.2,,,1554.7,1379.2,,EWBB_DC,2157.75,6.0,0.3956985769728331
2024-10-30,PML.BO,0.0,,,,EW,,,933.0,,,2.0,2.0,,,,,3337.0,_W,44.84,1841.0,2.86,0.59,875.0,,,993.0,875.0,,EW_W,927.8499755859375,17.0,-0.0055198546774517685
2024-10-30,PNC.NS,1.0,,ATR,,EW,,,62.0,,,0.0,3.0,,,,,3337.0,_DC,40.35,1991.0,9.2,-0.78,54.28,,,65.58,54.28,,ATREW_DC,63.36000061035156,130.0,0.02193549371534778
2024-10-30,POLYCHEM.BO,0.0,,,BB,,,ZZ,3028.65,0.0,28.0,1.0,3.0,2977.77,3031.62,3085.47,,3337.0,_DC,65.26,1160.0,1.79,8.46,,3.0,3.0,3129.95,2775.0,,BB_DC,2335.14990234375,4.0,-0.22897994078426034
2024-10-30,POLYLINK.BO,0.0,,,,,LR,ZZ,36.83,0.0,13.0,0.0,0.0,36.3,37.3,38.31,,3337.0,_DC,70.44,987.0,-0.65,11.23,,3.0,3.0,38.35,33.2,,LR_DC,33.0,275.0,-0.10399131143089868
2024-10-30,POLYMED.NS,1.0,,ATR,,,,ZZ,2790.45,0.0,37.0,0.0,0.0,2548.69,2627.1,2705.52,,3337.0,_UC,93.97,202.0,10.11,42.26,,22.0,22.0,2818.0,2241.85,,ATR_UC,2701.10009765625,2.0,-0.032019890105090515
2024-10-30,POLYSPIN.BO,0.0,,,,EW,,ZZ,43.0,0.0,46.0,3.0,3.0,45.75,45.75,45.75,,3337.0,_BW,22.09,2600.0,1.05,-7.24,39.0,4.0,4.0,48.75,39.0,,EW_BW,42.310001373291016,250.0,-0.016046479690906612
2024-10-30,PONNIERODE.NS,0.0,,,,EW,,,456.0,,,0.0,0.0,,,,,3337.0,_DC,45.26,1827.0,2.51,0.71,419.6,,,459.0,419.6,,EW_DC,405.20001220703125,27.0,-0.11140348200212445
2024-10-30,POONAWALLA.NS,1.0,,,,EW,,,376.0,,,0.0,2.0,,,,,3337.0,_DC,21.01,2636.0,8.12,-7.62,270.05,,,379.0,270.05,,EW_DC,355.95001220703125,9.0,-0.05332443561959774
2024-10-30,PQIF.BO,1.0,,,BB,EW,,,43.0,,,0.0,0.0,,,,,3337.0,_DC,32.79,2243.0,8.16,-3.08,37.0,,,43.03,37.0,,EWBB_DC,62.029998779296875,167.0,0.44255811114643895
2024-10-30,PRAENG.NS,1.0,,,BB,,,ZZ,35.44,0.0,14.0,0.0,0.0,34.61,34.89,35.17,,3337.0,_DC,73.92,871.0,5.96,13.21,,5.0,5.0,35.44,30.0,,BB_DC,32.189998626708984,184.0,-0.09170432768879835
2024-10-30,PRAGBOS.BO,0.0,,,BB,EW,,ZZ,3.0,0.0,29.0,7.0,16.0,0.0,0.0,0.0,,3337.0,_W,38.4,2056.0,2.06,-1.29,2.71,16.0,16.0,3.2,2.71,,EWBB_W,2.930000066757202,3448.0,-0.023333311080932617
2024-10-30,PRAKASH.NS,1.0,,,,EW,,,166.0,,,0.0,2.0,,,,,3337.0,_DC,36.78,2110.0,6.65,-1.85,147.9,,,167.95,147.9,,EW_DC,169.49000549316406,55.0,0.02102412947689194
2024-10-30,PRAXIS.NS,1.0,,ATR,,,,,24.14,,,0.0,0.0,,,,,3337.0,_UC,77.97,736.0,5.12,15.93,,,,27.82,21.97,,ATR_UC,22.200000762939453,461.0,-0.08036450857748746
2024-10-30,PRECAM.NS,1.0,,ATR,,,,,309.36,,,0.0,2.0,,,,,3337.0,_DC,91.61,281.0,13.75,34.96,,,,315.0,263.01,,ATR_DC,298.1000061035156,22.0,-0.036397704604617234
2024-10-30,PRECOT.NS,1.0,,,,EW,,,447.0,,,0.0,2.0,,,,,3337.0,_UC,67.72,1078.0,4.71,9.65,415.1,,,448.0,415.1,,EW_UC,561.6500244140625,31.0,0.2564877503670302
2024-10-30,PREMCO.BO,1.0,,,,EW,,,447.0,,,3.0,3.0,,,,,3337.0,_DC,50.96,1637.0,5.61,2.7,420.55,,,473.85,420.55,,EW_DC,477.8500061035156,38.0,0.06901567360965465
2024-10-30,PRIVISCL.NS,0.0,,,,EW,,,1738.0,,,3.0,3.0,,,,,3337.0,_UC,87.02,434.0,3.3,26.21,1606.0,,,1808.0,1606.0,,EW_UC,1785.3499755859375,8.0,0.02724394452585587
2024-10-30,PSB.NS,0.0,,,,EW,,ZZ,52.0,0.0,48.0,0.0,5.0,50.28,51.37,52.47,,3337.0,_DT,23.26,2561.0,3.46,-6.66,47.05,3.0,3.0,52.16,47.05,,EW_DT,47.43000030517578,202.0,-0.08788460951585036
2024-10-30,QUESS.NS,1.0,,,,EW,,,700.0,,,0.0,1.0,,,,,3337.0,_DC,59.98,1336.0,5.84,5.97,655.25,,,766.9,655.25,,EW_DC,637.1500244140625,22.0,-0.08978567940848214
2024-10-30,RACE.BO,0.0,,,BB,,,,382.7,,,0.0,2.0,,,,,3337.0,_DC,61.06,1300.0,0.48,6.42,,,,385.3,355.0,,BB_DC,367.0,36.0,-0.04102430101907496
2024-10-30,RADICO.NS,1.0,,ATR,,,,ZZ,2412.05,0.0,29.0,3.0,3.0,2236.5,2332.5,2428.5,,3337.0,_BW,89.09,365.0,8.87,29.63,,16.0,16.0,2524.0,2083.1,,ATR_BW,2249.14990234375,3.0,-0.06753595392145692
2024-10-30,RAGHUNAT.BO,0.0,,,,EW,,,13.0,,,1.0,2.0,,,,,3337.0,_DC,46.01,1802.0,3.52,0.9,11.64,,,13.28,11.64,,EW_DC,13.75,735.0,0.057692307692307696
2024-10-30,RAGHUTOB.BO,1.0,,,BB,,,ZZ,18.87,0.0,30.0,0.0,0.0,18.52,18.71,18.9,,3337.0,_W,48.17,1730.0,4.43,1.82,,3.0,3.0,18.89,16.8,,BB_W,17.649999618530273,483.0,-0.06465290839797178
2024-10-30,RAILTEL.NS,0.0,,,BB,,,ZZ,418.55,0.0,9.0,0.0,5.0,399.52,412.47,425.42,,3337.0,_DC,50.54,1651.0,3.18,2.52,,5.0,5.0,426.65,375.1,,BB_DC,372.20001220703125,23.0,-0.11073942848636664
2024-10-30,RAINBOWF.BO,1.0,,,,EW,,,22.0,,,1.0,2.0,,,,,3337.0,_DC,78.6,715.0,4.32,16.72,20.01,,,22.99,20.01,,EW_DC,22.100000381469727,503.0,0.004545471884987571
2024-10-30,RAJESHEXPO.NS,0.0,,,,EW,,,251.0,,,0.0,2.0,,,,,3337.0,_DC,11.99,2937.0,2.61,-14.33,235.4,,,298.5,235.4,,EW_DC,235.5,64.0,-0.061752988047808766
2024-10-30,RAJMET.NS,0.0,,,BB,,,,9.83,,,0.0,10.0,,,,,3337.0,_W,20.53,2652.0,2.23,-7.84,,,,10.04,9.25,,BB_W,9.59000015258789,1724.0,-0.024415040428495367
2024-10-30,RAJPACK.BO,0.0,,,BB,,,,27.94,,,0.0,1.0,,,,,3337.0,_DC,31.24,2295.0,2.81,-3.62,,,,28.95,26.5,,BB_DC,27.729999542236328,694.0,-0.00751612232511357
2024-10-30,RAJSREESUG.NS,0.0,,,,EW,,,64.0,,,0.0,3.0,,,,,3337.0,_DC,26.86,2441.0,2.26,-5.22,60.06,,,65.78,60.06,,EW_DC,58.29999923706055,254.0,-0.08906251192092896
2024-10-30,RAMAPPR-B.BO,0.0,,,BB,,,,14.59,,,0.0,0.0,,,,,3337.0,_DC,11.75,2945.0,1.92,-14.81,,,,14.75,13.15,,BB_DC,17.329999923706055,694.0,0.18779985769061378
2024-10-30,RAMASIGNS.BO,0.0,,,BB,EW,,,2.0,,,0.0,2.0,,,,,3337.0,_DT,51.26,1627.0,3.6,2.78,2.26,,,2.59,2.26,,EWBB_DT,2.5399999618530273,-3846.0,0.26999998092651367
2024-10-30,RAMASTEEL.NS,1.0,,,BB,,,,13.57,,,0.0,2.0,,,,,3337.0,_DC,56.03,1468.0,9.07,4.44,,,,13.57,11.67,,BB_DC,12.84000015258789,526.0,-0.05379512508563815
2024-10-30,RANASUG.NS,0.0,,,,EW,,ZZ,21.0,0.0,42.0,0.0,3.0,20.42,20.71,21.0,,3337.0,_BW,27.04,2435.0,3.42,-5.11,18.8,3.0,3.0,20.85,18.8,,EW_BW,18.93000030517578,455.0,-0.09857141403924852
2024-10-30,RATNAMANI.NS,0.0,,,BB,EW,,ZZ,3638.0,0.0,32.0,0.0,0.0,3548.54,3626.73,3704.93,,3337.0,_W,67.45,1087.0,2.14,9.53,3422.3,3.0,3.0,3769.65,3422.3,,EWBB_W,3519.39990234375,5.0,-0.03260035669495602
2024-10-30,RAVALSUGAR.BO,1.0,,,BB,,,,1749.0,,,2.0,2.0,,,,,3337.0,_DC,86.84,440.0,6.41,25.82,,,,1994.0,1620.5,,BB_DC,1690.0,8.0,-0.033733562035448826
2024-10-30,RBL.NS,0.0,,,,EW,,,990.0,,,0.0,2.0,,,,,3337.0,_DC,51.77,1610.0,3.96,2.93,925.0,,,1244.0,925.0,,EW_DC,921.75,15.0,-0.06893939393939394
2024-10-30,REDINGTON.NS,1.0,,,,EW,,ZZ,183.0,0.0,47.0,0.0,3.0,171.27,179.35,187.42,,3337.0,_DC,29.65,2348.0,8.3,-4.22,158.61,3.0,3.0,185.8,158.61,,EW_DC,193.3699951171875,41.0,0.056666639984631145
2024-10-30,REFEX.NS,1.0,,,,EW,,,486.0,,,0.0,2.0,,,,,3337.0,_DC,97.84,73.0,6.37,82.79,439.65,,,496.0,439.65,,EW_DC,493.1499938964844,22.0,0.014711921597704476
2024-10-30,RESPONSINF.BO,1.0,,,,EW,,,61.0,,,0.0,1.0,,,,,3337.0,_DC,17.3,2760.0,12.28,-9.73,51.0,,,72.0,51.0,,EW_DC,58.97999954223633,100.0,-0.033114761602683146
2024-10-30,RIBATEX.BO,0.0,,ATR,BB,,,ZZ,81.89,0.0,19.0,0.0,0.0,79.45,82.36,85.27,,3337.0,_DC,59.68,1346.0,2.06,5.89,,3.0,3.0,84.75,68.0,,ATRBB_DC,84.08000183105469,72.0,0.026743214446876138
2024-10-30,RIR.BO,1.0,,,,EW,,,3524.0,,,3.0,0.0,,,,,3337.0,_DC,94.06,199.0,7.9,42.53,3206.0,,,3811.0,3206.0,,EW_DC,3414.949951171875,3.0,-0.03094496277756101
2024-10-30,RISHITECH.BO,1.0,,,,EW,,,60.0,,,0.0,2.0,,,,,3337.0,_BW,63.31,1225.0,5.21,7.44,55.0,,,62.5,55.0,,EW_BW,58.900001525878906,200.0,-0.018333307902018228
2024-10-30,RITESHIN.BO,0.0,,,BB,EW,,,25.0,,,0.0,0.0,,,,,3337.0,_DC,12.53,2919.0,3.22,-13.67,22.41,,,40.25,22.41,,EWBB_DC,30.989999771118164,386.0,0.23959999084472655
2024-10-30,ROYALCU.BO,0.0,,,BB,,,,29.47,,,0.0,1.0,,,,,3337.0,_DC,42.93,1905.0,1.1,0.04,,,,35.69,26.53,,BB_DC,29.31999969482422,340.0,-0.005089932310002719
2024-10-30,RPSGVENT.NS,0.0,,,BB,,,,1044.1,,,5.0,5.0,,,,,3337.0,_W,84.5,518.0,1.95,22.43,,,,1196.0,973.95,,BB_W,964.1500244140625,14.0,-0.07657310179670282
2024-10-30,RTNINDIA.NS,1.0,,,,EW,,,66.0,,,0.0,2.0,,,,,3337.0,_DC,19.75,2678.0,4.45,-8.29,61.26,,,75.47,61.26,,EW_DC,61.5,211.0,-0.06818181818181818
2024-10-30,RTNPOWER.NS,0.0,,,,EW,,,14.0,,,0.0,2.0,,,,,3337.0,_DC,78.03,734.0,3.76,15.96,12.68,,,17.19,12.68,,EW_DC,13.010000228881836,758.0,-0.07071426936558314
2024-10-30,RUBYMILLS.NS,1.0,,,BB,,,,238.65,,,0.0,2.0,,,,,3337.0,_DC,51.35,1624.0,5.16,2.8,,,,324.0,220.0,,BB_DC,215.75,54.0,-0.0959564215378169
2024-10-30,RUCHIRA.NS,0.0,,,BB,,,,124.28,,,0.0,3.0,,,,,3337.0,_DC,37.14,2098.0,1.12,-1.74,,,,132.45,118.5,,BB_DC,128.0800018310547,173.0,0.030576133175528535
2024-10-30,RVNL.NS,1.0,,ATR,,,,,465.35,,,0.0,2.0,,,,,3337.0,_DC,84.44,520.0,7.31,22.38,,,,479.05,408.15,,ATR_DC,419.5,17.0,-0.09852798968518324
2024-10-30,SADBHAV.NS,1.0,,,,EW,,,29.0,,,0.0,1.0,,,,,3337.0,_W,27.4,2423.0,4.78,-5.04,27.2,,,38.32,27.2,,EW_W,27.559999465942383,556.0,-0.04965519082957301
2024-10-30,SADBHIN.NS,0.0,,,,,LR,ZZ,6.66,0.0,10.0,0.0,0.0,6.66,6.87,7.08,,3337.0,_BW,48.95,1704.0,-2.03,2.1,,4.0,4.0,7.2,5.8,,LR_BW,6.730000019073486,1163.0,0.010510513374397325
2024-10-30,SADHNANIQ.BO,0.0,,,BB,,,,49.95,,,0.0,3.0,,,,,3337.0,_DC,9.68,3014.0,3.52,-19.7,,,,50.34,44.96,,BB_DC,46.81999969482422,200.0,-0.06266266877228796
2024-10-30,SAGCEM.NS,0.0,,,,EW,,ZZ,227.0,0.0,31.0,2.0,2.0,218.48,227.29,236.09,,3337.0,_DC,48.65,1714.0,3.49,2.02,199.0,3.0,3.0,237.99,199.0,,EW_DC,206.4600067138672,36.0,-0.09048455192128993
2024-10-30,SAINIK.BO,0.0,,,,EW,,,41.0,,,4.0,1.0,,,,,3337.0,_UC,49.07,1700.0,3.16,2.12,38.95,,,44.99,38.95,,EW_UC,40.20000076293945,488.0,-0.019512176513671875
2024-10-30,SAKHTISUG.NS,1.0,,,BB,EW,,,36.0,,,0.0,2.0,,,,,3337.0,_DC,33.96,2204.0,4.12,-2.71,31.85,,,45.0,31.85,,EWBB_DC,31.34000015258789,241.0,-0.12944444020589194
2024-10-30,SAKSOFT.NS,0.0,,,,EW,,,228.0,,,1.0,3.0,,,,,3337.0,_DC,38.31,2059.0,2.69,-1.34,211.85,,,293.75,211.85,,EW_DC,209.3800048828125,62.0,-0.08166664525082237
2024-10-30,SALASAR.NS,0.0,,,,EW,,,18.0,,,0.0,3.0,,,,,3337.0,_DC,25.24,2495.0,2.41,-5.92,16.22,,,17.74,16.22,,EW_DC,16.450000762939453,562.0,-0.08611106872558594
2024-10-30,SAMRATPH.BO,1.0,,,BB,,,,462.2,,,0.0,0.0,,,,,3337.0,_DC,57.49,1419.0,4.21,4.99,,,,579.85,435.0,,BB_DC,469.3500061035156,37.0,0.01546950693101609
2024-10-30,SANGAMIND.NS,0.0,,,BB,,,,394.95,,,4.0,5.0,,,,,3337.0,_DC,28.03,2402.0,2.27,-4.77,,,,459.0,373.05,,BB_DC,359.79998779296875,46.0,-0.08899863832644953
2024-10-30,SATIN.NS,0.0,,,,EW,,,161.0,,,0.0,2.0,,,,,3337.0,_DC,9.2,3030.0,3.85,-21.97,150.3,,,193.39,150.3,,EW_DC,151.89999389648438,93.0,-0.05652177704046972
2024-10-30,SEIL.BO,0.0,,,,EW,,ZZ,171.0,0.0,19.0,0.0,0.0,164.08,170.15,176.22,,3337.0,_BW,96.13,130.0,2.74,54.0,142.8,4.0,4.0,171.9,142.8,,EW_BW,157.64999389648438,35.0,-0.07807021113167033
2024-10-30,SELAN.NS,1.0,,,BB,,LR,ZZ,884.9,0.0,25.0,0.0,0.0,820.62,869.75,918.88,,3337.0,_DC,84.47,519.0,5.41,22.42,,4.0,4.0,929.0,761.2,,BBLR_DC,838.1500244140625,8.0,-0.052830800752556764
2024-10-30,SEQUENT.NS,1.0,,,,EW,,,182.0,,,0.0,2.0,,,,,3337.0,_BW,83.06,566.0,6.59,21.1,164.52,,,199.0,164.52,,EW_BW,192.6300048828125,57.0,0.05840662023523352
2024-10-30,SGRL.BO,0.0,,,,EW,,,791.0,,,1.0,3.0,,,,,3337.0,_DC,73.08,899.0,3.49,12.8,736.7,,,880.0,736.7,,EW_DC,710.9500122070312,18.0,-0.10120099594559892
2024-10-30,SHANTI.NS,0.0,,,,EW,,,16.0,,,3.0,3.0,,,,,3337.0,_UC,38.82,2042.0,3.52,-1.2,14.72,,,17.39,14.72,,EW_UC,16.389999389648438,781.0,0.024374961853027344
2024-10-30,SHARDAMOTR.NS,0.0,,,,EW,,,2108.0,,,0.0,2.0,,,,,3337.0,_DC,72.33,924.0,2.74,12.35,1974.2,,,2230.0,1974.2,,EW_DC,2018.75,7.0,-0.04233870967741935
2024-10-30,SHARIKA.BO,1.0,,,,EW,,ZZ,18.0,0.0,30.0,0.0,0.0,18.23,18.31,18.39,,3337.0,_DC,88.19,395.0,7.3,28.14,15.12,3.0,3.0,18.34,15.12,,EW_DC,18.25,347.0,0.013888888888888888
2024-10-30,SHEMAROO.NS,0.0,,,BB,EW,,,165.0,,,0.0,2.0,,,,,3337.0,_DC,36.57,2117.0,3.34,-1.94,151.54,,,172.79,151.54,,EWBB_DC,156.74000549316406,74.0,-0.050060572768702655
2024-10-30,SHESHAINDS.BO,1.0,,,BB,EW,,,14.0,,,3.0,3.0,,,,,3337.0,_DC,37.65,2081.0,6.65,-1.56,12.19,,,14.89,12.19,,EWBB_DC,14.0,552.0,0.0
2024-10-30,SHINDL.BO,1.0,,,BB,,,,47.3,,,0.0,0.0,,,,,3337.0,_DC,49.37,1690.0,4.19,2.24,,,,47.69,43.0,,BB_DC,55.93000030517578,233.0,0.18245243774155992
2024-10-30,SHISHIND.BO,0.0,,,,EW,,,107.0,,,0.0,2.0,,,,,3337.0,,14.57,2851.0,1.51,-11.68,100.0,,,140.0,100.0,,EW,107.5,143.0,0.004672897196261682
2024-10-30,SHIVAAGRO.BO,1.0,,,BB,,,ZZ,44.97,0.0,15.0,0.0,3.0,43.7,44.82,45.94,,3337.0,_DC,53.24,1561.0,4.22,3.54,,3.0,3.0,45.97,40.0,,BB_DC,43.08000183105469,201.0,-0.04202797796187039
2024-10-30,SHIVAGR.BO,0.0,,,,EW,,,24.0,,,0.0,2.0,,,,,3337.0,_BW,62.65,1247.0,3.16,7.18,23.25,,,28.44,23.25,,EW_BW,26.31999969482422,1333.0,0.09666665395100911
2024-10-30,SHIVALIK.BO,1.0,,,,EW,,,547.0,,,0.0,0.0,,,,,3337.0,_DC,22.66,2581.0,4.2,-7.01,500.5,,,555.4,500.5,,EW_DC,524.0,22.0,-0.04204753199268738
2024-10-30,SHIVAMAUTO.NS,0.0,,,,EW,,,39.0,,,0.0,2.0,,,,,3337.0,_BW,23.38,2557.0,2.86,-6.64,34.83,,,47.69,34.83,,EW_BW,35.47999954223633,240.0,-0.09025642199394031
2024-10-30,SHK.NS,1.0,,,,EW,,,299.0,,,0.0,2.0,,,,,3337.0,_UC,88.88,372.0,8.48,29.25,271.2,,,336.25,271.2,,EW_UC,282.1499938964844,36.0,-0.05635453546326296
2024-10-30,SHREMETAL.BO,0.0,,,BB,,LR,,40.86,,,11.0,0.0,,,,,3337.0,_DC,63.97,1203.0,2.62,7.74,,,,41.99,35.05,,BBLR_DC,40.900001525878906,172.0,0.0009789898648777978
2024-10-30,SHVFL.BO,0.0,,,,EW,,,21.0,,,1.0,1.0,,,,,3337.0,_DC,63.07,1233.0,3.2,7.34,20.25,,,26.85,20.25,,EW_DC,35.59000015258789,1333.0,0.6947619120279948
2024-10-30,SHYMINV.BO,1.0,,,,EW,,,11.0,,,1.0,2.0,,,,,3337.0,_DC,70.08,999.0,4.76,11.04,9.92,,,11.8,9.92,,EW_DC,10.569999694824219,926.0,-0.039090936834161934
2024-10-30,SICAGEN.BO,0.0,,,BB,,,ZZ,83.96,0.0,36.0,0.0,2.0,82.6,84.76,86.92,,3337.0,_DC,71.58,949.0,1.55,11.9,,3.0,3.0,97.85,75.0,,BB_DC,78.19000244140625,112.0,-0.06872317244632854
2024-10-30,SIELFNS.BO,1.0,,,,EW,,ZZ,72.0,0.0,21.0,0.0,0.0,70.15,71.06,71.97,,3337.0,_DC,97.75,76.0,6.75,81.6,62.19,3.0,3.0,71.66,62.19,,EW_DC,63.27000045776367,102.0,-0.12124999364217122
2024-10-30,SIGIND.NS,0.0,,,,EW,,ZZ,71.0,0.0,26.0,1.0,3.0,70.39,71.36,72.33,,3337.0,_DC,39.99,2003.0,0.91,-0.93,64.31,3.0,3.0,72.23,64.31,,EW_DC,68.55999755859375,149.0,-0.03436623156910211
2024-10-30,SIKA.BO,1.0,,,,EW,,ZZ,2565.0,0.0,10.0,0.0,0.0,2412.06,2523.61,2635.17,,3337.0,_W,75.93,804.0,6.61,14.52,2340.0,3.0,3.0,2672.0,2340.0,,EW_W,2397.39990234375,4.0,-0.06534116867690058
2024-10-30,SIMBHALS.NS,0.0,,,,EW,,ZZ,23.0,0.0,41.0,3.0,5.0,22.87,23.3,23.73,,3337.0,_DC,13.25,2895.0,0.2,-12.86,21.05,5.0,5.0,26.9,21.05,,EW_DC,21.520000457763672,513.0,-0.06434780618418819
2024-10-30,SIMMOND.BO,0.0,,,,EW,,,146.0,,,6.0,3.0,,,,,3337.0,_UC,94.99,168.0,2.79,47.66,133.35,,,165.6,133.35,,EW_UC,155.64999389648438,79.0,0.06609584860605737
2024-10-30,SINGER.BO,1.0,,,,EW,,,87.0,,,0.0,1.0,,,,,3337.0,_DC,46.67,1780.0,4.49,1.12,81.33,,,98.0,81.33,,EW_DC,80.37999725341797,176.0,-0.07609198559289691
2024-10-30,SIRCA.NS,1.0,,,,,LR,ZZ,338.5,0.0,25.0,0.0,0.0,327.05,335.71,344.36,,3337.0,_BW,57.34,1424.0,5.45,4.95,,3.0,3.0,340.8,295.1,,LR_BW,339.6000061035156,23.0,0.00324964875484675
2024-10-30,SKIPPER.NS,0.0,,,BB,,,,538.65,,,4.0,5.0,,,,,3337.0,_W,91.79,275.0,3.5,35.24,,,,618.9,487.55,,BB_W,531.1500244140625,20.0,-0.01392365280968621
2024-10-30,SLSTLQ.BO,0.0,,,BB,,,,37.7,,,0.0,0.0,,,,,3337.0,_DC,16.25,2795.0,-4.63,-10.37,,,,49.66,37.7,,BB_DC,47.060001373291016,1000000000.0,0.24827589849578283
2024-10-30,SMCGLOBAL.NS,1.0,,,,EW,,,143.0,,,0.0,1.0,,,,,3337.0,_BW,33.63,2215.0,5.34,-2.8,132.6,,,168.75,132.6,,EW_BW,135.9199981689453,96.0,-0.04951050231506775
2024-10-30,SMIFS.BO,1.0,,,,EW,,,83.0,,,0.0,0.0,,,,,3337.0,_W,79.74,677.0,5.1,17.35,75.08,,,89.27,75.08,,EW_W,100.12999725341797,126.0,0.20638550907732492
2024-10-30,SML.BO,1.0,,ATR,,,,ZZ,37.44,0.0,18.0,0.0,0.0,34.06,36.57,39.08,,3337.0,_UC,90.8,308.0,4.18,32.34,,12.0,12.0,37.72,32.51,,ATR_UC,40.849998474121094,203.0,0.09107901907374723
2024-10-30,SMLISUZU.NS,1.0,,,BB,EW,,ZZ,1841.0,0.0,62.0,0.0,2.0,1757.15,1818.39,1879.63,,3337.0,_DC,29.86,2341.0,4.83,-4.13,1633.0,3.0,3.0,1907.95,1633.0,,EWBB_DC,1594.550048828125,5.0,-0.13386743681253394
2024-10-30,SODFC.BO,1.0,,,BB,EW,,ZZ,110.0,0.0,35.0,0.0,0.0,100.93,107.06,113.18,,3337.0,_DC,23.89,2540.0,8.19,-6.42,94.95,3.0,3.0,109.6,94.95,,EWBB_DC,98.4000015258789,66.0,-0.10545453158291904
2024-10-30,SONALAD.BO,0.0,,,,EW,,,71.0,,,4.0,6.0,,,,,3337.0,_BW,32.1,2266.0,1.57,-3.33,67.0,,,74.99,67.0,,EW_BW,68.26000213623047,250.0,-0.03859151920802157
2024-10-30,SOUTHERNIN.BO,0.0,,,BB,,,ZZ,21.27,0.0,29.0,0.0,0.0,20.82,21.3,21.78,,3337.0,_DC,61.48,1286.0,0.68,6.61,,3.0,3.0,22.0,19.9,,BB_DC,23.520000457763672,730.0,0.10578281418729066
2024-10-30,SPECIALITY.NS,0.0,,,,EW,,,165.0,,,0.0,6.0,,,,,3337.0,_DC,27.07,2434.0,1.04,-5.11,155.0,,,166.78,155.0,,EW_DC,162.47000122070312,100.0,-0.015333325935132576
2024-10-30,SPECTRA.BO,1.0,,,BB,,,,5.21,,,10.0,8.0,,,,,3337.0,_W,68.2,1062.0,6.1,9.87,,,,5.21,4.55,,BB_W,5.269999980926514,1515.0,0.011516311118332765
2024-10-30,SPLIL.NS,0.0,,,BB,,,,56.47,,,0.0,2.0,,,,,3337.0,_DC,30.28,2327.0,1.33,-4.01,,,,59.76,53.0,,BB_DC,58.189998626708984,288.0,0.030458626291995493
2024-10-30,SPORTKING.BO,1.0,,,,EW,,,105.0,,,0.0,2.0,,,,,3337.0,_W,61.09,1299.0,6.2,6.44,96.5,,,124.9,96.5,,EW_W,99.30000305175781,118.0,-0.054285685221354164
2024-10-30,SRAMSET.BO,0.0,,,BB,,,,400.3,,,8.0,6.0,,,,,3337.0,_DC,64.21,1195.0,-0.61,7.85,,,,414.5,388.5,,BB_DC,415.95001220703125,85.0,0.03909570873602607
2024-10-30,SRMENERGY.BO,0.0,,,BB,,,,18.59,,,3.0,5.0,,,,,3337.0,_DC,36.03,2135.0,2.06,-2.12,,,,21.47,16.83,,BB_DC,17.600000381469727,568.0,-0.05325441734966505
2024-10-30,STARLOG.BO,1.0,,,,EW,,,43.0,,,1.0,1.0,,,,,3337.0,_W,46.97,1770.0,5.28,1.25,41.0,,,51.0,41.0,,EW_W,50.540000915527344,500.0,0.1753488585006359
2024-10-30,STARPAPER.NS,0.0,,,BB,,,,203.4,,,2.0,5.0,,,,,3337.0,_DC,17.54,2752.0,1.14,-9.6,,,,229.65,195.81,,BB_DC,193.55999755859375,132.0,-0.04837759312392456
2024-10-30,STCINDIA.NS,1.0,,,BB,EW,,,156.0,,,0.0,3.0,,,,,3337.0,_DC,47.99,1736.0,8.12,1.76,140.04,,,159.4,140.04,,EWBB_DC,148.22999572753906,63.0,-0.04980771969526242
2024-10-30,STDSFAC.BO,0.0,,,BB,,,,64.98,,,4.0,4.0,,,,,3337.0,_DC,49.64,1681.0,1.51,2.28,,,,79.7,60.1,,BB_DC,63.22999954223633,205.0,-0.026931370541146134
2024-10-30,STEELCITY.NS,1.0,,ATR,,,,ZZ,99.72,0.0,26.0,6.0,5.0,92.23,96.44,100.65,,3337.0,_BW,66.85,1107.0,5.87,9.22,,17.0,17.0,102.6,91.16,,ATR_BW,101.23999786376953,117.0,0.01524265808032022
2024-10-30,STELLAR.BO,1.0,,,BB,,,ZZ,6.17,0.0,9.0,0.0,0.0,5.82,6.12,6.42,,3337.0,_DC,72.84,907.0,7.11,12.68,,3.0,3.0,6.17,5.22,,BB_DC,6.150000095367432,1053.0,-0.003241475629265525
2024-10-30,STHINPA.BO,1.0,,,BB,,,ZZ,109.35,0.0,12.0,0.0,2.0,105.06,108.45,111.84,,3337.0,_W,82.19,595.0,5.31,19.91,,3.0,3.0,112.0,97.6,,BB_W,101.25,85.0,-0.07407407407407403
2024-10-30,STLSTRINF.BO,0.0,,,,EW,,,33.0,,,2.0,2.0,,,,,3337.0,_BW,40.08,2000.0,3.41,-0.89,30.05,,,37.0,30.05,,EW_BW,31.270000457763672,339.0,-0.052424228552616005
2024-10-30,SUBEXLTD.NS,1.0,,,,EW,,ZZ,24.0,0.0,19.0,0.0,2.0,23.46,23.95,24.44,,3337.0,_DC,12.38,2924.0,4.29,-13.88,21.99,3.0,3.0,24.42,21.99,,EW_DC,23.010000228881836,498.0,-0.041249990463256836
2024-10-30,SUDARSCHEM.NS,0.0,,,BB,,,,999.0,,,2.0,2.0,,,,,3337.0,_DC,78.63,714.0,3.37,16.76,,,,1036.9,907.4,,BB_DC,927.2999877929688,11.0,-0.07177178399102227
2024-10-30,SUDTIND-B.BO,0.0,,,,EW,,,20.0,,,0.0,11.0,,,,,3337.0,_DC,75.39,822.0,2.43,14.16,18.1,,,20.13,18.1,,EW_DC,18.950000762939453,526.0,-0.05249996185302734
2024-10-30,SUGALDAM.BO,0.0,,ATR,,,,,55.48,,,0.0,0.0,,,,,3337.0,_UC,92.87,239.0,2.59,39.22,,,,78.11,50.46,,ATR_UC,68.4000015258789,199.0,0.2328767398319919
2024-10-30,SUNFLAG.NS,0.0,,,BB,,,,205.08,,,0.0,3.0,,,,,3337.0,_DC,28.9,2373.0,0.39,-4.42,,,,208.34,194.0,,BB_DC,197.99000549316406,90.0,-0.03457184760501243
2024-10-30,SUNLOC.BO,1.0,,,,EW,,ZZ,87.0,0.0,12.0,0.0,3.0,83.14,85.68,88.21,,3337.0,_DC,51.05,1634.0,4.18,2.75,75.26,3.0,3.0,92.5,75.26,,EW_DC,76.30999755859375,85.0,-0.12287359128053162
2024-10-30,SUNSHIEL.BO,1.0,,ATR,,,,ZZ,997.1,0.0,9.0,0.0,6.0,894.7,965.63,1036.56,,3337.0,,73.44,887.0,12.54,12.97,,3.0,3.0,1055.0,845.0,,ATR,952.1500244140625,7.0,-0.04508070964390484
2024-10-30,SUPTANERY.BO,1.0,,,,EW,,,13.0,,,0.0,1.0,,,,,3337.0,_BW,86.45,453.0,10.36,25.31,11.82,,,13.46,11.82,,EW_BW,12.949999809265137,847.0,-0.0038461685180664062
2024-10-30,SURYALAXMI.NS,0.0,,,BB,,,,83.0,,,3.0,3.0,,,,,3337.0,_DC,54.65,1514.0,2.02,3.99,,,,97.99,76.61,,BB_DC,76.41999816894531,156.0,-0.07927713049463479
2024-10-30,SUVEN.NS,1.0,,,BB,,,ZZ,124.15,0.0,15.0,0.0,3.0,120.34,123.49,126.64,,3337.0,_DC,53.93,1538.0,4.77,3.74,,3.0,3.0,128.62,112.0,,BB_DC,119.83000183105469,82.0,-0.034796602246841064
2024-10-30,SWANENERGY.NS,0.0,,,BB,,,ZZ,499.4,0.0,13.0,0.0,3.0,499.28,501.74,504.2,,3337.0,_DC,14.45,2855.0,1.38,-11.79,,3.0,3.0,511.5,455.7,,BB_DC,510.95001220703125,23.0,0.023127777747359378
2024-10-30,SWELECTES.NS,0.0,,,BB,,,,1143.3,,,1.0,2.0,,,,,3337.0,_DC,40.98,1970.0,2.46,-0.54,,,,1172.0,1020.0,,BB_DC,1041.0999755859375,8.0,-0.0893903825890514
2024-10-30,TAIIND.BO,1.0,,,BB,EW,,ZZ,42.0,0.0,7.0,0.0,0.0,38.29,40.2,42.11,,3337.0,_DC,44.72,1845.0,8.52,0.56,37.5,6.0,6.0,42.9,37.5,,EWBB_DC,41.0,222.0,-0.023809523809523808
2024-10-30,TAKE.NS,0.0,,,BB,,,,18.01,,,2.0,3.0,,,,,3337.0,_DC,14.69,2847.0,1.29,-11.6,,,,23.69,16.51,,BB_DC,17.260000228881836,667.0,-0.041643518662863165
2024-10-30,TALBROAUTO.NS,0.0,,,,,LR,,312.85,,,0.0,2.0,,,,,3337.0,_DC,54.41,1522.0,3.77,3.9,,,,320.0,290.5,,LR_DC,312.95001220703125,45.0,0.00031968101975779847
2024-10-30,TALBROSENG.BO,0.0,,,,EW,,,591.0,,,0.0,1.0,,,,,3337.0,_DC,34.14,2198.0,2.43,-2.66,551.1,,,599.8,551.1,,EW_DC,556.1500244140625,25.0,-0.05896780979008037
2024-10-30,TARMAT.NS,0.0,,,,EW,,,79.0,,,0.0,2.0,,,,,3337.0,_DC,28.06,2401.0,3.68,-4.75,74.02,,,87.0,74.02,,EW_DC,77.5,201.0,-0.0189873417721519
2024-10-30,TCIIND.BO,1.0,,,,EW,,ZZ,1389.0,0.0,14.0,0.0,3.0,1296.78,1356.46,1416.14,,3337.0,_DC,60.85,1307.0,5.38,6.34,1270.0,6.0,6.0,1391.0,1270.0,,EW_DC,1387.0,8.0,-0.0014398848092152627
2024-10-30,TERAI.BO,1.0,,,BB,,,ZZ,201.35,0.0,12.0,0.0,0.0,187.16,196.71,206.25,,3337.0,_BW,96.82,107.0,8.13,62.27,,6.0,6.0,202.4,166.25,,BB_BW,154.10000610351562,28.0,-0.23466597415686302
2024-10-30,TEXINFRA.NS,0.0,,,BB,,,ZZ,115.88,0.0,13.0,2.0,6.0,113.09,115.76,118.43,,3337.0,_DC,60.82,1308.0,2.6,6.34,,6.0,6.0,117.99,103.0,,BB_DC,120.56999969482422,78.0,0.04047290036955664
2024-10-30,TEXRAIL.NS,0.0,,,BB,,,ZZ,213.23,0.0,9.0,1.0,1.0,207.03,212.39,217.75,,3337.0,_DC,67.42,1088.0,3.79,9.53,,6.0,6.0,214.45,182.0,,BB_DC,199.24000549316406,32.0,-0.06560987903595145
2024-10-30,TFCILTD.NS,0.0,,,,EW,,ZZ,144.0,0.0,34.0,0.0,3.0,140.0,142.97,145.93,,3337.0,_DC,15.89,2807.0,3.79,-10.7,130.7,3.0,3.0,147.45,130.7,,EW_DC,145.74000549316406,75.0,0.01208337148030599
2024-10-30,THAKDEV.BO,0.0,,,BB,,,,194.0,,,4.0,4.0,,,,,3337.0,_DC,59.86,1340.0,-0.25,5.92,,,,221.4,187.35,,BB_DC,189.5,150.0,-0.023195876288659795
2024-10-30,THEINVEST.NS,1.0,,,,EW,,,204.0,,,1.0,1.0,,,,,3337.0,_BW,83.3,558.0,5.35,21.45,193.26,,,236.7,193.26,,EW_BW,200.9199981689453,93.0,-0.015098048191444547
2024-10-30,TIGERLOGS.BO,1.0,,,BB,,,ZZ,68.43,0.0,14.0,0.0,0.0,63.23,66.23,69.23,,3337.0,_W,54.77,1510.0,8.73,4.02,,6.0,6.0,68.47,56.0,,BB_W,66.87000274658203,80.0,-0.022796978714277005
2024-10-30,TINNARUBR.BO,1.0,,,,EW,,,1476.0,,,0.0,2.0,,,,,3337.0,_BW,85.7,478.0,5.19,24.17,1359.75,,,1722.0,1359.75,,EW_BW,1309.699951171875,9.0,-0.11266940977515244
2024-10-30,TIRSARJ.BO,1.0,,ATR,,EW,,,19.0,,,0.0,1.0,,,,,3337.0,_BW,80.76,643.0,18.73,18.24,14.34,,,18.55,14.34,,ATREW_BW,15.729999542236328,215.0,-0.17210528725071958
2024-10-30,TNPETRO.NS,1.0,,,,EW,,ZZ,86.0,0.0,45.0,0.0,0.0,83.17,84.83,86.48,,3337.0,_DC,37.02,2102.0,4.89,-1.76,78.0,3.0,3.0,85.8,78.0,,EW_DC,77.87000274658203,125.0,-0.09453485178392987
2024-10-30,TOKYOPLAST.NS,1.0,,,,,LR,ZZ,124.54,0.0,43.0,0.0,0.0,121.58,124.39,127.2,,3337.0,_DC,65.23,1161.0,4.57,8.46,,3.0,3.0,124.54,106.57,,LR_DC,122.79000091552734,56.0,-0.014051702942610104
2024-10-30,TPROJECT.BO,0.0,,,BB,,,,3.35,,,5.0,5.0,,,,,3337.0,_DC,32.91,2239.0,1.78,-3.06,,,,4.25,3.05,,BB_DC,3.640000104904175,3333.0,0.0865671954937835
2024-10-30,TREJHARA.NS,1.0,,,,EW,,,241.0,,,0.0,2.0,,,,,3337.0,_DC,75.24,827.0,6.04,13.99,220.0,,,281.95,220.0,,EW_DC,246.97000122070312,48.0,0.02477178929752334
2024-10-30,TRIVENI.NS,0.0,,,,EW,,,414.0,,,0.0,5.0,,,,,3337.0,_W,58.0,1402.0,3.83,5.14,383.05,,,417.0,383.05,,EW_W,377.5,32.0,-0.08816425120772947
2024-10-30,TTL.NS,1.0,,ATR,BB,,,ZZ,144.47,0.0,33.0,0.0,0.0,123.12,132.1,141.08,,3337.0,_UC,88.13,397.0,10.85,27.96,,17.0,17.0,151.9,110.3,,ATRBB_UC,163.49000549316406,29.0,0.1316536685343951
2024-10-30,TTML.NS,0.0,,,,EW,,,73.0,,,3.0,3.0,,,,,3337.0,_DC,16.91,2773.0,2.56,-9.98,68.25,,,86.33,68.25,,EW_DC,67.61000061035156,211.0,-0.07383560807737585
2024-10-30,TUTIALKA.BO,0.0,,,BB,,,,88.22,,,0.0,3.0,,,,,3337.0,_DC,44.87,1840.0,2.36,0.59,,,,93.6,83.1,,BB_DC,95.7300033569336,195.0,0.0851281269205803
2024-10-30,TYCHE.BO,1.0,,,BB,,,,182.6,,,0.0,3.0,,,,,3337.0,_DC,36.75,2111.0,4.58,-1.86,,,,184.95,172.65,,BB_DC,200.75,101.0,0.09939759036144581
2024-10-30,TYROON.BO,0.0,,,BB,,,ZZ,139.85,0.0,7.0,0.0,3.0,136.37,139.47,142.57,,3337.0,_DC,86.63,447.0,2.51,25.62,,3.0,3.0,144.55,125.1,,BB_DC,138.6999969482422,68.0,-0.008223117996123038
2024-10-30,UDAICEMENT.BO,0.0,,,,EW,,,30.0,,,0.0,4.0,,,,,3337.0,_DC,15.32,2826.0,2.57,-11.11,27.91,,,30.3,27.91,,EW_DC,27.829999923706055,478.0,-0.07233333587646484
2024-10-30,UGARSUGAR.NS,1.0,,,BB,,,,78.36,,,0.0,2.0,,,,,3337.0,_DC,35.25,2161.0,5.65,-2.35,,,,81.0,69.56,,BB_DC,72.37999725341797,114.0,-0.07631448119680999
2024-10-30,ULTRACAB.BO,1.0,,,BB,EW,,,16.0,,,3.0,3.0,,,,,3337.0,_W,51.59,1616.0,5.16,2.87,15.0,,,17.2,15.0,,EWBB_W,15.050000190734863,1000.0,-0.059374988079071045
2024-10-30,UNIROYAL.BO,0.0,,,BB,,,,24.47,,,14.0,0.0,,,,,3337.0,_DC,63.73,1211.0,1.45,7.62,,,,24.48,23.53,,BB_DC,25.420000076293945,1064.0,0.038823051748833125
2024-10-30,UNITECH.BO,1.0,,,,EW,,,10.0,,,0.0,2.0,,,,,3337.0,_W,25.99,2470.0,5.98,-5.54,9.2,,,12.36,9.2,,EW_W,9.029999732971191,1250.0,-0.09700002670288085
2024-10-30,UNITINT.BO,0.0,,,BB,,,,5.31,,,3.0,4.0,,,,,3337.0,_DC,33.0,2236.0,1.53,-3.03,,,,5.98,4.6,,BB_DC,5.360000133514404,1408.0,0.009416221000829509
2024-10-30,UTIAMC.NS,1.0,,ATR,,,,ZZ,1289.3,0.0,9.0,0.0,0.0,1217.73,1274.32,1330.92,,3337.0,_BW,84.35,523.0,8.55,22.29,,3.0,3.0,1349.7,1140.0,,ATR_BW,1311.9000244140625,7.0,0.017528910582535133
2024-10-30,UTTAMSUGAR.NS,0.0,,,,EW,,,324.0,,,0.0,2.0,,,,,3337.0,_BW,25.06,2501.0,3.7,-6.03,296.3,,,326.8,296.3,,EW_BW,291.6499938964844,36.0,-0.09984569785035687
2024-10-30,VBDESAI.BO,1.0,,,,EW,,,30.0,,,0.0,0.0,,,,,3337.0,_UC,97.15,96.0,8.37,65.87,25.35,,,31.39,25.35,,EW_UC,32.2599983215332,215.0,0.07533327738444011
2024-10-30,VEDAVAAG.BO,0.0,,,BB,,,,66.93,,,6.0,6.0,,,,,3337.0,_DC,71.04,967.0,2.08,11.57,,,,73.95,63.0,,BB_DC,68.23999786376953,254.0,0.019572655965479222
2024-10-30,VEERENRGY.BO,1.0,,,,EW,,,21.0,,,0.0,1.0,,,,,3337.0,_DC,40.02,2002.0,5.0,-0.92,19.1,,,24.6,19.1,,EW_DC,21.049999237060547,526.0,0.002380916050502232
2024-10-30,VEERHEALTH.BO,1.0,,,,EW,,,20.0,,,0.0,3.0,,,,,3337.0,_DC,28.72,2379.0,4.31,-4.5,17.4,,,20.91,17.4,,EW_DC,19.010000228881836,385.0,-0.0494999885559082
2024-10-30,VENKEYS.NS,0.0,,,,EW,,ZZ,1793.0,0.0,38.0,0.0,3.0,1751.94,1778.09,1804.24,,3337.0,_BW,31.41,2289.0,3.9,-3.53,1607.05,3.0,3.0,1819.0,1607.05,,EW_BW,1715.0,5.0,-0.04350250976017847
2024-10-30,VERTEX.BO,1.0,,,,EW,,,6.0,,,2.0,2.0,,,,,3337.0,_W,71.43,954.0,4.49,11.88,5.21,,,6.44,5.21,,EW_W,5.869999885559082,1266.0,-0.021666685740152996
2024-10-30,VICTMILL.BO,1.0,,,,EW,,,6720.0,,,0.0,1.0,,,,,3337.0,_DC,78.21,728.0,5.24,16.18,6390.0,,,9245.0,6390.0,,EW_DC,7100.0,3.0,0.05654761904761905
2024-10-30,VIDLI.BO,0.0,,,,,LR,ZZ,80.29,0.0,32.0,0.0,0.0,77.68,79.63,81.57,,3337.0,_BW,73.68,879.0,2.57,13.13,,5.0,5.0,81.93,72.01,,LR_BW,66.58000183105469,121.0,-0.17075598666017333
2024-10-30,VIKASECO.NS,0.0,,,,EW,,,3.0,,,0.0,3.0,,,,,3337.0,_BW,21.94,2605.0,3.65,-7.29,3.02,,,3.39,3.02,,EW_BW,3.319999933242798,-50000.0,0.10666664441426595
2024-10-30,VIKASLIFE.BO,0.0,,,BB,,,,4.61,,,3.0,3.0,,,,,3337.0,_DC,27.67,2414.0,0.08,-4.89,,,,4.77,4.27,,BB_DC,4.170000076293945,2941.0,-0.09544466891671474
2024-10-30,VIKASWSP.BO,0.0,,,,EW,,,1.0,,,0.0,3.0,,,,,3337.0,_DC,52.91,1572.0,3.77,3.44,1.36,,,1.5,1.36,,EW_DC,2.0199999809265137,-2778.0,1.0199999809265137
2024-10-30,VINEETLAB.BO,1.0,,,,EW,,,57.0,,,1.0,5.0,,,,,3337.0,_DC,45.23,1828.0,4.43,0.71,51.0,,,59.83,51.0,,EW_DC,50.209999084472656,167.0,-0.11912282307942708
2024-10-30,VIPULORG.BO,0.0,,,BB,,,,267.1,,,1.0,1.0,,,,,3337.0,_DC,84.26,526.0,-1.51,22.24,,,,329.4,252.0,,BB_DC,250.14999389648438,66.0,-0.0634594013609721
2024-10-30,VIRATCRA.BO,1.0,,,,EW,,ZZ,69.0,0.0,10.0,0.0,2.0,65.5,68.07,70.65,,3337.0,_DC,57.94,1404.0,5.14,5.1,62.37,3.0,3.0,69.99,62.37,,EW_DC,63.41999816894531,151.0,-0.08086959175441576
2024-10-30,VISAKAIND.NS,0.0,,,,EW,,,102.0,,,0.0,3.0,,,,,3337.0,_DC,33.48,2220.0,3.71,-2.84,94.5,,,103.15,94.5,,EW_DC,92.02999877929688,133.0,-0.09774511000689338
2024-10-30,VISHWARAJ.NS,0.0,,,BB,,,ZZ,16.5,0.0,22.0,0.0,0.0,16.23,16.52,16.82,,3337.0,_DC,33.93,2205.0,2.8,-2.76,,3.0,3.0,17.01,15.1,,BB_DC,15.539999961853027,714.0,-0.05818182049375592
2024-10-30,VISIONCO.BO,1.0,,,BB,,,ZZ,3.95,0.0,12.0,2.0,2.0,3.76,3.89,4.01,,3337.0,_DC,69.45,1020.0,7.18,10.66,,5.0,5.0,4.0,3.33,,BB_DC,3.809999942779541,1613.0,-0.035443052460875736
2024-10-30,VIVIDHA.NS,0.0,,,,EW,,ZZ,1.0,0.0,27.0,0.0,0.0,1.03,1.04,1.04,,3337.0,_UC,47.96,1737.0,2.86,1.74,0.9,3.0,3.0,1.09,0.9,,EW_UC,1.0099999904632568,10000.0,0.009999990463256836
2024-10-30,VIVIDIND.BO,0.0,,,BB,EW,,,20.0,,,2.0,2.0,,,,,3337.0,_DC,54.47,1520.0,1.17,3.9,18.4,,,22.99,18.4,,EWBB_DC,20.170000076293945,625.0,0.008500003814697265
2024-10-30,VMS.BO,0.0,,,,EW,,,43.0,,,0.0,2.0,,,,,3337.0,_DC,25.63,2482.0,2.08,-5.75,38.0,,,50.5,38.0,,EW_DC,39.16999816894531,200.0,-0.08906981002452762
2024-10-30,WALCHANNAG.NS,1.0,,,BB,,,,285.6,,,0.0,1.0,,,,,3337.0,_DC,68.08,1066.0,5.46,9.8,,,,339.15,254.1,,BB_DC,274.25,32.0,-0.03974089635854349
2024-10-30,WEBELSOLAR.NS,1.0,,,BB,,,ZZ,1354.05,0.0,22.0,0.0,0.0,1246.76,1332.74,1418.73,,3337.0,_BW,97.21,94.0,8.07,67.35,,16.0,16.0,1354.05,1130.0,,BB_BW,1224.800048828125,4.0,-0.09545434154711788
2024-10-30,WELINV.NS,1.0,,,,EW,,,959.0,,,0.0,3.0,,,,,3337.0,_UC,74.22,861.0,5.32,13.4,880.05,,,990.0,880.05,,EW_UC,875.3499755859375,13.0,-0.08722630283009646
2024-10-30,WIPRO.NS,0.0,,,BB,,,ZZ,565.25,0.0,65.0,0.0,0.0,532.21,554.52,576.82,,3337.0,_UC,77.16,763.0,0.43,15.14,,60.0,60.0,578.75,540.5,,BB_UC,566.7000122070312,40.0,0.0025652582167735513
2024-10-30,WIREFABR.BO,0.0,,,,EW,,,232.0,,,0.0,0.0,,,,,3337.0,_DC,84.2,528.0,3.64,22.23,203.0,,,234.9,203.0,,EW_DC,211.0,34.0,-0.09051724137931035
2024-10-30,WORTH.NS,0.0,,,BB,,,,127.17,,,0.0,2.0,,,,,3337.0,_DC,50.36,1657.0,3.4,2.49,,,,140.18,120.8,,BB_DC,124.80000305175781,157.0,-0.01863644686830376
2024-10-30,WPIL.BO,1.0,,ATR,BB,,,ZZ,484.35,0.0,14.0,0.0,0.0,435.02,468.99,502.96,,3337.0,_BW,83.72,544.0,14.8,21.69,,3.0,3.0,507.45,395.25,,ATRBB_BW,550.0499877929688,11.0,0.13564568554344736
2024-10-30,XCHANGING.NS,0.0,,,,EW,,,112.0,,,0.0,2.0,,,,,3337.0,_DC,32.19,2263.0,1.47,-3.28,104.21,,,119.4,104.21,,EW_DC,106.38999938964844,128.0,-0.05008929116385324
2024-10-30,XELPMOC.NS,0.0,,,BB,,,ZZ,147.78,0.0,13.0,6.0,8.0,0.0,0.0,0.0,,3337.0,_W,77.91,738.0,2.27,15.9,,8.0,8.0,159.06,135.23,,BB_W,130.39999389648438,80.0,-0.11760729532761961
2024-10-30,YOGISUNG.BO,1.0,,,BB,,,,10.38,,,1.0,1.0,,,,,3337.0,_DC,86.54,450.0,5.54,25.52,,,,10.43,9.45,,BB_DC,10.399999618530273,1075.0,0.0019267455231476546
2024-10-30,ZEEMEDIA.NS,1.0,,,,EW,,,20.0,,,0.0,1.0,,,,,3337.0,_DC,91.4,288.0,4.17,34.33,17.65,,,23.0,17.65,,EW_DC,18.670000076293945,426.0,-0.06649999618530274
2024-10-30,ZENITHHE.BO,1.0,,ATR,BB,,LR,ZZ,5.74,0.0,34.0,0.0,0.0,5.32,5.61,5.89,,3337.0,_DC,78.18,729.0,8.81,16.16,,3.0,3.0,5.77,4.63,,ATRBBLR_DC,5.460000038146973,901.0,-0.04878048115906403
2024-10-30,ZKHANDEN.BO,1.0,,,,EW,,ZZ,80.0,0.0,17.0,5.0,5.0,71.83,76.0,80.16,,3337.0,_BW,59.71,1345.0,7.98,5.89,68.05,10.0,10.0,80.3,68.05,,EW_BW,95.19000244140625,84.0,0.18987503051757812
2024-10-30,ZODIAC.NS,1.0,,,,EW,,,564.0,,,0.0,2.0,,,,,3337.0,_DC,52.82,1575.0,5.38,3.39,502.05,,,634.75,502.05,,EW_DC,511.70001220703125,16.0,-0.09273047481022828
2024-10-30,ZOTA.NS,0.0,,,BB,,,,603.4,,,1.0,3.0,,,,,3337.0,_DC,69.96,1003.0,0.43,11.0,,,,613.0,575.0,,BB_DC,564.9000244140625,35.0,-0.06380506394752648
