Date/Time,Ticker,BearBreak,Buy_ATR,Buy_BB,Buy_EW,Buy_LR,Buy_ZZ,Close,DnBars,Downtrend Length,FromHigh,FromLow,LR_LC,LR_MC,LR_UC,Mega Sellby Larger Wave,NumberOfTickers,Pattern,PercentileRank,Rank,SL,UpBars,Uptrend Length,hh,ll,myShort,Buy,Current_Price,Quantity,P/L Percentage
2024-11-25,3PLAND.NS,,ATR,BB,,,ZZ,55.59,0.0,62.0,0.0,0.0,46.82,49.58,52.34,,3525.0,_BW,100.0,1.0,,19.0,19.0,56.52,34.05,,ATRBB_BW,58.79999923706055,46.0,0.05774418487246885
2024-11-25,ABFRL.NS,,,,EW,,,299.0,,,0.0,1.0,,,,,3525.0,_DC,100.0,1.0,283.75,,,364.4,283.75,,EW_DC,316.20001220703125,66.0,0.05752512443823161
2024-11-25,ACC.NS,,,,EW,,,2145.0,,,1.0,1.0,,,,,3525.0,_DC,100.0,1.0,1868.2,,,2544.9,1868.2,,EW_DC,2198.39990234375,4.0,0.02489505936771562
2024-11-25,ACEINTEG.NS,,,,EW,,,33.0,,,0.0,1.0,,,,,3525.0,_BW,100.0,1.0,28.01,,,36.49,28.01,,EW_BW,32.540000915527344,200.0,-0.013939366196141098
2024-11-25,ACKNIT.BO,,,,EW,,,294.0,,,1.0,1.0,,,,,3525.0,_BW,100.0,1.0,275.0,,,360.0,275.0,,EW_BW,298.25,53.0,0.01445578231292517
2024-11-25,ACROW.BO,,,BB,,,ZZ,763.0,0.0,23.0,3.0,13.0,717.12,750.03,782.94,,3525.0,_W,100.0,1.0,,18.0,18.0,1020.0,666.2,,BB_W,883.25,10.0,0.15760157273918743
2024-11-25,ADSL.NS,,,BB,,,,257.9,,,1.0,7.0,,,,,3525.0,_DC,100.0,1.0,,,,315.0,243.05,,BB_DC,267.54998779296875,67.0,0.037417556389952596
2024-11-25,AEGISLOG.BO,,,,EW,,ZZ,848.0,0.0,12.0,1.0,1.0,868.82,895.96,923.11,,3525.0,_UC,100.0,1.0,745.2,8.0,8.0,857.75,647.9,,EW_UC,845.5999755859375,5.0,-0.0028302174694133254
2024-11-25,AHLUCONT.NS,,,BB,,,,956.9,,,1.0,1.0,,,,,3525.0,_DC,100.0,1.0,,,,1542.45,915.0,,BB_DC,1000.0,24.0,0.045041279130525684
2024-11-25,AJANTPHARM.NS,,,BB,,LR,ZZ,2996.7,0.0,11.0,0.0,2.0,2976.02,2998.45,3020.89,,3525.0,_DC,100.0,1.0,,6.0,6.0,3485.0,2755.55,,BBLR_DC,2963.199951171875,4.0,-0.011178979820510835
2024-11-25,AJCON.BO,,,BB,,,ZZ,50.51,0.0,5.0,9.0,9.0,46.25,48.83,51.41,,3525.0,_DC,100.0,1.0,,4.0,4.0,53.15,37.5,,BB_DC,49.5,77.0,-0.01999604038804193
2024-11-25,AKCAPIT.BO,,,,EW,,ZZ,1183.0,0.0,26.0,4.0,4.0,1425.15,1459.69,1494.23,,3525.0,_BW,100.0,1.0,1117.0,19.0,19.0,1259.0,1005.4,,EW_BW,1187.949951171875,6.0,0.0041842359863694
2024-11-25,ALPA.NS,,,,,LR,,110.79,,,8.0,5.0,,,,,3525.0,_DC,100.0,1.0,,,,144.5,105.1,,LR_DC,110.26000213623047,176.0,-0.0047838059731883514
2024-11-25,AMALGAM.BO,,,,EW,,,79.0,,,1.0,1.0,,,,,3525.0,_DC,100.0,1.0,75.04,,,117.0,75.04,,EW_DC,78.81999969482422,253.0,-0.0022784848756428008
2024-11-25,ANGELONE.NS,,,BB,,,ZZ,2799.05,0.0,14.0,6.0,2.0,2692.69,2760.22,2827.74,,3525.0,_DC,100.0,1.0,,6.0,6.0,3393.0,2605.0,,BB_DC,2921.5,5.0,0.04374698558439464
2024-11-25,ANMOL.BO,,,BB,,,,28.68,,,0.0,1.0,,,,,3525.0,_DC,100.0,1.0,,,,37.09,27.0,,BB_DC,28.739999771118164,595.0,0.0020920422286668182
2024-11-25,ANSALHSG.BO,,,BB,EW,,,15.0,,,1.0,1.0,,,,,3525.0,_DC,100.0,1.0,13.62,,,26.82,13.62,,EWBB_DC,16.799999237060547,725.0,0.11999994913736979
2024-11-25,ANUHPHR.BO,,,BB,,,ZZ,199.0,0.0,8.0,2.0,,190.27,197.49,204.71,,3525.0,_W,100.0,1.0,,4.0,4.0,224.95,182.1,,BB_W,208.5,59.0,0.04773869346733668
2024-11-25,ANUP.NS,,,BB,,,ZZ,3679.45,0.0,9.0,0.0,0.0,3411.37,3579.72,3748.06,,3525.0,_DC,100.0,1.0,,6.0,6.0,3822.45,1665.05,,BB_DC,3478.449951171875,0.0,-0.0546277429583565
2024-11-25,APARINDS.NS,,,BB,,,ZZ,9561.9,0.0,14.0,1.0,2.0,9314.61,9595.19,9875.76,,3525.0,_DC,100.0,1.0,,6.0,6.0,11000.0,8574.35,,BB_DC,9747.4501953125,1.0,0.01940515957210391
2024-11-25,APOLLO.NS,,,,EW,,,96.0,,,5.0,5.0,,,,,3525.0,_W,100.0,1.0,90.25,,,113.0,87.99,,EW_W,96.4000015258789,125.0,0.0041666825612386065
2024-11-25,APOLLOPIPE.NS,,,,EW,,,498.0,,,0.0,1.0,,,,,3525.0,_DC,100.0,1.0,452.7,,,678.5,452.7,,EW_DC,498.0,22.0,0.0
2024-11-25,ARVINDFASN.NS,,,,,LR,,570.85,,,3.0,4.0,,,,,3525.0,_W,100.0,1.0,,,,639.7,539.2,,LR_W,570.9000244140625,32.0,8.763145145393232e-05
2024-11-25,ASAHISONG.NS,,,BB,,,,381.05,,,2.0,2.0,,,,,3525.0,_DC,100.0,1.0,,,,588.95,351.7,,BB_DC,386.1000061035156,34.0,0.0132528699737977
2024-11-25,ASAL.NS,,,,EW,,,652.0,,,0.0,1.0,,,,,3525.0,_BW,100.0,1.0,618.0,,,1094.55,618.0,,EW_BW,681.9500122070312,29.0,0.04593560154452646
2024-11-25,ASALCBR.NS,,,,,LR,ZZ,929.95,0.0,10.0,0.0,4.0,916.64,938.98,961.32,,3525.0,_W,100.0,1.0,,6.0,6.0,970.7,815.0,,LR_W,963.5999755859375,9.0,0.0361847148620221
2024-11-25,ASHOKLEY.NS,,ATR,BB,,,ZZ,234.91,0.0,61.0,0.0,3.0,218.15,226.83,235.52,,3525.0,_W,100.0,1.0,,13.0,13.0,235.82,202.0,,ATRBB_W,232.63999938964844,30.0,-0.009663277895157972
2024-11-25,ASITCFIN.BO,,,BB,,,ZZ,144.95,0.0,35.0,1.0,1.0,0.0,0.0,0.0,,3525.0,_DC,100.0,1.0,,5.0,5.0,193.35,127.65,,BB_DC,148.0,58.0,0.021041738530527848
2024-11-25,ASPINWALL.NS,,,,EW,,,270.0,,,4.0,5.0,,,,,3525.0,_AT,100.0,1.0,263.0,,,319.0,260.05,,EW_AT,279.0,101.0,0.03333333333333333
2024-11-25,ATHARVENT.BO,,,,EW,,,3.0,,,2.0,1.0,,,,,3525.0,_BW,100.0,1.0,2.26,,,3.17,2.13,,EW_BW,2.8399999141693115,1149.0,-0.05333336194356283
2024-11-25,AUROLAB.BO,,,,EW,,,207.0,,,1.0,1.0,,,,,3525.0,_DC,100.0,1.0,192.0,,,262.2,192.0,,EW_DC,208.6999969482422,67.0,0.008212545643682066
2024-11-25,AVADHSUGAR.NS,,,BB,,,,585.45,,,0.0,1.0,,,,,3525.0,_DC,100.0,1.0,,,,830.5,547.05,,BB_DC,611.0,26.0,0.04364164318045939
2024-11-25,AVONMORE.BO,,,BB,,,,15.93,,,0.0,1.0,,,,,3525.0,_DC,100.0,1.0,,,,17.01,12.4,,BB_DC,17.809999465942383,283.0,0.11801628788087778
2024-11-25,BALMLAWRIE.NS,,,BB,EW,,,224.0,,,0.0,1.0,,,,,3525.0,_DC,100.0,1.0,209.53,,,292.15,209.53,,EWBB_DC,227.82000732421875,69.0,0.017053604125976562
2024-11-25,BALRAMCHIN.NS,,,,EW,,,536.0,,,0.0,1.0,,,,,3525.0,_DC,100.0,1.0,505.95,,,691.8,505.95,,EW_DC,552.5,33.0,0.030783582089552237
2024-11-25,BANASFN.BO,,,BB,,,ZZ,11.18,0.0,10.0,1.0,1.0,10.94,11.45,11.96,,3525.0,_UC,100.0,1.0,,6.0,6.0,11.89,9.12,,BB_UC,10.9399995803833,485.0,-0.021466942720634968
2024-11-25,BANKA.NS,,,,EW,,,107.0,,,1.0,1.0,,,,,3525.0,_DC,100.0,1.0,98.43,,,140.0,98.43,,EW_DC,106.0,117.0,-0.009345794392523364
2024-11-25,BCG.NS,,,,EW,,,8.0,,,0.0,1.0,,,,,3525.0,_DC,100.0,1.0,7.69,,,10.4,7.69,,EW_DC,,3226.0,
2024-11-25,BDH.BO,,,BB,,,ZZ,404.4,0.0,10.0,0.0,0.0,329.64,372.11,414.58,,3525.0,_BW,100.0,1.0,,5.0,5.0,411.5,296.0,,BB_BW,375.0,9.0,-0.07270029673590499
2024-11-25,BDL.NS,,,,EW,,,994.0,,,1.0,1.0,,,,,3525.0,_W,100.0,1.0,890.0,,,1794.7,890.0,,EW_W,1156.949951171875,10.0,0.16393355248679578
2024-11-25,BELLACASA.BO,,,BB,,,ZZ,542.15,0.0,15.0,4.0,7.0,519.29,533.31,547.33,,3525.0,_DC,100.0,1.0,,5.0,5.0,562.7,491.05,,BB_DC,564.0,20.0,0.04030249930830955
2024-11-25,BEMHY.BO,,,BB,,,ZZ,1373.15,0.0,10.0,2.0,2.0,1309.48,1378.2,1446.91,,3525.0,_DC,100.0,1.0,,6.0,6.0,1695.3,1170.0,,BB_DC,1300.0,5.0,-0.05327167461675716
2024-11-25,BHARTIARTL.NS,,,,,LR,,1578.75,,,0.0,1.0,,,,,3525.0,_DC,100.0,1.0,,,,1779.0,1511.0,,LR_DC,1564.300048828125,15.0,-0.009152779839667459
2024-11-25,BHEL.NS,,,BB,,,ZZ,241.22,0.0,10.0,5.0,5.0,231.56,239.54,247.53,,3525.0,_DC,100.0,1.0,,4.0,4.0,335.35,210.7,,BB_DC,251.30999755859375,33.0,0.041829025613936456
2024-11-25,BKMINDST.NS,,,BB,,,ZZ,1.8,0.0,34.0,0.0,0.0,1.75,1.8,1.84,,3525.0,_BW,100.0,1.0,,14.0,14.0,1.84,1.5,,BB_BW,,3333.0,
2024-11-25,BLUESTARCO.NS,,,BB,,LR,ZZ,1848.25,0.0,27.0,0.0,2.0,1834.24,1853.64,1873.04,,3525.0,_DC,100.0,1.0,,6.0,6.0,2199.55,1730.1,,BBLR_DC,1838.0,8.0,-0.005545786554849182
2024-11-25,BNRSEC.BO,,,,EW,,,194.0,,,6.0,5.0,,,,,3525.0,_DC,100.0,1.0,178.65,,,211.0,150.35,,EW_DC,188.0,23.0,-0.030927835051546393
2024-11-25,BOSCHLTD.NS,,,,EW,,,35043.0,,,2.0,2.0,,,,,3525.0,_DC,100.0,1.0,32830.5,,,39088.8,32830.5,,EW_DC,34834.6015625,0.0,-0.005946934837200012
2024-11-25,BPCL.NS,,,BB,,,,296.55,,,0.0,1.0,,,,,3525.0,_DC,100.0,1.0,,,,376.0,279.35,,BB_DC,292.8500061035156,58.0,-0.012476796143936557
2024-11-25,BRADYM.BO,,,,EW,,,1592.0,,,0.0,0.0,,,,,3525.0,_UC,100.0,1.0,1440.2,,,2511.3,1440.2,,EW_UC,1842.5,7.0,0.1573492462311558
2024-11-25,BRIGADE.NS,,,BB,,,ZZ,1227.9,0.0,14.0,0.0,2.0,1209.11,1225.76,1242.41,,3525.0,_DC,100.0,1.0,,5.0,5.0,1448.7,1049.05,,BB_DC,1243.199951171875,6.0,0.012460258304320309
2024-11-25,BTTL.BO,,,BB,EW,,ZZ,45.0,0.0,14.0,0.0,1.0,43.58,44.68,45.78,,3525.0,_DC,100.0,1.0,40.6,4.0,4.0,73.8,40.6,,EWBB_DC,46.0,227.0,0.022222222222222223
2024-11-25,CAPACITE.NS,,ATR,,,,ZZ,392.35,0.0,16.0,4.0,5.0,363.96,378.93,393.9,,3525.0,_DC,100.0,1.0,,6.0,6.0,415.0,329.5,,ATR_DC,421.70001220703125,16.0,0.0748056893259366
2024-11-25,CARERATING.NS,,ATR,,,,,1477.25,,,3.0,1.0,,,,,3525.0,_UC,100.0,1.0,,,,1571.0,921.8,,ATR_UC,1500.0,2.0,0.01540023692672195
2024-11-25,CCL.NS,,,BB,,,ZZ,747.65,0.0,55.0,0.0,0.0,702.12,733.26,764.4,,3525.0,_W,100.0,1.0,,21.0,21.0,768.8,616.65,,BB_W,783.6500244140625,8.0,0.0481509053889688
2024-11-25,CEATLTD.NS,,,,,LR,ZZ,2913.6,0.0,9.0,0.0,2.0,2827.17,2879.69,2932.2,,3525.0,_DC,100.0,1.0,,6.0,6.0,2929.0,2660.0,,LR_DC,2975.300048828125,4.0,0.021176568104106636
2024-11-25,CEETAIN.BO,,,BB,,,,47.9,,,,4.0,,,,,3525.0,_W,100.0,1.0,,,,70.09,37.1,,BB_W,51.45000076293945,93.0,0.07411275079205543
2024-11-25,CEINSYSTECH.BO,,,BB,,,ZZ,1538.1,0.0,14.0,0.0,0.0,1433.01,1490.17,1547.32,,3525.0,_UC,100.0,1.0,,10.0,10.0,1538.2,500.0,,BB_UC,1520.0,1.0,-0.011767765424874788
2024-11-25,CGPOWER.NS,,,,,LR,ZZ,736.7,0.0,29.0,0.0,2.0,727.04,735.62,744.19,,3525.0,_DC,100.0,1.0,,6.0,6.0,764.0,681.1,,LR_DC,757.9000244140625,18.0,0.028777011557027898
2024-11-25,CHALET.NS,,ATR,,EW,,ZZ,898.0,0.0,8.0,2.0,2.0,841.45,871.55,901.65,,3525.0,_BW,100.0,1.0,810.8,6.0,6.0,947.0,803.4,,ATREW_BW,892.25,11.0,-0.006403118040089087
2024-11-25,CHAMBLFERT.NS,,,,EW,,,479.0,,,3.0,4.0,,,,,3525.0,_W,100.0,1.0,454.0,,,531.95,443.2,,EW_W,500.70001220703125,28.0,0.04530273947188152
2024-11-25,CHEMBOND.NS,,,,,LR,,575.05,,,5.0,5.0,,,,,3525.0,_W,100.0,1.0,,,,630.0,526.0,,LR_W,568.0999755859375,20.0,-0.012085948028975663
2024-11-25,COCHINSHIP.NS,,,,EW,,,1364.0,,,0.0,1.0,,,,,3525.0,_DC,100.0,1.0,1265.0,,,2979.45,1265.0,,EW_DC,1575.0,10.0,0.15469208211143695
2024-11-25,COFORGE.NS,,ATR,,,,ZZ,8611.6,0.0,27.0,0.0,0.0,7981.42,8340.07,8698.71,,3525.0,_UC,100.0,1.0,,22.0,22.0,8640.0,6710.05,,ATR_UC,8619.849609375,1.0,0.0009579647655487524
2024-11-25,COLINZ.BO,,,,EW,,,54.0,,,3.0,1.0,,,,,3525.0,_UC,100.0,1.0,52.0,,,68.5,49.03,,EW_UC,57.900001525878906,201.0,0.07222225047923901
2024-11-25,COMPINFO.NS,,,BB,,,,2.66,,,0.0,0.0,,,,,3525.0,_DC,100.0,1.0,,,,3.48,2.41,,BB_DC,,4000.0,
2024-11-25,CONTROLPR.NS,,,,EW,,,719.0,,,4.0,4.0,,,,,3525.0,_W,100.0,1.0,671.35,,,869.95,640.1,,EW_W,724.2999877929688,13.0,0.007371332118176287
2024-11-25,CORDSCABLE.NS,,,BB,,,ZZ,194.02,0.0,11.0,1.0,1.0,187.82,194.24,200.65,,3525.0,_DC,100.0,1.0,,4.0,4.0,237.5,180.8,,BB_DC,196.5,76.0,0.012782187403360425
2024-11-25,COUNCODOS.NS,,,,EW,,,6.0,,,1.0,1.0,,,,,3525.0,_DC,100.0,1.0,5.76,,,8.83,5.76,,EW_DC,6.269999980926514,4167.0,0.04499999682108561
2024-11-25,CPSEETF.BO,,,,EW,,,92.0,,,0.0,1.0,,,,,3525.0,_DC,100.0,1.0,86.85,,,104.82,86.85,,EW_DC,92.0,194.0,0.0
2024-11-25,CRESSAN.BO,,,,EW,,ZZ,8.0,0.0,14.0,1.0,1.0,7.48,7.55,7.62,,3525.0,_DC,100.0,1.0,6.79,3.0,3.0,15.46,6.79,,EW_DC,8.789999961853027,826.0,0.09874999523162842
2024-11-25,CROMPTON.NS,,,,,LR,ZZ,405.45,0.0,30.0,0.0,2.0,391.52,401.29,411.06,,3525.0,_DC,100.0,1.0,,5.0,5.0,408.75,369.8,,LR_DC,408.45001220703125,28.0,0.007399216196895453
2024-11-25,CSURGSU.BO,,,BB,,,,129.9,,,3.0,2.0,,,,,3525.0,_DC,100.0,1.0,,,,155.0,120.5,,BB_DC,128.9499969482422,106.0,-0.007313341430006298
2024-11-25,CUMMINSIND.NS,,ATR,,,,,3535.85,,,0.0,1.0,,,,,3525.0,_DC,100.0,1.0,,,,3929.0,3244.25,,ATR_DC,3460.949951171875,3.0,-0.02118303910746353
2024-11-25,DCI.NS,,,,EW,,,337.0,,,1.0,1.0,,,,,3525.0,_DC,100.0,1.0,316.55,,,429.4,316.55,,EW_DC,331.1000061035156,49.0,-0.017507400286303782
2024-11-25,DECPO.BO,,,BB,,,ZZ,12.61,0.0,87.0,,0.0,10.78,11.35,11.92,,3525.0,_BW,100.0,1.0,,76.0,76.0,12.61,9.03,,BB_BW,,279.0,
2024-11-25,DELTAMAGNT.NS,,ATR,,,,ZZ,99.75,0.0,28.0,11.0,4.0,90.86,94.2,97.54,,3525.0,_UC,100.0,1.0,,17.0,17.0,113.1,85.8,,ATR_UC,105.02999877929688,72.0,0.052932318589442355
2024-11-25,DENORA.NS,,,BB,EW,,,1208.0,,,0.0,1.0,,,,,3525.0,_DC,100.0,1.0,1138.75,,,2025.0,1138.75,,EWBB_DC,1259.0,14.0,0.042218543046357616
2024-11-25,DHINDIA.BO,,,,EW,,ZZ,139.0,0.0,10.0,0.0,2.0,132.21,136.31,140.41,,3525.0,_UC,100.0,1.0,120.1,5.0,5.0,196.0,120.1,,EW_UC,144.39999389648438,53.0,0.038848876953125
2024-11-25,DHPIND.BO,,,BB,,,ZZ,562.15,0.0,15.0,0.0,1.0,530.46,548.28,566.1,,3525.0,_DC,100.0,1.0,,4.0,4.0,619.0,450.0,,BB_DC,569.0999755859375,9.0,0.012363204813550695
2024-11-25,DILIGENT.BO,,,,EW,,ZZ,4.0,0.0,9.0,2.0,2.0,4.34,4.44,4.55,,3525.0,_DC,100.0,1.0,3.75,5.0,5.0,6.3,3.75,,EW_DC,4.480000019073486,4000.0,0.12000000476837158
2024-11-25,DIVISLAB.NS,,,BB,,,ZZ,6138.45,0.0,28.0,6.0,3.0,5778.84,5953.13,6127.42,,3525.0,_W,100.0,1.0,,20.0,20.0,6185.0,4395.3,,BB_W,5932.89990234375,1.0,-0.03348566782432859
2024-11-25,DJML.BO,,,BB,,,ZZ,129.3,0.0,9.0,2.0,2.0,122.45,126.32,130.19,,3525.0,_DC,100.0,1.0,,6.0,6.0,139.0,109.55,,BB_DC,135.60000610351562,51.0,0.048723945116130034
2024-11-25,DLF.NS,,,BB,,,ZZ,823.3,0.0,16.0,0.0,2.0,783.06,810.66,838.27,,3525.0,_DC,100.0,1.0,,6.0,6.0,929.0,743.95,,BB_DC,812.0499877929688,13.0,-0.013664535657756839
2024-11-25,DTIL.NS,,,BB,,,,259.7,,,8.0,2.0,,,,,3525.0,_DC,100.0,1.0,,,,312.0,246.6,,BB_DC,267.8999938964844,76.0,0.03157487060640888
2024-11-25,DUCON.NS,,,BB,,,,8.22,,,3.0,4.0,,,,,3525.0,_W,100.0,1.0,,,,11.28,7.16,,BB_W,8.510000228881836,943.0,0.03527983319730356
2024-11-25,DYNAMICP.BO,,,,EW,,ZZ,34.0,0.0,35.0,0.0,1.0,32.64,33.16,33.68,,3525.0,_DC,100.0,1.0,28.7,3.0,3.0,52.48,28.7,,EW_DC,34.93000030517578,189.0,0.02735295015222886
2024-11-25,EIDPARRY.NS,,,BB,,,ZZ,864.9,0.0,10.0,0.0,0.0,844.06,863.25,882.44,,3525.0,_DC,100.0,1.0,,4.0,4.0,875.15,741.3,,BB_DC,873.2999877929688,8.0,0.009712091331909785
2024-11-25,EIMCOELECO.NS,,,,,LR,ZZ,2533.05,0.0,26.0,0.0,1.0,2505.75,2576.0,2646.25,,3525.0,_DC,100.0,1.0,,3.0,3.0,3395.05,2289.25,,LR_DC,2522.85009765625,4.0,-0.004026727598645973
2024-11-25,ELGIEQUIP.NS,,ATR,,EW,,ZZ,641.0,0.0,14.0,0.0,1.0,565.3,616.27,667.24,,3525.0,_DC,100.0,1.0,546.8,3.0,3.0,752.95,546.8,,ATREW_DC,638.9000244140625,11.0,-0.0032760929577808112
2024-11-25,ELNET.BO,,,BB,,,,387.75,,,0.0,0.0,,,,,3525.0,_W,100.0,1.0,,,,399.9,310.1,,BB_W,410.0,13.0,0.05738233397807866
2024-11-25,EMAMILTD.NS,,,,EW,LR,ZZ,678.0,0.0,14.0,0.0,1.0,629.02,666.21,703.4,,3525.0,_DC,100.0,1.0,611.3,4.0,4.0,743.0,611.3,,EWLR_DC,667.0,15.0,-0.016224188790560472
2024-11-25,EMKAY.NS,,,,EW,,,297.0,,,2.0,1.0,,,,,3525.0,_UC,100.0,1.0,282.7,,,319.9,142.25,,EW_UC,333.0,6.0,0.12121212121212122
2024-11-25,EPL.NS,,,BB,,,,268.65,,,3.0,1.0,,,,,3525.0,_DC,100.0,1.0,,,,280.1,249.35,,BB_DC,260.3999938964844,52.0,-0.030709123780069247
2024-11-25,ERIS.NS,,ATR,BB,,,ZZ,1473.75,0.0,31.0,0.0,0.0,1344.89,1390.35,1435.81,,3525.0,_DC,100.0,1.0,,19.0,19.0,1489.0,1213.05,,ATRBB_DC,1445.8499755859375,4.0,-0.01893131427586938
2024-11-25,EROSMEDIA.NS,,,BB,,,,14.74,,,1.0,1.0,,,,,3525.0,_DC,100.0,1.0,,,,24.6,14.2,,BB_DC,16.0,1852.0,0.08548168249660786
2024-11-25,ESCORTS.NS,,,BB,,,,3615.5,,,5.0,5.0,,,,,3525.0,_W,100.0,1.0,,,,4420.0,3346.0,,BB_W,3550.0,4.0,-0.018116443092241738
2024-11-25,FORCEMOT.BO,,,,EW,,,6957.0,,,4.0,,,,,,3525.0,_UC,100.0,1.0,6521.2,,,8088.05,6150.35,,EW_UC,6962.39990234375,1.0,0.0007761825993603565
2024-11-25,FORINTL.BO,,,,EW,,,78.0,,,,4.0,,,,,3525.0,_W,100.0,1.0,74.04,,,132.65,72.0,,EW_W,89.97000122070312,167.0,0.15346155411157852
2024-11-25,FORTISMLR.BO,,,BB,,,,54.03,,,5.0,5.0,,,,,3525.0,_W,100.0,1.0,,,,67.7,51.01,,BB_W,54.02000045776367,331.0,-0.00018507388925280885
2024-11-25,FREDUN.BO,,,,EW,,,708.0,,,1.0,1.0,,,,,3525.0,_BW,100.0,1.0,655.0,,,799.9,655.0,,EW_BW,720.0,19.0,0.01694915254237288
2024-11-25,GAGAN.BO,,,BB,,,,23.4,,,5.0,4.0,,,,,3525.0,_W,100.0,1.0,,,,28.59,20.17,,BB_W,22.760000228881836,310.0,-0.02735041756915225
2024-11-25,GALAXYSURF.NS,,ATR,,,,ZZ,2871.6,0.0,10.0,0.0,1.0,2752.38,2843.99,2935.59,,3525.0,_DC,100.0,1.0,,3.0,3.0,3370.0,2615.0,,ATR_DC,2813.10009765625,4.0,-0.020371884086833093
2024-11-25,GANGAFORGE.NS,,,BB,,,,7.17,,,2.0,4.0,,,,,3525.0,_W,100.0,1.0,,,,8.5,6.15,,BB_W,7.25,980.0,0.011157601115760122
2024-11-25,GANGESSECU.NS,,,BB,,,ZZ,205.57,0.0,7.0,5.0,4.0,196.71,203.21,209.72,,3525.0,_W,100.0,1.0,,5.0,5.0,230.08,153.0,,BB_W,210.8300018310547,19.0,0.02558740006350486
2024-11-25,GAYAHWS.NS,,ATR,,,,ZZ,1.77,0.0,26.0,0.0,0.0,1.64,1.75,1.85,,3525.0,_UC,100.0,1.0,,20.0,20.0,1.77,1.15,,ATR_UC,,1613.0,
2024-11-25,GCMCAPI.BO,,,BB,,,ZZ,7.0,0.0,10.0,0.0,4.0,6.85,7.05,7.25,,3525.0,_W,100.0,1.0,,4.0,4.0,7.17,5.89,,BB_W,6.800000190734863,901.0,-0.02857140132359096
2024-11-25,GENESYS.NS,,ATR,,,,ZZ,822.0,0.0,10.0,3.0,2.0,756.84,790.54,824.25,,3525.0,_BW,100.0,1.0,,6.0,6.0,865.0,666.35,,ATR_BW,893.0,6.0,0.08637469586374696
2024-11-25,GGENG.BO,,,,EW,,ZZ,2.0,0.0,19.0,4.0,2.0,0.0,0.0,0.0,,3525.0,_DC,100.0,1.0,1.75,6.0,6.0,2.25,1.56,,EW_DC,1.8600000143051147,2273.0,-0.06999999284744263
2024-11-25,GICHSGFIN.NS,,,BB,,,,209.61,,,1.0,1.0,,,,,3525.0,_DC,100.0,1.0,,,,277.69,200.1,,BB_DC,217.91000366210938,105.0,0.03959736492585927
2024-11-25,GICRE.NS,,,,,LR,ZZ,394.35,0.0,11.0,0.0,5.0,377.6,388.29,398.97,,3525.0,_W,100.0,1.0,,6.0,6.0,397.9,347.0,,LR_W,398.25,21.0,0.00988969189806004
2024-11-25,GILLETTE.NS,,ATR,,,,,10443.15,,,0.0,0.0,,,,,3525.0,_UC,100.0,1.0,,,,10699.0,8090.0,,ATR_UC,9774.5498046875,0.0,-0.0640228470636254
2024-11-25,GITARENEW.BO,,,,EW,,,161.0,,,4.0,5.0,,,,,3525.0,_UC,100.0,1.0,150.0,,,190.85,142.05,,EW_UC,161.8000030517578,53.0,0.004968963054396351
2024-11-25,GLCL.BO,,,BB,,,,34.82,,,,1.0,,,,,3525.0,_W,100.0,1.0,,,,41.39,31.87,,BB_W,36.189998626708984,339.0,0.03934516446608225
2024-11-25,GLOBALVECT.NS,,,,EW,,,237.0,,,1.0,1.0,,,,,3525.0,_BW,100.0,1.0,215.0,,,315.95,215.0,,EW_BW,261.0,45.0,0.10126582278481013
2024-11-25,GLOBUSCON.BO,,,,EW,,,19.0,,,4.0,4.0,,,,,3525.0,_W,100.0,1.0,16.9,,,24.49,16.75,,EW_W,18.5,444.0,-0.02631578947368421
2024-11-25,GMDCLTD.NS,,,BB,,,,344.2,,,3.0,1.0,,,,,3525.0,_DC,100.0,1.0,,,,377.45,319.05,,BB_DC,353.3999938964844,40.0,0.02672862840349909
2024-11-25,GMRINFRA.NS,,,,EW,,ZZ,80.0,0.0,47.0,1.0,1.0,77.0,79.88,82.76,,3525.0,_BW,100.0,1.0,74.12,6.0,6.0,98.23,74.12,,EW_BW,82.06999969482422,170.0,0.025874996185302736
2024-11-25,GODAVARI.BO,,,BB,,,,117.4,,,1.0,13.0,,,,,3525.0,_DC,100.0,1.0,,,,155.0,106.0,,BB_DC,117.5,88.0,0.0008517887563883672
2024-11-25,GPTINFRA.NS,,,BB,,LR,ZZ,140.34,0.0,14.0,0.0,1.0,134.57,140.61,146.66,,3525.0,_DC,100.0,1.0,,5.0,5.0,193.75,115.1,,BBLR_DC,146.5,40.0,0.04389340173863472
2024-11-25,GRASIM.NS,,,,EW,,,2630.0,,,0.0,2.0,,,,,3525.0,_BW,100.0,1.0,2472.05,,,2833.0,2472.05,,EW_BW,2585.0,6.0,-0.017110266159695818
2024-11-25,GRAVISSHO.BO,,,BB,,,ZZ,43.85,0.0,8.0,2.0,5.0,0.0,0.0,0.0,,3525.0,_W,100.0,1.0,,6.0,6.0,52.0,39.98,,BB_W,44.79999923706055,258.0,0.021664748849727376
2024-11-25,GREENLAM.NS,,ATR,,EW,,,540.0,,,3.0,1.0,,,,,3525.0,_UC,100.0,1.0,503.0,,,579.0,490.0,,ATREW_UC,547.2000122070312,20.0,0.013333355938946759
2024-11-25,GRSE.NS,,,,EW,,,1443.0,,,2.0,2.0,,,,,3525.0,_DC,100.0,1.0,1371.0,,,2833.8,1370.0,,EW_DC,1708.25,14.0,0.18381843381843382
2024-11-25,GUJCMDS.BO,,,,EW,,,303.0,,,0.0,0.0,,,,,3525.0,_BW,100.0,1.0,274.35,,,540.6,274.35,,EW_BW,350.70001220703125,35.0,0.15742578286148928
2024-11-25,GUJCONT.BO,,,,EW,,,170.0,,,0.0,0.0,,,,,3525.0,_W,100.0,1.0,161.4,,,199.5,161.4,,EW_W,180.0,116.0,0.058823529411764705
2024-11-25,GUJTHEM.BO,,,,EW,,ZZ,328.0,0.0,11.0,3.0,,365.5,376.65,387.8,,3525.0,_W,100.0,1.0,275.1,5.0,5.0,390.0,253.5,,EW_W,328.70001220703125,13.0,0.002134183558022104
2024-11-25,HARIAEXPO.BO,,,,EW,,,6.0,,,1.0,3.0,,,,,3525.0,_W,100.0,1.0,5.29,,,9.36,3.87,,EW_W,5.820000171661377,469.0,-0.029999971389770508
2024-11-25,HAVELLS.NS,,,,,LR,ZZ,1708.15,0.0,42.0,0.0,2.0,1648.75,1684.22,1719.7,,3525.0,_DC,100.0,1.0,,6.0,6.0,1728.0,1586.75,,LR_DC,1712.949951171875,8.0,0.0028100290793401685
2024-11-25,HDFCBANK.NS,,,BB,,,ZZ,1785.6,0.0,39.0,0.0,0.0,1706.59,1762.45,1818.31,,3525.0,_W,100.0,1.0,,33.0,33.0,1803.55,1613.0,,BB_W,1805.699951171875,6.0,0.011256693084607467
2024-11-25,HESTERBIO.NS,,ATR,,,,,2645.6,,,3.0,3.0,,,,,3525.0,_DC,100.0,1.0,,,,2786.1,2201.0,,ATR_DC,2590.0,2.0,-0.02101602661022071
2024-11-25,HGINFRA.NS,,,BB,,,ZZ,1337.2,0.0,14.0,0.0,2.0,1288.57,1320.64,1352.71,,3525.0,_DC,100.0,1.0,,6.0,6.0,1879.9,1177.7,,BB_DC,1339.4000244140625,6.0,0.0016452470939743154
2024-11-25,HINDPETRO.NS,,,BB,,,,376.85,,,0.0,1.0,,,,,3525.0,_DC,100.0,1.0,,,,457.15,354.9,,BB_DC,380.5,46.0,0.00968555128035021
2024-11-25,HINDWAREAP.NS,,,BB,,,ZZ,292.75,0.0,23.0,0.0,1.0,285.4,290.49,295.58,,3525.0,_DC,100.0,1.0,,4.0,4.0,477.0,249.35,,BB_DC,296.54998779296875,23.0,0.01298031697000427
2024-11-25,HITECHCORP.NS,,,BB,,,,237.0,,,1.0,1.0,,,,,3525.0,_DC,100.0,1.0,,,,351.35,227.3,,BB_DC,237.14999389648438,103.0,0.0006328856391745781
2024-11-25,HITTCO.BO,,,,EW,,,15.0,,,6.0,5.0,,,,,3525.0,_AT,100.0,1.0,13.73,,,15.98,12.9,,EW_AT,14.5,476.0,-0.03333333333333333
2024-11-25,HLEGLAS.BO,,,,EW,,,376.0,,,2.0,,,,,,3525.0,_UC,100.0,1.0,353.05,,,427.25,350.05,,EW_UC,387.0,39.0,0.02925531914893617
2024-11-25,HOWARHO.BO,,,BB,,,ZZ,26.2,0.0,13.0,7.0,5.0,25.05,26.16,27.27,,3525.0,_DC,100.0,1.0,,4.0,4.0,33.5,22.66,,BB_DC,28.25,282.0,0.07824427480916034
2024-11-25,HPL.NS,,,,EW,,,519.0,,,3.0,4.0,,,,,3525.0,_W,100.0,1.0,473.5,,,694.0,436.0,,EW_W,549.7000122070312,12.0,0.05915223931990607
2024-11-25,HRYNSHP.BO,,,,EW,,,124.0,,,0.0,0.0,,,,,3525.0,_DC,100.0,1.0,113.0,,,156.9,113.0,,EW_DC,138.5,91.0,0.11693548387096774
2024-11-25,HUDCO.NS,,,BB,,,,217.04,,,3.0,4.0,,,,,3525.0,_W,100.0,1.0,,,,353.7,192.11,,BB_W,229.97999572753906,40.0,0.05962032679478009
2024-11-25,ICICIBANK.NS,,,,,LR,,1300.95,,,10.0,6.0,,,,,3525.0,_W,100.0,1.0,,,,1335.35,1232.55,,LR_W,1296.5999755859375,15.0,-0.0033437291318363853
2024-11-25,IDBI.NS,,,BB,,,,81.3,,,0.0,1.0,,,,,3525.0,_DC,100.0,1.0,,,,87.45,74.9,,BB_DC,83.19000244140625,156.0,0.02324726250192193
2024-11-25,INDIANB.NS,,ATR,,EW,,,565.0,,,0.0,0.0,,,,,3525.0,_UC,100.0,1.0,504.5,,,598.0,487.35,,ATREW_UC,564.5999755859375,13.0,-0.0007080078125
2024-11-25,INDIANHUME.NS,,,BB,,,ZZ,398.35,0.0,9.0,1.0,1.0,0.0,0.0,0.0,,3525.0,_DC,100.0,1.0,,4.0,4.0,613.7,372.6,,BB_DC,420.0,39.0,0.05434919041044302
2024-11-25,INDIGO.NS,,,,,LR,ZZ,4244.5,0.0,49.0,0.0,4.0,4172.33,4222.4,4272.46,,3525.0,_W,100.0,1.0,,6.0,6.0,4263.1,3780.0,,LR_W,4329.4501953125,2.0,0.020014181956060785
2024-11-25,INDOAMIN.BO,,,BB,,,,168.25,,,2.0,4.0,,,,,3525.0,_W,100.0,1.0,,,,247.9,157.0,,BB_W,177.6999969482422,89.0,0.05616640088108284
2024-11-25,IRB.NS,,,BB,EW,,,51.0,,,0.0,1.0,,,,,3525.0,_DC,100.0,1.0,45.06,,,72.0,45.06,,EWBB_DC,53.36000061035156,168.0,0.04627452177159926
2024-11-25,ISEC.NS,,,,,LR,ZZ,873.05,0.0,42.0,4.0,5.0,0.0,0.0,0.0,,3525.0,_UC,100.0,1.0,,28.0,28.0,922.45,820.1,,LR_UC,873.9500122070312,19.0,0.0010308827753637197
2024-11-25,ISHANCH.BO,,,,EW,,,56.0,,,2.0,5.0,,,,,3525.0,_UC,100.0,1.0,52.1,,,64.4,49.9,,EW_UC,55.4900016784668,164.0,-0.009107112884521484
2024-11-25,ISHITADR.BO,,,BB,,,ZZ,86.06,0.0,10.0,0.0,0.0,74.2,81.07,87.94,,3525.0,_W,100.0,1.0,,5.0,5.0,90.65,65.55,,BB_W,85.55000305175781,49.0,-0.0059260626102973476
2024-11-25,ITDCEM.NS,,,BB,,,,504.55,,,1.0,1.0,,,,,3525.0,_DC,100.0,1.0,,,,694.3,480.0,,BB_DC,515.3499755859375,41.0,0.021405164177856484
2024-11-25,JAICORPLTD.NS,,ATR,BB,,LR,,342.45,,,0.0,1.0,,,,,3525.0,_DC,100.0,1.0,,,,357.0,288.1,,ATRBBLR_DC,365.3999938964844,18.0,0.0670170649627227
2024-11-25,JETFREIGHT.NS,,,,EW,,,15.0,,,2.0,5.0,,,,,3525.0,_UC,100.0,1.0,13.8,,,24.8,13.41,,EW_UC,14.460000038146973,629.0,-0.035999997456868486
2024-11-25,JKIL.NS,,,,EW,,,755.0,,,0.0,1.0,,,,,3525.0,_DC,100.0,1.0,671.25,,,903.95,671.25,,EW_DC,757.2000122070312,12.0,0.002913923453021523
2024-11-25,JUBLINGREA.NS,,,,,LR,ZZ,710.35,0.0,10.0,0.0,1.0,681.3,701.21,721.12,,3525.0,_DC,100.0,1.0,,4.0,4.0,837.0,642.0,,LR_DC,741.3499755859375,15.0,0.043640424559636064
2024-11-25,JUPITERIN.BO,,,,EW,,,47.0,,,1.0,1.0,,,,,3525.0,_UC,100.0,1.0,43.45,,,57.68,33.65,,EW_UC,50.04999923706055,75.0,0.06489360078852227
2024-11-25,JUSTDIAL.NS,,,BB,,,,1116.15,,,3.0,4.0,,,,,3525.0,_DC,100.0,1.0,,,,1395.0,1018.65,,BB_DC,1124.0,10.0,0.007033104869417111
2024-11-25,JWL.NS,,,BB,EW,,,457.0,,,0.0,1.0,,,,,3525.0,_DC,100.0,1.0,422.3,,,748.1,422.3,,EWBB_DC,491.1000061035156,29.0,0.0746170811893121
2024-11-25,KAKTEX.BO,,,,EW,,,23.0,,,3.0,3.0,,,,,3525.0,_UC,100.0,1.0,21.5,,,27.1,18.3,,EW_UC,22.969999313354492,213.0,-0.00130437768023947
2024-11-25,KAMATHOTEL.NS,,,BB,,,ZZ,206.33,0.0,18.0,4.0,1.0,204.81,208.21,211.61,,3525.0,_W,100.0,1.0,,4.0,4.0,238.0,175.0,,BB_W,211.8000030517578,32.0,0.026510943884834003
2024-11-25,KANANIIND.NS,,,,EW,,,3.0,,,4.0,6.0,,,,,3525.0,_W,100.0,1.0,2.55,,,3.18,2.55,,EW_W,2.9200000762939453,2222.0,-0.026666641235351562
2024-11-25,KAPILRAJ.BO,,,BB,,,,43.37,,,1.0,2.0,,,,,3525.0,_W,100.0,1.0,,,,68.66,35.94,,BB_W,45.0,135.0,0.037583583121973775
2024-11-25,KAPSTON.NS,,,BB,,,ZZ,284.75,0.0,10.0,3.0,3.0,270.91,282.28,293.66,,3525.0,_W,100.0,1.0,,6.0,6.0,319.0,185.0,,BB_W,276.75,10.0,-0.028094820017559263
2024-11-25,KEYCORP.BO,,,,EW,,,264.0,,,1.0,1.0,,,,,3525.0,_W,100.0,1.0,251.1,,,354.5,251.1,,EW_W,276.1000061035156,78.0,0.0458333564527107
2024-11-25,KIRLFER.BO,,,BB,,,,608.15,,,5.0,5.0,,,,,3525.0,_DC,100.0,1.0,,,,830.0,550.55,,BB_DC,592.9500122070312,17.0,-0.024993813685716893
2024-11-25,KIRLOSENG.NS,,,,EW,,,1115.0,,,3.0,4.0,,,,,3525.0,_DC,100.0,1.0,1039.65,,,1404.85,1001.0,,EW_DC,1148.6500244140625,9.0,0.030179394093329596
2024-11-25,KISAN.BO,,,,EW,,,56.0,,,0.0,1.0,,,,,3525.0,_DC,100.0,1.0,46.99,,,78.5,46.99,,EW_DC,64.72000122070312,111.0,0.1557143075125558
2024-11-25,KKALPANAIND.BO,,,,EW,,,16.0,,,0.0,0.0,,,,,3525.0,_BW,100.0,1.0,14.81,,,22.8,14.81,,EW_BW,17.100000381469727,840.0,0.06875002384185791
2024-11-25,KOTAKBANK.NS,,,,,LR,ZZ,1790.75,0.0,28.0,0.0,2.0,1759.0,1779.74,1800.48,,3525.0,_DC,100.0,1.0,,6.0,6.0,1794.6,1679.05,,LR_DC,1767.199951171875,9.0,-0.013150941688189307
2024-11-25,KOTHARIPET.NS,,,BB,,,,191.8,,,0.0,1.0,,,,,3525.0,_W,100.0,1.0,,,,250.4,181.92,,BB_W,205.1699981689453,101.0,0.0697080196503926
2024-11-25,KPITTECH.NS,,,BB,,,,1366.2,,,0.0,1.0,,,,,3525.0,_DC,100.0,1.0,,,,1921.0,1283.25,,BB_DC,1414.9000244140625,12.0,0.03564633612506401
2024-11-25,KPRMILL.NS,,,,EW,,ZZ,940.0,0.0,13.0,9.0,5.0,928.65,941.96,955.27,,3525.0,_DC,100.0,1.0,871.4,6.0,6.0,1053.0,863.25,,EW_DC,942.8499755859375,13.0,0.0030318889212101064
2024-11-25,KREBSBIO.NS,,ATR,,EW,,,98.0,,,2.0,1.0,,,,,3525.0,_BW,100.0,1.0,81.04,,,100.16,73.3,,ATREW_BW,115.0999984741211,40.0,0.17448978034817442
2024-11-25,KRISHNA.BO,,,,EW,,,74.0,,,3.0,,,,,,3525.0,_W,100.0,1.0,68.1,,,92.7,65.45,,EW_W,73.69999694824219,117.0,-0.004054095294024493
2024-11-25,KSB.NS,,,BB,,,ZZ,828.5,0.0,28.0,4.0,4.0,0.0,0.0,0.0,,3525.0,_DC,100.0,1.0,,17.0,17.0,958.0,741.25,,BB_DC,845.2999877929688,11.0,0.020277595404910982
2024-11-25,LACTOSE.BO,,,BB,,,,176.85,,,6.0,,,,,,3525.0,_DC,100.0,1.0,,,,187.05,138.0,,BB_DC,202.0,26.0,0.14221091320327967
2024-11-25,LATTEYS.NS,,,BB,EW,,,37.0,,,0.0,0.0,,,,,3525.0,_W,100.0,1.0,33.52,,,48.63,33.52,,EWBB_W,32.29999923706055,287.0,-0.12702704764701225
2024-11-25,LAURUSLABS.NS,,,BB,,,ZZ,532.05,0.0,27.0,0.0,0.0,480.16,504.85,529.54,,3525.0,_UC,100.0,1.0,,20.0,20.0,535.75,427.05,,BB_UC,550.3499755859375,10.0,0.03439521771626266
2024-11-25,LCCINFOTEC.NS,,,,EW,,,11.0,,,2.0,0.0,,,,,3525.0,_UC,100.0,1.0,10.17,,,11.49,7.04,,EW_UC,10.449999809265137,253.0,-0.05000001733953303
2024-11-25,LEHAR.BO,,,,EW,,ZZ,233.0,0.0,23.0,1.0,1.0,223.38,233.11,242.85,,3525.0,_DC,100.0,1.0,195.0,4.0,4.0,275.0,195.0,,EW_DC,231.35000610351562,26.0,-0.007081518869031652
2024-11-25,LINC.NS,,,BB,EW,,,636.0,,,9.0,7.0,,,,,3525.0,_W,100.0,1.0,597.0,,,768.0,596.0,,EWBB_W,636.3499755859375,25.0,0.0005502760785180817
2024-11-25,LLOYDSME.NS,,,,EW,,,966.0,,,0.0,1.0,,,,,3525.0,_DC,100.0,1.0,907.95,,,1040.0,907.95,,EW_DC,969.7000122070312,17.0,0.003830240379949534
2024-11-25,LOTUSCHO.BO,,,BB,EW,,,1337.0,,,1.0,1.0,,,,,3525.0,_DC,100.0,1.0,1245.85,,,1991.7,1245.85,,EWBB_DC,1425.0,11.0,0.06581899775617053
2024-11-25,LOVABLE.NS,,,BB,,,,120.12,,,1.0,1.0,,,,,3525.0,_DC,100.0,1.0,,,,193.6,112.0,,BB_DC,128.69000244140625,123.0,0.07134534167004866
2024-11-25,LT.NS,,ATR,BB,,,ZZ,3753.0,0.0,41.0,0.0,0.0,3447.07,3632.22,3817.36,,3525.0,_UC,100.0,1.0,,18.0,18.0,3761.0,3262.55,,ATRBB_UC,3686.699951171875,2.0,-0.01766588031658007
2024-11-25,LTTS.NS,,,BB,,,ZZ,5458.15,0.0,59.0,0.0,3.0,5128.74,5304.26,5479.79,,3525.0,_DC,100.0,1.0,,13.0,13.0,5496.95,4871.0,,BB_DC,5254.0,2.0,-0.03740278299423791
2024-11-25,LUDLOWJUT.BO,,,BB,,,,158.2,,,2.0,5.0,,,,,3525.0,_DC,100.0,1.0,,,,175.75,128.05,,BB_DC,170.6999969482422,33.0,0.07901388715703034
2024-11-25,LWSKNIT.BO,,,,EW,,,47.0,,,2.0,1.0,,,,,3525.0,_DC,100.0,1.0,40.5,,,48.39,38.51,,EW_DC,29.719999313354492,118.0,-0.367659589077564
2024-11-25,M&MFIN.NS,,,BB,EW,,,273.0,,,0.0,1.0,,,,,3525.0,_DC,100.0,1.0,254.3,,,343.0,254.3,,EWBB_DC,272.75,53.0,-0.0009157509157509158
2024-11-25,MADHAV.NS,,,,,LR,ZZ,54.3,0.0,9.0,0.0,0.0,54.22,55.3,56.37,,3525.0,_DC,100.0,1.0,,4.0,4.0,55.79,42.65,,LR_DC,53.9900016784668,86.0,-0.005708993030077354
2024-11-25,MAGADSUGAR.NS,,,BB,,,,665.15,,,1.0,1.0,,,,,3525.0,_DC,100.0,1.0,,,,1010.0,630.0,,BB_DC,722.0999755859375,28.0,0.08561974830630313
2024-11-25,MAHSEAMLES.NS,,,BB,,,ZZ,655.05,0.0,10.0,3.0,5.0,635.66,648.64,661.62,,3525.0,_W,100.0,1.0,,6.0,6.0,660.0,566.5,,BB_W,646.9000244140625,11.0,-0.012441761065472033
2024-11-25,MAXIND.NS,,,,EW,,,247.0,,,0.0,0.0,,,,,3525.0,_UC,100.0,1.0,230.85,,,284.95,230.85,,EW_UC,243.64999389648438,62.0,-0.013562777747026822
2024-11-25,MAZDOCK.NS,,,BB,,LR,ZZ,4175.6,0.0,10.0,0.0,2.0,3976.73,4113.02,4249.3,,3525.0,_DC,100.0,1.0,,5.0,5.0,4850.0,3851.2,,BBLR_DC,4540.0,3.0,0.08726889548807347
2024-11-25,MEHIF.BO,,,,EW,,,30.0,,,2.0,4.0,,,,,3525.0,_DC,100.0,1.0,29.02,,,34.68,27.71,,EW_DC,33.5,437.0,0.11666666666666667
2024-11-25,METROPOLIS.NS,,,,EW,,,2118.0,,,0.0,1.0,,,,,3525.0,_DC,100.0,1.0,1988.15,,,2318.3,1988.15,,EW_DC,2158.14990234375,8.0,0.018956516687322945
2024-11-25,MITCON.NS,,,,EW,,,116.0,,,5.0,5.0,,,,,3525.0,_BW,100.0,1.0,108.99,,,147.0,103.85,,EW_BW,111.98999786376953,82.0,-0.03456898393302128
2024-11-25,MKTCREAT.BO,,,BB,,,,15.0,,,1.0,1.0,,,,,3525.0,_DC,100.0,1.0,,,,18.79,13.78,,BB_DC,15.479999542236328,820.0,0.031999969482421876
2024-11-25,MORGAN.BO,,,BB,,,ZZ,96.19,0.0,13.0,0.0,0.0,86.99,91.56,96.13,,3525.0,_UC,100.0,1.0,,7.0,7.0,98.3,56.0,,BB_UC,105.97000122070312,25.0,0.10167378335277188
2024-11-25,MPHASIS.NS,,,,,LR,,2982.4,,,0.0,1.0,,,,,3525.0,_BW,100.0,1.0,,,,3187.8,2751.05,,LR_BW,2945.949951171875,4.0,-0.012221717015868123
2024-11-25,MSTCLTD.NS,,,BB,,,ZZ,661.1,0.0,26.0,0.0,1.0,626.71,649.96,673.22,,3525.0,_DC,100.0,1.0,,5.0,5.0,680.95,557.75,,BB_DC,729.6500244140625,10.0,0.10369085526253588
2024-11-25,NAGAFERT.NS,,,BB,,,,9.34,,,1.0,1.0,,,,,3525.0,_DC,100.0,1.0,,,,12.9,9.06,,BB_DC,9.920000076293945,3571.0,0.062098509239180456
2024-11-25,NAGREEKEXP.NS,,,,EW,,,36.0,,,1.0,1.0,,,,,3525.0,_DC,100.0,1.0,32.71,,,58.75,32.71,,EW_DC,38.29999923706055,304.0,0.0638888676961263
2024-11-25,NATPLASTI.BO,,,,EW,,,392.0,,,3.0,4.0,,,,,3525.0,_UC,100.0,1.0,360.0,,,455.0,350.1,,EW_UC,379.75,24.0,-0.03125
2024-11-25,NAVA.NS,,ATR,BB,,LR,ZZ,1030.0,0.0,11.0,10.0,5.0,947.92,988.59,1029.27,,3525.0,_W,100.0,1.0,,6.0,6.0,1049.0,864.0,,ATRBBLR_W,1117.0999755859375,6.0,0.0845630830931432
2024-11-25,NAZARA.NS,,,,,LR,ZZ,948.0,0.0,14.0,3.0,5.0,919.67,937.45,955.23,,3525.0,_W,100.0,1.0,,6.0,6.0,1117.0,834.55,,LR_W,1012.0999755859375,9.0,0.06761600800204377
2024-11-25,NESCO.NS,,ATR,,,,ZZ,1041.4,0.0,27.0,0.0,0.0,977.03,1026.64,1076.26,,3525.0,_UC,100.0,1.0,,19.0,19.0,1067.05,871.0,,ATR_UC,1059.0,6.0,0.016900326483579708
2024-11-25,NGIL.BO,,,BB,EW,,,38.0,,,0.0,1.0,,,,,3525.0,_DC,100.0,1.0,34.0,,,47.11,34.0,,EWBB_DC,41.77000045776367,250.0,0.0992105383622019
2024-11-25,NHPC.NS,,,BB,,,ZZ,82.43,0.0,10.0,3.0,5.0,79.52,81.37,83.21,,3525.0,_DC,100.0,1.0,,4.0,4.0,118.4,75.1,,BB_DC,83.45999908447266,136.0,0.012495439578704954
2024-11-25,NIACL.NS,,,BB,EW,,,180.0,,,0.0,1.0,,,,,3525.0,_DC,100.0,1.0,168.8,,,310.11,168.8,,EWBB_DC,194.47999572753906,89.0,0.08044442070855035
2024-11-25,NILASPACES.NS,,ATR,,,,,13.17,,,2.0,1.0,,,,,3525.0,_UC,100.0,1.0,,,,13.2,10.21,,ATR_UC,13.65999984741211,338.0,0.03720575910494377
2024-11-25,NIYOGIN.BO,,,,EW,,,54.0,,,1.0,5.0,,,,,3525.0,_BW,100.0,1.0,50.61,,,59.3,45.0,,EW_BW,73.5999984741211,111.0,0.3629629347059462
2024-11-25,NTCIND.BO,,,BB,,,,219.65,,,6.0,1.0,,,,,3525.0,_DC,100.0,1.0,,,,255.1,201.1,,BB_DC,220.0,54.0,0.00159344411563849
2024-11-25,OCTAVE.BO,,,,EW,,ZZ,4.0,0.0,10.0,3.0,4.0,4.31,4.38,4.45,,3525.0,_W,100.0,1.0,3.76,6.0,6.0,5.87,3.58,,EW_W,4.539999961853027,2381.0,0.13499999046325684
2024-11-25,OIL.NS,,,BB,,LR,ZZ,518.75,0.0,10.0,3.0,3.0,503.69,516.83,529.97,,3525.0,_W,100.0,1.0,,4.0,4.0,767.9,459.05,,BBLR_W,507.3500061035156,17.0,-0.02197589184864458
2024-11-25,OMINFRAL.NS,,,,EW,,,134.0,,,1.0,1.0,,,,,3525.0,_BW,100.0,1.0,124.34,,,227.9,124.34,,EW_BW,137.77000427246094,104.0,0.028134360242245804
2024-11-25,ONELIFECAP.NS,,,,EW,,,15.0,,,1.0,1.0,,,,,3525.0,_BW,100.0,1.0,14.51,,,20.65,14.51,,EW_BW,16.350000381469727,2041.0,0.0900000254313151
2024-11-25,ONGC.NS,,,,EW,,,258.0,,,0.0,1.0,,,,,3525.0,_DC,100.0,1.0,240.8,,,345.0,240.8,,EW_DC,254.25,58.0,-0.014534883720930232
2024-11-25,ONTIC.BO,,,,EW,,ZZ,1.0,0.0,14.0,7.0,0.0,0.76,0.78,0.8,,3525.0,_UC,100.0,1.0,0.71,10.0,10.0,0.79,0.51,,EW_UC,0.8500000238418579,2041.0,-0.1499999761581421
2024-11-25,ORICONENT.NS,,,,EW,,,29.0,,,1.0,1.0,,,,,3525.0,_DC,100.0,1.0,26.67,,,46.18,26.67,,EW_DC,30.81999969482422,429.0,0.06275861016635237
2024-11-25,ORIENTLTD.NS,,,BB,,,,104.74,,,3.0,4.0,,,,,3525.0,_DC,100.0,1.0,,,,132.25,91.15,,BB_DC,110.68000030517578,74.0,0.05671186084758246
2024-11-25,PANACEABIO.NS,,,BB,,,ZZ,426.2,0.0,11.0,0.0,0.0,416.98,431.16,445.34,,3525.0,_UC,100.0,1.0,,6.0,6.0,429.9,130.0,,BB_UC,424.1000061035156,3.0,-0.004927249874435391
2024-11-25,PATIDAR.BO,,,BB,,,,9.75,,,1.0,1.0,,,,,3525.0,_DC,100.0,1.0,,,,10.45,8.51,,BB_DC,9.670000076293945,806.0,-0.008205120380108174
2024-11-25,PATINTLOG.NS,,ATR,,EW,,,23.0,,,3.0,4.0,,,,,3525.0,_UC,100.0,1.0,21.0,,,25.75,19.5,,ATREW_UC,26.299999237060547,286.0,0.14347822769828464
2024-11-25,PAUSHAKLTD.BO,,,BB,,,,5501.75,,,0.0,3.0,,,,,3525.0,_DT,100.0,1.0,,,,5526.8,4950.0,,BB_DT,5340.0,2.0,-0.02939973644749398
2024-11-25,PAVNAIND.NS,,,BB,,,,561.55,,,1.0,1.0,,,,,3525.0,_DC,100.0,1.0,,,,759.5,530.5,,BB_DC,563.0,32.0,0.002582138723177002
2024-11-25,PCBL.NS,,,BB,,,,394.4,,,0.0,1.0,,,,,3525.0,_DC,100.0,1.0,,,,584.4,381.55,,BB_DC,429.04998779296875,78.0,0.08785493862314599
2024-11-25,PCJEWELLER.NS,,,BB,,,,150.62,,,0.0,1.0,,,,,3525.0,_DC,100.0,1.0,,,,187.07,134.7,,BB_DC,151.5,63.0,0.005842517593944997
2024-11-25,PEARLPOLY.NS,,,,EW,,ZZ,35.0,0.0,9.0,6.0,7.0,0.0,0.0,0.0,,3525.0,_BW,100.0,1.0,32.93,4.0,4.0,47.5,32.93,,EW_BW,36.25,483.0,0.03571428571428571
2024-11-25,PEL.NS,,,BB,,,ZZ,1107.75,0.0,11.0,0.0,7.0,1076.59,1099.28,1121.96,,3525.0,_DC,100.0,1.0,,6.0,6.0,1121.2,994.05,,BB_DC,1185.25,9.0,0.0699616339426766
2024-11-25,PETRONET.NS,,,,,LR,ZZ,333.85,0.0,34.0,0.0,1.0,327.65,331.77,335.89,,3525.0,_DC,100.0,1.0,,4.0,4.0,384.2,308.85,,LR_DC,327.8500061035156,40.0,-0.0179721248958646
2024-11-25,PILITA.NS,,,BB,,,,13.91,,,1.0,1.0,,,,,3525.0,_DC,100.0,1.0,,,,16.99,13.2,,BB_DC,15.149999618530273,1408.0,0.08914447293531799
2024-11-25,PIONEEREMB.NS,,,BB,,,,46.71,,,1.0,1.0,,,,,3525.0,_DC,100.0,1.0,,,,52.4,43.24,,BB_DC,46.630001068115234,288.0,-0.0017126724873638723
2024-11-25,PODDARMENT.NS,,,,EW,,,382.0,,,0.0,1.0,,,,,3525.0,_DC,100.0,1.0,355.0,,,458.25,355.0,,EW_DC,384.1000061035156,37.0,0.005497398176742474
2024-11-25,POEL.BO,,,BB,,,ZZ,199.35,0.0,23.0,0.0,0.0,191.42,197.69,203.97,,3525.0,_UC,100.0,1.0,,18.0,18.0,199.35,154.5,,BB_UC,211.4499969482422,22.0,0.060697250806331544
2024-11-25,POLYCAB.NS,,,,,LR,ZZ,6766.15,0.0,10.0,0.0,1.0,6556.8,6705.49,6854.17,,3525.0,_DC,100.0,1.0,,5.0,5.0,7605.0,6257.5,,LR_DC,7128.5,2.0,0.05355335013264565
2024-11-25,POLYMED.NS,,ATR,,EW,,,3002.0,,,4.0,4.0,,,,,3525.0,_UC,100.0,1.0,2551.35,,,3357.8,1810.15,,ATREW_UC,2741.0,1.0,-0.08694203864090606
2024-11-25,POOJA.BO,,,BB,,,,40.06,,,5.0,5.0,,,,,3525.0,_W,100.0,1.0,,,,52.58,34.15,,BB_W,38.849998474121094,169.0,-0.030204731050397116
2024-11-25,PPL.NS,,,,EW,,,505.0,,,1.0,1.0,,,,,3525.0,_DC,100.0,1.0,464.35,,,667.95,464.35,,EW_DC,520.0499877929688,25.0,0.029801956025680695
2024-11-25,PRAXIS.NS,,,BB,,,,22.18,,,1.0,1.0,,,,,3525.0,_DC,100.0,1.0,,,,27.82,20.14,,BB_DC,23.0,490.0,0.03697024346257891
2024-11-25,PRECISIO.BO,,,BB,,,,128.8,,,1.0,1.0,,,,,3525.0,_DC,100.0,1.0,,,,177.0,120.0,,BB_DC,141.5500030517578,114.0,0.0989907069235854
2024-11-25,PREMEXPLN.NS,,,BB,,,,422.4,,,1.0,1.0,,,,,3525.0,_DC,100.0,1.0,,,,908.8,402.25,,BB_DC,465.8500061035156,50.0,0.10286459778294425
2024-11-25,PRESTIGE.NS,,,,,LR,ZZ,1729.95,0.0,27.0,0.0,2.0,1660.15,1703.0,1745.85,,3525.0,_DC,100.0,1.0,,5.0,5.0,1749.95,1505.95,,LR_DC,1660.300048828125,4.0,-0.0402612510025579
2024-11-25,PRIMAPLA.BO,,,,EW,,ZZ,151.0,0.0,14.0,0.0,1.0,147.09,149.89,152.68,,3525.0,_DC,100.0,1.0,140.1,3.0,3.0,206.05,140.1,,EW_DC,155.8000030517578,92.0,0.03178809968051532
2024-11-25,PRITIKAUTO.BO,,,BB,EW,,,25.0,,,0.0,1.0,,,,,3525.0,_DC,100.0,1.0,22.89,,,35.66,22.89,,EWBB_DC,26.34000015258789,474.0,0.053600006103515625
2024-11-25,PSUBNKBEES.BO,,,BB,,,,75.52,,,1.0,1.0,,,,,3525.0,_DC,100.0,1.0,,,,78.33,68.73,,BB_DC,75.94999694824219,147.0,0.005693815522274781
2024-11-25,PURVA.NS,,,,EW,,,340.0,,,1.0,1.0,,,,,3525.0,_BW,100.0,1.0,315.2,,,456.0,315.2,,EW_BW,367.04998779296875,40.0,0.07955878762637868
2024-11-25,QUICKHEAL.NS,,,BB,,,,579.0,,,1.0,1.0,,,,,3525.0,_DC,100.0,1.0,,,,825.0,564.1,,BB_DC,618.0999755859375,67.0,0.06753018235913212
2024-11-25,RAILTEL.NS,,,,EW,,,397.0,,,0.0,1.0,,,,,3525.0,_BW,100.0,1.0,360.0,,,617.8,360.0,,EW_BW,410.29998779296875,27.0,0.03350122869765428
2024-11-25,RAMAVISION.BO,,,,EW,,,132.0,,,2.0,0.0,,,,,3525.0,_W,100.0,1.0,122.6,,,156.3,101.0,,EW_W,143.0500030517578,32.0,0.08371214433149858
2024-11-25,RAYMOND.NS,,,BB,,,,1726.15,,,0.0,3.0,,,,,3525.0,_W,100.0,1.0,,,,1771.85,1325.0,,BB_W,1636.75,2.0,-0.051791559250354884
2024-11-25,RBL.NS,,,,EW,,,932.0,,,0.0,1.0,,,,,3525.0,_DC,100.0,1.0,856.65,,,1370.0,856.65,,EW_DC,924.0,13.0,-0.008583690987124463
2024-11-25,RCF.NS,,,,,LR,,160.82,,,5.0,5.0,,,,,3525.0,_DC,100.0,1.0,,,,245.0,147.8,,LR_DC,172.1999969482422,77.0,0.07076232401593206
2024-11-25,RDBRL.BO,,,BB,,,,165.15,,,5.0,1.0,,,,,3525.0,_DC,100.0,1.0,,,,205.0,153.0,,BB_DC,173.0,82.0,0.047532546170148314
2024-11-25,RECLTD.NS,,,,EW,,,519.0,,,0.0,1.0,,,,,3525.0,_DC,100.0,1.0,469.0,,,654.0,469.0,,EW_DC,530.3499755859375,20.0,0.02186893176481214
2024-11-25,REGENCY.BO,,,,EW,,,38.0,,,6.0,4.0,,,,,3525.0,_W,100.0,1.0,34.44,,,43.61,13.15,,EW_W,36.45000076293945,40.0,-0.0407894536068565
2024-11-25,REGTRUS.BO,,,BB,,,,3.12,,,0.0,2.0,,,,,3525.0,_DC,100.0,1.0,,,,4.44,2.93,,BB_DC,3.130000114440918,5263.0,0.003205164884909571
2024-11-25,RELCHEMQ.BO,,,,EW,,,214.0,,,1.0,1.0,,,,,3525.0,_DC,100.0,1.0,201.65,,,249.9,201.65,,EW_DC,209.0,81.0,-0.02336448598130841
2024-11-25,RELIANCE.NS,,,,EW,,,1287.0,,,0.0,1.0,,,,,3525.0,_DC,100.0,1.0,1217.25,,,1539.72,1217.25,,EW_DC,1285.300048828125,14.0,-0.0013208633814102565
2024-11-25,RENUKA.NS,,,BB,,,,39.96,,,0.0,1.0,,,,,3525.0,_DC,100.0,1.0,,,,56.5,38.2,,BB_DC,42.7400016784668,568.0,0.06956961157324314
2024-11-25,REPCOHOME.NS,,,,EW,,,477.0,,,0.0,1.0,,,,,3525.0,_DC,100.0,1.0,436.75,,,595.0,436.75,,EW_DC,464.5,25.0,-0.02620545073375262
2024-11-25,RGRL.BO,,,,EW,,,10.0,,,1.0,1.0,,,,,3525.0,_BW,100.0,1.0,8.35,,,10.88,8.35,,EW_BW,10.0,606.0,0.0
2024-11-25,RICHAIND.BO,,,BB,,,,1.93,,,3.0,4.0,,,,,3525.0,_DC,100.0,1.0,,,,2.45,1.59,,BB_DC,1.9299999475479126,2941.0,-2.7177247326513607e-08
2024-11-25,RIIL.NS,,,BB,,,,1170.4,,,0.0,1.0,,,,,3525.0,_DC,100.0,1.0,,,,1209.0,992.1,,BB_DC,1176.699951171875,6.0,0.005382733400439942
2024-11-25,RISHITECH.BO,,,BB,,,ZZ,59.69,0.0,14.0,5.0,2.0,56.17,58.33,60.5,,3525.0,_W,100.0,1.0,,6.0,6.0,67.5,53.26,,BB_W,62.0,156.0,0.038699949740325056
2024-11-25,RITES.NS,,,BB,,,ZZ,292.35,0.0,14.0,0.0,1.0,271.12,286.12,301.12,,3525.0,_DC,100.0,1.0,,4.0,4.0,310.0,267.0,,BB_DC,290.8500061035156,39.0,-0.00513081544889481
2024-11-25,RODIUM.BO,,,BB,EW,,ZZ,102.0,0.0,9.0,15.0,2.0,0.0,0.0,0.0,,3525.0,_DC,100.0,1.0,94.05,7.0,7.0,110.56,91.3,,EWBB_DC,117.4800033569336,93.0,0.1517647387934666
2024-11-25,ROSSARI.NS,,,,EW,,,811.0,,,5.0,5.0,,,,,3525.0,_W,100.0,1.0,754.1,,,972.7,744.2,,EW_W,827.7999877929688,15.0,0.020715151409332614
2024-11-25,ROYALCU.BO,,,BB,,,,28.75,,,0.0,0.0,,,,,3525.0,_W,100.0,1.0,,,,35.69,26.43,,BB_W,29.739999771118164,431.0,0.03443477464758832
2024-11-25,RTNINDIA.NS,,,BB,,,,62.41,,,1.0,1.0,,,,,3525.0,_DC,100.0,1.0,,,,77.59,59.84,,BB_DC,65.19000244140625,389.0,0.04454418268556727
2024-11-25,SABEVENTS.NS,,,BB,,,ZZ,15.18,0.0,10.0,0.0,1.0,14.67,15.0,15.33,,3525.0,_DC,100.0,1.0,,4.0,4.0,16.72,13.64,,BB_DC,17.549999237060547,649.0,0.15612643195392273
2024-11-25,SAHLIBHFI.BO,,,,EW,,,713.0,,,2.0,2.0,,,,,3525.0,_BW,100.0,1.0,670.2,,,844.8,670.2,,EW_BW,700.0,23.0,-0.0182328190743338
2024-11-25,SAKUMA.NS,,,BB,,,,3.97,,,0.0,1.0,,,,,3525.0,_DC,100.0,1.0,,,,10.3,3.71,,BB_DC,4.170000076293945,3846.0,0.05037785297076703
2024-11-25,SAMPRE.BO,,,,EW,,,78.0,,,2.0,1.0,,,,,3525.0,_DC,100.0,1.0,73.3,,,101.17,62.27,,EW_DC,75.66999816894531,64.0,-0.029871818346854966
2024-11-25,SANDUMA.BO,,,BB,EW,,ZZ,450.0,0.0,10.0,3.0,4.0,416.23,436.17,456.11,,3525.0,_DC,100.0,1.0,404.95,6.0,6.0,614.6,399.1,,EWBB_DC,511.20001220703125,20.0,0.13600002712673612
2024-11-25,SANGHVIMOV.NS,,,,EW,,,325.0,,,1.0,1.0,,,,,3525.0,_DC,100.0,1.0,302.0,,,475.95,302.0,,EW_DC,329.0,43.0,0.012307692307692308
2024-11-25,SAPPL.BO,,,BB,,,ZZ,212.0,0.0,31.0,5.0,5.0,216.47,224.76,233.06,,3525.0,_DC,100.0,1.0,,19.0,19.0,243.95,181.7,,BB_DC,214.89999389648438,33.0,0.013679216492850825
2024-11-25,SAREGAMA.NS,,,BB,EW,,,474.0,,,2.0,2.0,,,,,3525.0,_DC,100.0,1.0,439.1,,,688.9,439.1,,EWBB_DC,500.54998779296875,29.0,0.056012632474617616
2024-11-25,SARLAPOLY.NS,,,BB,,,ZZ,91.56,0.0,14.0,4.0,5.0,85.88,90.0,94.12,,3525.0,_W,100.0,1.0,,5.0,5.0,96.32,78.35,,BB_W,104.0999984741211,76.0,0.1369593542389809
2024-11-25,SATIN.NS,,,BB,,,,151.89,,,1.0,1.0,,,,,3525.0,_DC,100.0,1.0,,,,231.98,146.27,,BB_DC,160.3000030517578,178.0,0.055369037143708125
2024-11-25,SCAGRO.BO,,,,EW,,ZZ,16.0,0.0,22.0,1.0,,15.57,15.59,15.61,,3525.0,_DT,100.0,1.0,14.15,4.0,4.0,17.74,14.15,,EW_DT,15.609999656677246,541.0,-0.02437502145767212
2024-11-25,SGIL.BO,,,BB,,,,388.55,,,2.0,5.0,,,,,3525.0,_W,100.0,1.0,,,,488.45,332.2,,BB_W,449.45001220703125,18.0,0.1567366161550154
2024-11-25,SHAREINDIA.NS,,,,EW,,,283.0,,,0.0,1.0,,,,,3525.0,_DC,100.0,1.0,261.1,,,344.8,261.1,,EW_DC,284.3999938964844,46.0,0.0049469748992380744
2024-11-25,SHAWGELTIN.BO,,,BB,,,,357.75,,,3.0,4.0,,,,,3525.0,_W,100.0,1.0,,,,415.0,330.0,,BB_W,356.25,36.0,-0.0041928721174004195
2024-11-25,SHGANEL.BO,,,,EW,,,35.0,,,,1.0,,,,,3525.0,_UC,100.0,1.0,33.68,,,38.76,33.68,,EW_UC,36.75,758.0,0.05
2024-11-25,SHKARTP.BO,,,BB,,,ZZ,10.56,0.0,10.0,9.0,2.0,0.0,0.0,0.0,,3525.0,_DC,100.0,1.0,,5.0,5.0,14.76,9.45,,BB_DC,10.359999656677246,901.0,-0.01893942645101841
2024-11-25,SHREECEM.NS,,,,EW,,ZZ,25467.0,0.0,36.0,0.0,2.0,24600.77,25221.84,25842.91,,3525.0,_DC,100.0,1.0,23500.0,4.0,4.0,25763.0,23500.0,,EW_DC,25389.25,1.0,-0.0030529705108571876
2024-11-25,SHVFL.BO,,,,EW,,,34.0,,,1.0,0.0,,,,,3525.0,_UC,100.0,1.0,30.4,,,38.05,20.25,,EW_UC,35.650001525878906,73.0,0.04852945664349724
2024-11-25,SIEMENS.NS,,ATR,,,,,7348.5,,,0.0,1.0,,,,,3525.0,_DC,100.0,1.0,,,,7396.75,6551.45,,ATR_DC,7503.10009765625,1.0,0.02103832042678778
2024-11-25,SIGMA.NS,,,,EW,,ZZ,364.0,0.0,10.0,0.0,1.0,319.02,345.55,372.08,,3525.0,_DC,100.0,1.0,302.1,4.0,4.0,378.6,302.1,,EW_DC,361.45001220703125,16.0,-0.007005460969694368
2024-11-25,SJVN.NS,,,BB,,,ZZ,112.98,0.0,10.0,0.0,1.0,106.16,110.58,115.0,,3525.0,_DC,100.0,1.0,,4.0,4.0,159.65,101.7,,BB_DC,116.0999984741211,89.0,0.02761549366366693
2024-11-25,SKCIL.BO,,,,EW,,,194.0,,,0.0,1.0,,,,,3525.0,_DC,100.0,1.0,180.5,,,275.0,180.5,,EW_DC,200.39999389648438,74.0,0.03298965926022874
2024-11-25,SKPSEC.BO,,,,EW,,,232.0,,,5.0,3.0,,,,,3525.0,_W,100.0,1.0,219.95,,,325.0,146.9,,EW_W,255.0500030517578,12.0,0.09935346142999057
2024-11-25,SMSLIFE.NS,,,BB,,,,1053.05,,,1.0,1.0,,,,,3525.0,_DC,100.0,1.0,,,,1690.0,978.1,,BB_DC,1218.25,13.0,0.15687764113764782
2024-11-25,SOMATEX.NS,,,,EW,,,46.0,,,7.0,7.0,,,,,3525.0,_BW,100.0,1.0,43.16,,,55.3,32.21,,EW_BW,54.84000015258789,73.0,0.19217391636060632
2024-11-25,SOURCENTRL.BO,,,,EW,,,233.0,,,,4.0,,,,,3525.0,_W,100.0,1.0,222.35,,,269.75,140.95,,EW_W,240.1999969482422,11.0,0.030901274455975052
2024-11-25,SRHHYPOLTD.NS,,,BB,,,,673.4,,,7.0,2.0,,,,,3525.0,_DC,100.0,1.0,,,,942.0,632.9,,BB_DC,700.2999877929688,25.0,0.03994652181908045
2024-11-25,SRMENERGY.BO,,,,EW,,,15.0,,,1.0,1.0,,,,,3525.0,_UC,100.0,1.0,14.36,,,21.5,14.36,,EW_UC,14.770000457763672,1562.0,-0.015333302815755208
2024-11-25,STARLIT.BO,,,,EW,,,3.0,,,3.0,,,,,,3525.0,_DC,100.0,1.0,2.34,,,6.79,2.05,,EW_DC,,1053.0,
2024-11-25,STCORP.BO,,,BB,,,,9.49,,,0.0,,,,,,3525.0,_W,100.0,1.0,,,,18.7,8.86,,BB_W,10.970000267028809,1587.0,0.15595366354360468
2024-11-25,STEELCITY.NS,,,BB,,,ZZ,113.36,0.0,8.0,3.0,2.0,106.74,110.67,114.6,,3525.0,_DC,100.0,1.0,,5.0,5.0,126.64,87.0,,BB_DC,110.36000061035156,38.0,-0.026464355942558547
2024-11-25,SUMERUIND.BO,,,BB,EW,,,2.0,,,6.0,2.0,,,,,3525.0,_W,100.0,1.0,2.23,,,2.7,2.23,,EWBB_W,2.450000047683716,-4348.0,0.2250000238418579
2024-11-25,SUMICHEM.NS,,ATR,,EW,,,557.0,,,3.0,2.0,,,,,3525.0,_UC,100.0,1.0,503.0,,,593.0,490.35,,ATREW_UC,543.0,15.0,-0.025134649910233394
2024-11-25,SUPERIOR.BO,,,,EW,,,2.0,,,4.0,1.0,,,,,3525.0,,100.0,1.0,1.46,,,2.05,1.3,,EW,1.7799999713897705,1429.0,-0.11000001430511475
2024-11-25,SURYAAMBA.BO,,,BB,,,,154.0,,,2.0,2.0,,,,,3525.0,_DC,100.0,1.0,,,,184.0,141.5,,BB_DC,159.64999389648438,80.0,0.03668827205509335
2024-11-25,SURYALAXMI.NS,,,,EW,,ZZ,78.0,0.0,28.0,0.0,1.0,78.64,79.19,79.74,,3525.0,_DC,100.0,1.0,73.59,4.0,4.0,99.0,73.59,,EW_DC,80.54000091552734,227.0,0.03256411430163261
2024-11-25,SWITCHTE.BO,,,,EW,,,73.0,,,4.0,1.0,,,,,3525.0,_DC,100.0,1.0,65.79,,,86.1,65.79,,EW_DC,65.58000183105469,139.0,-0.10164381053349743
2024-11-25,TATIAGLOB.BO,,,,EW,,ZZ,3.0,0.0,14.0,4.0,,3.09,3.12,3.15,,3525.0,_W,100.0,1.0,2.82,3.0,3.0,3.65,2.55,,EW_W,3.130000114440918,2222.0,0.04333337148030599
2024-11-25,TEJASNET.NS,,,BB,,,,1300.9,,,3.0,2.0,,,,,3525.0,_DC,100.0,1.0,,,,1459.9,1102.85,,BB_DC,1340.050048828125,5.0,0.030094587461084562
2024-11-25,TEXRAIL.NS,,,,EW,,,203.0,,,3.0,1.0,,,,,3525.0,_UC,100.0,1.0,191.19,,,227.7,182.0,,EW_UC,214.75999450683594,48.0,0.05793100742283713
2024-11-25,TFCILTD.NS,,,BB,,,ZZ,174.34,0.0,14.0,0.0,0.0,160.61,170.8,181.0,,3525.0,_UC,100.0,1.0,,5.0,5.0,177.35,130.7,,BB_UC,175.7100067138672,23.0,0.00785824660931045
2024-11-25,TIIL.NS,,,BB,,,,2497.45,,,1.0,1.0,,,,,3525.0,_DC,100.0,1.0,,,,3933.0,2475.0,,BB_DC,2566.050048828125,45.0,0.02746803692891757
2024-11-25,TIMKEN.NS,,,BB,,,ZZ,3351.6,0.0,13.0,0.0,1.0,3308.61,3342.22,3375.83,,3525.0,_DC,100.0,1.0,,4.0,4.0,3958.95,3171.5,,BB_DC,3344.050048828125,6.0,-0.0022526408795425796
2024-11-25,TITAGARH.NS,,,,EW,,,1180.0,,,0.0,7.0,,,,,3525.0,_BW,100.0,1.0,1075.0,,,1249.9,1075.0,,EW_BW,1229.0999755859375,10.0,0.04161014880164195
2024-11-25,TITAN.NS,,,,,LR,ZZ,3309.1,0.0,37.0,0.0,3.0,3200.5,3269.88,3339.27,,3525.0,_BW,100.0,1.0,,10.0,10.0,3369.85,3106.0,,LR_BW,3219.050048828125,5.0,-0.02721282257165843
2024-11-25,TORNTPHARM.NS,,,,,LR,,3266.6,,,0.0,2.0,,,,,3525.0,_DC,100.0,1.0,,,,3590.7,3052.0,,LR_DC,3196.10009765625,5.0,-0.02158204320815218
2024-11-25,TORNTPOWER.NS,,,,EW,,,1614.0,,,0.0,1.0,,,,,3525.0,_BW,100.0,1.0,1486.55,,,2037.0,1486.55,,EW_BW,1525.300048828125,8.0,-0.054956599239079924
2024-11-25,TPROJECT.BO,,,,EW,,ZZ,4.0,0.0,6.0,1.0,5.0,3.3,3.45,3.59,,3525.0,_UC,100.0,1.0,3.21,4.0,4.0,4.14,3.05,,EW_UC,4.440000057220459,1053.0,0.11000001430511475
2024-11-25,TRF.NS,,,,EW,,,412.0,,,0.0,1.0,,,,,3525.0,_DC,100.0,1.0,390.0,,,616.0,390.0,,EW_DC,418.45001220703125,45.0,0.01565536943454187
2024-11-25,TRITURBINE.NS,,ATR,BB,,,ZZ,764.15,0.0,14.0,0.0,2.0,692.02,726.49,760.97,,3525.0,_DC,100.0,1.0,,8.0,8.0,788.0,613.05,,ATRBB_DC,797.4500122070312,7.0,0.04357784755222309
2024-11-25,TRIVENI.NS,,,BB,,,,382.6,,,0.0,1.0,,,,,3525.0,_DC,100.0,1.0,,,,518.0,356.55,,BB_DC,395.70001220703125,38.0,0.034239446437614285
2024-11-25,TTML.NS,,,BB,,,,69.05,,,0.0,1.0,,,,,3525.0,_DC,100.0,1.0,,,,111.4,65.82,,BB_DC,79.86000061035156,310.0,0.15655323114194883
2024-11-25,TVTODAY.NS,,,BB,,,,199.17,,,0.0,1.0,,,,,3525.0,_DC,100.0,1.0,,,,308.0,183.29,,BB_DC,201.2899932861328,63.0,0.010644139610045816
2024-11-25,UBL.NS,,,BB,,,,1897.15,,,0.0,1.0,,,,,3525.0,_DC,100.0,1.0,,,,2204.9,1810.0,,BB_DC,1934.5999755859375,11.0,0.019740123651760488
2024-11-25,UFLEX.NS,,,BB,,,,565.5,,,1.0,1.0,,,,,3525.0,_DC,100.0,1.0,,,,859.8,540.1,,BB_DC,580.8499755859375,39.0,0.02714407707504421
2024-11-25,ULTRACAB.BO,,,,EW,,,15.0,,,0.0,1.0,,,,,3525.0,_BW,100.0,1.0,14.18,,,18.5,14.18,,EW_BW,16.520000457763672,1220.0,0.10133336385091146
2024-11-25,UMESLTD.NS,,,,EW,,,7.0,,,3.0,1.0,,,,,3525.0,_BW,100.0,1.0,6.32,,,9.13,5.91,,EW_BW,7.159999847412109,917.0,0.02285712105887277
2024-11-25,UNITINT.BO,,,BB,,,,5.19,,,0.0,1.0,,,,,3525.0,_DC,100.0,1.0,,,,6.35,4.42,,BB_DC,5.340000152587891,1299.0,0.028901763504410448
2024-11-25,UNIVSTAR.BO,,,BB,,,,177.45,,,1.0,1.0,,,,,3525.0,_DC,100.0,1.0,,,,282.0,168.3,,BB_DC,175.0,109.0,-0.013806706114398359
2024-11-25,UTTAMSUGAR.NS,,,BB,,,,282.55,,,1.0,1.0,,,,,3525.0,_DC,100.0,1.0,,,,396.0,272.0,,BB_DC,293.95001220703125,95.0,0.04034688447011587
2024-11-25,UVDRHOR.BO,,,BB,,,ZZ,120.28,0.0,8.0,0.0,0.0,118.29,119.85,121.42,,3525.0,_UC,100.0,1.0,,5.0,5.0,120.28,88.65,,BB_UC,120.98999786376953,32.0,0.005902875488606004
2024-11-25,V2RETAIL.NS,,,,,LR,ZZ,1258.6,0.0,10.0,6.0,4.0,1227.07,1257.75,1288.43,,3525.0,_W,100.0,1.0,,6.0,6.0,1283.0,1071.1,,LR_W,1325.0,5.0,0.05275703162243771
2024-11-25,VADILENT.BO,,,BB,,,ZZ,5000.0,0.0,9.0,0.0,0.0,4650.74,4797.97,4945.19,,3525.0,_BW,100.0,1.0,,6.0,6.0,5050.0,3915.0,,BB_BW,5780.0,1.0,0.156
2024-11-25,VANICOM.BO,,,,EW,,,14.0,,,3.0,3.0,,,,,3525.0,_BW,100.0,1.0,12.63,,,15.6,10.05,,EW_BW,13.899999618530273,253.0,-0.007142884390694755
2024-11-25,VELJAN.BO,,,BB,,,ZZ,1514.55,0.0,11.0,3.0,,1477.16,1518.24,1559.32,,3525.0,_W,100.0,1.0,,5.0,5.0,1699.95,1401.0,,BB_W,1536.3499755859375,9.0,0.014393698184898185
2024-11-25,VETO.NS,,,,EW,,,134.0,,,0.0,1.0,,,,,3525.0,_DC,100.0,1.0,124.02,,,196.0,124.02,,EW_DC,142.60000610351562,100.0,0.064179150026236
2024-11-25,VGCL.BO,,,BB,,,,65.67,,,3.0,,,,,,3525.0,_W,100.0,1.0,,,,114.0,60.0,,BB_W,67.16000366210938,176.0,0.022689259359058522
2024-11-25,VIMTALABS.NS,,ATR,,,,ZZ,868.4,0.0,51.0,0.0,0.0,648.74,752.18,855.62,,3525.0,_UC,100.0,1.0,,33.0,33.0,897.0,503.05,,ATR_UC,891.7999877929688,3.0,0.02694609372750895
2024-11-25,VINATIORGA.NS,,,BB,,,ZZ,1873.7,0.0,36.0,0.0,1.0,1839.54,1871.88,1904.22,,3525.0,_DC,100.0,1.0,,3.0,3.0,2134.95,1746.85,,BB_DC,1877.5,8.0,0.0020280727971393256
2024-11-25,VIPULLTD.NS,,,,EW,,,27.0,,,0.0,0.0,,,,,3525.0,_DC,100.0,1.0,24.83,,,41.83,24.83,,EW_DC,28.729999542236328,461.0,0.06407405711986401
2024-11-25,VIRINCHI.BO,,,BB,,,,29.74,,,0.0,1.0,,,,,3525.0,_DC,100.0,1.0,,,,37.9,26.51,,BB_DC,30.0,310.0,0.008742434431741814
2024-11-25,VISAGAR.BO,,,BB,,,,0.77,,,3.0,,,,,,3525.0,_W,100.0,1.0,,,,0.83,0.68,,BB_W,0.75,11111.0,-0.025974025974025997
2024-11-25,VISTAPH.BO,,,BB,EW,,,12.0,,,1.0,1.0,,,,,3525.0,_DC,100.0,1.0,10.78,,,14.85,10.78,,EWBB_DC,12.130000114440918,820.0,0.010833342870076498
2024-11-25,VLSFINANCE.NS,,,BB,,,,385.8,,,3.0,4.0,,,,,3525.0,_W,100.0,1.0,,,,454.85,362.85,,BB_W,387.20001220703125,44.0,0.003628854865296108
2024-11-25,VOLTAMP.NS,,,BB,,,ZZ,9914.85,0.0,14.0,2.0,2.0,9439.86,9790.22,10140.58,,3525.0,_DC,100.0,1.0,,4.0,4.0,14280.0,9171.0,,BB_DC,10077.9501953125,1.0,0.016450092065185013
2024-11-25,VSTIND.NS,,,BB,,,,322.15,,,4.0,4.0,,,,,3525.0,_W,100.0,1.0,,,,486.15,301.05,,BB_W,326.75,47.0,0.014279062548502322
2024-11-25,WELENT.NS,,,,EW,,ZZ,473.0,0.0,30.0,0.0,1.0,454.2,467.94,481.68,,3525.0,_DC,100.0,1.0,442.1,4.0,4.0,619.0,442.1,,EW_DC,507.0,32.0,0.07188160676532769
2024-11-25,WHIRLPOOL.NS,,,BB,,,,1789.45,,,0.0,1.0,,,,,3525.0,_DC,100.0,1.0,,,,2449.7,1709.0,,BB_DC,1837.8499755859375,12.0,0.027047403160712764
2024-11-25,WIPL.NS,,,,EW,,,194.0,,,3.0,4.0,,,,,3525.0,_BW,100.0,1.0,180.45,,,205.0,172.5,,EW_BW,195.60000610351562,47.0,0.008247454141833118
2024-11-25,XPROINDIA.NS,,ATR,BB,,,ZZ,1215.0,0.0,23.0,0.0,0.0,1094.58,1155.36,1216.14,,3525.0,_AT,100.0,1.0,,18.0,18.0,1225.0,1002.25,,ATRBB_AT,1465.9000244140625,5.0,0.20650207770704732
2024-11-25,ZENITHSTL.NS,,,,EW,,ZZ,9.0,0.0,23.0,2.0,2.0,0.0,0.0,0.0,,3525.0,_DC,100.0,1.0,8.0,5.0,5.0,12.5,8.0,,EW_DC,8.949999809265137,1000.0,-0.005555576748318142
2024-11-25,ZKHANDEN.BO,,,BB,EW,,,87.0,,,3.0,1.0,,,,,3525.0,_DC,100.0,1.0,79.31,,,110.0,62.55,,EWBB_DC,101.08999633789062,41.0,0.16195398089529453
2024-11-25,ZOMATO.NS,,,BB,,,ZZ,273.31,0.0,42.0,0.0,0.0,265.35,273.75,282.14,,3525.0,_W,100.0,1.0,,12.0,12.0,284.34,239.45,,BB_W,283.2099914550781,30.0,0.036222573104087386
2024-11-25,^NSEBANK,,,,,LR,,52207.5,,,0.0,1.0,,,,,3525.0,_BW,100.0,1.0,,,,54467.35,49787.1,,LR_BW,52198.69921875,0.0,-0.00016857312167791984
