Ticker,Date/Time,Close,UpBars,DnBars,Downtrend Length,Uptrend Length,LR_UC,LR_MC,LR_LC,Buy
3RDROCK.NS,10/8/2024,64.60,283.00,0.00,,283.00,,,,1
4THGEN.BO,10/8/2024,6.24,44.00,0.00,55.00,44.00,6.37,6.03,5.70,1
^CNXMETAL,10/9/2024,9800.75,38.00,0.00,47.00,38.00,10402.04,9934.69,9467.33,1
^CNXIT,10/9/2024,42622.75,45.00,0.00,50.00,45.00,47706.70,46497.84,45288.98,1
AARVEEDEN.NS,10/9/2024,49.56,7.00,0.00,16.00,7.00,50.80,49.58,48.36,1
AAYUSH.BO,10/9/2024,77.57,52.00,0.00,72.00,52.00,76.90,73.28,69.67,1
ABANSENT.BO,10/9/2024,193.10,25.00,0.00,35.00,25.00,193.42,179.78,166.14,1
ABB.NS,10/9/2024,8458.05,21.00,0.00,41.00,21.00,8515.67,8233.28,7950.88,1
ABBOTINDIA.NS,9/13/2024,29559.00,23.00,0.00,40.00,23.00,33379.60,32942.86,32506.12,1
ACEMEN.BO,10/9/2024,72.85,8.00,0.00,31.00,8.00,88.74,86.15,83.56,1
ACESOFT.BO,10/9/2024,379.00,11.00,0.00,16.00,11.00,0.00,0.00,0.00,1
ADANIENT.NS,10/9/2024,3153.75,13.00,0.00,47.00,13.00,3364.78,3318.80,3272.81,1
ADFFOODS.NS,10/9/2024,318.25,6.00,0.00,14.00,6.00,319.15,298.26,277.36,1
ADINATH.BO,10/9/2024,29.47,12.00,0.00,31.00,12.00,31.65,30.98,30.30,1
ADORFO.BO,9/24/2024,142.50,11.00,0.00,50.00,11.00,146.62,142.25,137.89,1
ADVIKCA.BO,10/9/2024,3.23,5.00,0.00,10.00,5.00,3.42,3.24,3.06,1
AGIOPAPER.BO,10/8/2024,8.18,22.00,0.00,28.00,22.00,10.41,10.07,9.73,1
AGROPHOS.NS,10/9/2024,46.69,12.00,0.00,32.00,12.00,48.29,46.61,44.94,1
AFEL.BO,10/9/2024,18.68,20.00,0.00,30.00,20.00,21.17,19.76,18.36,1
AHMDSTE.BO,10/9/2024,321.00,23.00,0.00,30.00,23.00,321.22,316.60,311.97,1
AIROLAM.NS,10/9/2024,141.60,5.00,0.00,33.00,5.00,152.04,145.84,139.65,1
AJANTPHARM.NS,10/9/2024,3374.75,11.00,0.00,18.00,11.00,3444.35,3386.38,3328.42,1
AKSPINTEX.BO,10/9/2024,272.70,8.00,0.00,25.00,8.00,288.35,278.49,268.63,1
AKZOINDIA.NS,10/9/2024,4338.85,8.00,0.00,20.00,8.00,4322.97,4079.49,3836.00,1
ALFAICA.BO,10/9/2024,87.56,11.00,0.00,26.00,11.00,94.63,91.03,87.43,1
ALFREDHE.BO,10/9/2024,1745.00,10.00,0.00,19.00,10.00,1744.56,1647.92,1551.27,1
AMAL.BO,10/9/2024,330.00,6.00,0.00,66.00,6.00,337.27,322.60,307.93,1
AMARAJABAT.NS,12/28/2023,820.45,39.00,0.00,73.00,39.00,854.31,810.48,766.64,1
AMBER.NS,10/9/2024,5154.05,7.00,0.00,10.00,7.00,5293.18,5141.53,4989.89,1
AMBITION.BO,10/8/2024,2.96,36.00,0.00,68.00,36.00,3.18,3.04,2.90,1
ANGELONE.NS,10/9/2024,2594.05,19.00,0.00,34.00,19.00,2803.36,2684.28,2565.21,1
ANJANI.BO,10/9/2024,49.28,13.00,0.00,25.00,13.00,48.44,45.94,43.43,1
ANMOL.BO,10/9/2024,30.99,18.00,0.00,31.00,18.00,0.00,0.00,0.00,1
ANUP.NS,10/9/2024,2752.20,13.00,0.00,22.00,13.00,2958.75,2753.42,2548.09,1
APCL.NS,10/9/2024,181.12,9.00,0.00,48.00,9.00,194.51,192.10,189.68,1
APLAPOLLO.NS,10/9/2024,1536.00,21.00,0.00,28.00,21.00,1685.19,1619.04,1552.90,1
APLLTD.NS,10/9/2024,1230.90,12.00,0.00,19.00,12.00,1278.00,1252.00,1226.00,1
APOLLOFI.BO,10/9/2024,865.00,5.00,0.00,18.00,5.00,900.29,894.67,889.05,1
ARAVALIS.BO,10/9/2024,5.15,9.00,0.00,44.00,9.00,5.50,5.39,5.27,1
ARCHIDPLY.NS,10/9/2024,128.55,8.00,0.00,13.00,8.00,130.52,127.36,124.19,1
ARIHANT.BO,10/9/2024,507.15,4.00,0.00,7.00,4.00,513.17,506.97,500.77,1
ARISE.BO,10/9/2024,32.96,8.00,0.00,11.00,8.00,34.64,32.76,30.87,1
ARVSMART.NS,10/9/2024,842.25,3.00,0.00,9.00,3.00,866.89,827.23,787.57,1
ARYAMAN.BO,10/9/2024,401.00,34.00,0.00,35.00,34.00,1022.21,996.61,971.01,1
ASHAI.BO,10/9/2024,14.13,6.00,0.00,29.00,6.00,14.28,13.85,13.41,1
ASHISHPO.BO,10/9/2024,64.01,6.00,0.00,30.00,6.00,65.09,62.74,60.39,1
ASHOKA.NS,10/9/2024,239.72,6.00,0.00,22.00,6.00,264.76,260.88,256.99,1
ASIANENE.BO,10/9/2024,385.40,10.00,0.00,25.00,10.00,384.52,372.41,360.30,1
ASIANTNE.BO,10/9/2024,15.28,7.00,0.00,16.00,7.00,18.22,17.49,16.75,1
ASIIL.BO,10/9/2024,53.21,12.00,0.00,14.00,12.00,65.08,61.54,58.01,1
ASIAPAK.BO,10/9/2024,62.84,7.00,0.00,23.00,7.00,65.19,63.53,61.87,1
ASPIRA.BO,10/9/2024,42.58,4.00,0.00,6.00,4.00,0.00,0.00,0.00,1
ASTERDM.NS,10/9/2024,420.80,53.00,0.00,74.00,53.00,477.91,452.19,426.47,1
ASTRON.NS,10/9/2024,22.16,6.00,0.00,27.00,6.00,0.00,0.00,0.00,1
ASTRAZEN.NS,10/9/2024,7880.65,38.00,0.00,51.00,38.00,8092.91,7593.77,7094.63,1
ATFL.NS,10/9/2024,865.90,15.00,0.00,50.00,15.00,892.49,872.44,852.38,1
ATUL.NS,10/9/2024,7908.95,9.00,0.00,42.00,9.00,8103.31,7840.17,7577.03,1
AUBANK.NS,10/9/2024,705.30,38.00,0.00,72.00,38.00,844.71,822.39,800.07,1
AUSOMENT.NS,10/9/2024,133.98,18.00,0.00,36.00,18.00,137.05,126.77,116.50,1
AVG.NS,10/9/2024,487.50,9.00,0.00,17.00,9.00,490.77,468.74,446.72,1
AVI.BO,9/13/2024,11.99,165.00,0.00,391.00,165.00,9.93,7.53,5.12,1
AVIVA.BO,10/8/2024,24.70,31.00,0.00,347.00,31.00,25.15,24.72,24.28,1
AWHCL.NS,10/9/2024,780.55,13.00,0.00,15.00,13.00,776.47,744.53,712.59,1
B2BSOFT.BO,10/9/2024,40.12,6.00,0.00,17.00,6.00,40.91,39.82,38.73,1
BALLARPUR.BO,10/8/2024,269.70,321.00,0.00,329.00,321.00,277.19,270.36,263.54,1
BALTE.BO,10/9/2024,31.43,12.00,0.00,32.00,12.00,33.55,32.32,31.10,1
BANARISUG.NS,10/9/2024,3706.25,13.00,0.00,21.00,13.00,4032.59,3935.91,3839.23,1
BANCOINDIA.NS,10/9/2024,723.00,38.00,0.00,50.00,38.00,731.52,702.55,673.58,1
BANKBARODA.NS,10/9/2024,246.32,19.00,0.00,33.00,19.00,256.83,252.42,248.02,1
BARBEQUE.BO,10/9/2024,657.80,16.00,0.00,30.00,16.00,670.93,657.29,643.64,1
BASF.NS,10/9/2024,8347.60,10.00,0.00,15.00,10.00,8986.93,8664.05,8341.17,1
BATLIBOI.BO,10/9/2024,182.60,10.00,0.00,17.00,10.00,198.49,188.79,179.08,1
BAYERCROP.BO,10/9/2024,6731.05,36.00,0.00,41.00,36.00,6773.38,6536.80,6300.21,1
BAYERCROP.NS,9/13/2024,6495.90,20.00,0.00,25.00,20.00,6605.93,6488.55,6371.17,1
BCCFUBA.BO,10/9/2024,97.96,13.00,0.00,21.00,13.00,103.16,99.28,95.41,1
BEDMUTHA.NS,10/9/2024,212.72,18.00,0.00,31.00,18.00,0.00,0.00,0.00,1
BENARAS.BO,10/9/2024,8318.55,40.00,0.00,79.00,40.00,8412.96,8194.81,7976.67,1
BERYLSE.BO,10/9/2024,33.73,8.00,0.00,10.00,8.00,38.03,37.42,36.82,1
BITL.BO,10/8/2024,1.72,40.00,0.00,50.00,40.00,1.84,1.77,1.70,1
BLOOM.BO,10/8/2024,15.98,13.00,0.00,17.00,13.00,17.06,16.30,15.54,1
BLUECOAST.BO,9/23/2024,11.86,31.00,0.00,37.00,31.00,12.20,11.08,9.96,1
BLUECHIP.NS,10/9/2024,6.19,7.00,0.00,10.00,7.00,6.75,6.67,6.59,1
BNALTD.BO,10/9/2024,599.15,7.00,0.00,19.00,7.00,664.85,650.49,636.14,1
BLUEDART.NS,10/9/2024,8645.00,9.00,0.00,15.00,9.00,8899.88,8690.05,8480.21,1
BNL.BO,10/9/2024,90.63,20.00,0.00,23.00,20.00,90.26,87.58,84.90,1
BOSCHLTD.NS,10/9/2024,38606.15,38.00,0.00,61.00,38.00,39327.25,37883.59,36439.94,1
BRAWN.BO,10/9/2024,20.50,8.00,0.00,14.00,8.00,0.00,0.00,0.00,1
BRIDGESE.BO,10/9/2024,4.97,28.00,0.00,57.00,28.00,5.32,4.97,4.62,1
BRIGADE.NS,10/9/2024,1346.10,39.00,0.00,49.00,39.00,1513.21,1461.27,1409.32,1
BRFL.BO,10/8/2024,1.82,453.00,0.00,616.00,453.00,1.85,1.82,1.80,1
BSE.NS,10/9/2024,4181.05,7.00,0.00,11.00,7.00,4341.98,4212.38,4082.78,1
BRITANNIA.NS,10/9/2024,6097.25,118.00,0.00,194.00,118.00,6550.30,6297.33,6044.36,1
BVCL.NS,10/9/2024,59.99,10.00,0.00,50.00,10.00,0.00,0.00,0.00,1
CAMEXLTD.BO,10/9/2024,55.28,10.00,0.00,32.00,10.00,59.26,58.01,56.75,1
CARNATIN.BO,10/8/2024,7.50,26.00,0.00,55.00,26.00,7.56,7.27,6.97,1
CARERATING.NS,10/9/2024,1224.55,44.00,0.00,61.00,44.00,1142.82,1069.94,997.07,1
CEENIK.BO,10/9/2024,1432.45,85.00,0.00,94.00,85.00,1712.14,1576.91,1441.68,1
CEETAIN.BO,10/9/2024,42.11,6.00,0.00,19.00,6.00,41.87,40.92,39.97,1
CEINSYSTECH.BO,10/9/2024,864.20,5.00,0.00,8.00,5.00,868.23,795.01,721.80,1
CENLUB.BO,10/9/2024,608.70,8.00,0.00,10.00,8.00,607.24,587.80,568.35,1
CGVAK.BO,10/9/2024,302.55,5.00,0.00,43.00,5.00,313.70,306.71,299.72,1
CGPOWER.NS,10/9/2024,803.50,3.00,0.00,9.00,3.00,814.22,806.78,799.33,1
CHANDRIMA.BO,10/9/2024,41.77,24.00,0.00,44.00,24.00,44.06,41.96,39.86,1
CHENNPETRO.NS,10/9/2024,920.55,13.00,0.00,32.00,13.00,979.44,955.95,932.46,1
CHOWGULSTM.BO,10/9/2024,26.71,8.00,0.00,30.00,8.00,27.61,26.74,25.86,1
CIANAGRO.BO,10/9/2024,190.05,44.00,0.00,50.00,44.00,209.30,192.36,175.42,1
CIFL.BO,10/9/2024,152.70,17.00,0.00,19.00,17.00,152.81,148.18,143.55,1
CIGNITITEC.NS,10/9/2024,1391.65,118.00,0.00,126.00,118.00,1436.57,1400.69,1364.80,1
CILSEC.BO,10/9/2024,60.12,17.00,0.00,27.00,17.00,63.98,62.38,60.78,1
CITADEL.BO,10/9/2024,55.50,3.00,0.00,12.00,3.00,56.91,55.22,53.54,1
CIPLA.NS,10/9/2024,1680.50,71.00,0.00,78.00,71.00,1723.54,1680.97,1638.40,1
CLFL.BO,10/8/2024,20.29,29.00,0.00,48.00,29.00,23.70,22.04,20.39,1
CNIRESLTD.BO,10/9/2024,13.63,3.00,0.00,10.00,3.00,13.74,13.63,13.52,1
CMICABLES.NS,10/8/2024,5.75,31.00,0.00,93.00,31.00,6.01,5.85,5.68,1
COFORGE.NS,10/9/2024,7377.35,40.00,0.00,51.00,40.00,7562.88,7338.68,7114.48,1
COLPAL.NS,10/9/2024,3712.80,72.00,0.00,82.00,72.00,4111.08,3940.35,3769.61,1
COMPINFO.NS,10/9/2024,3.48,7.00,0.00,43.00,7.00,3.54,3.45,3.36,1
CONFINT.BO,10/8/2024,8.57,15.00,0.00,23.00,15.00,9.63,9.54,9.45,1
CONTILI.BO,10/9/2024,296.20,38.00,0.00,56.00,38.00,287.58,258.41,229.24,1
CORNE.BO,10/9/2024,18.96,8.00,0.00,11.00,8.00,21.82,21.40,20.99,1
COROENGG.BO,10/8/2024,61.00,16.00,0.00,55.00,16.00,64.60,63.04,61.49,1
COSCO.BO,10/9/2024,391.70,3.00,0.00,17.00,3.00,397.03,387.90,378.77,1
CSURGSU.BO,10/9/2024,135.50,14.00,0.00,16.00,14.00,0.00,0.00,0.00,1
CTL.BO,10/9/2024,50.42,17.00,0.00,36.00,17.00,56.64,52.70,48.76,1
DAIKAFFI.BO,10/9/2024,188.75,12.00,0.00,28.00,12.00,200.35,195.43,190.51,1
DALBHARAT.NS,10/9/2024,1840.75,13.00,0.00,26.00,13.00,2050.37,2010.99,1971.61,1
DANUBE.BO,10/9/2024,5.80,4.00,0.00,13.00,4.00,6.32,5.92,5.51,1
DARJEELING.BO,10/9/2024,14.86,21.00,0.00,65.00,21.00,16.02,15.34,14.66,1
DBCORP.NS,10/9/2024,356.00,3.00,0.00,9.00,3.00,383.85,364.72,345.60,1
DBSTOCKBRO.NS,10/9/2024,53.80,21.00,0.00,42.00,21.00,50.04,47.50,44.97,1
DCI.NS,10/9/2024,392.30,6.00,0.00,9.00,6.00,459.70,449.11,438.51,1
DCMFINSERV.NS,10/9/2024,7.56,4.00,0.00,27.00,4.00,8.50,8.22,7.94,1
DECPO.BO,10/8/2024,9.50,44.00,0.00,55.00,44.00,10.28,10.02,9.76,1
DHAMPURE.BO,10/9/2024,92.73,8.00,0.00,27.00,8.00,97.64,93.68,89.71,1
DHARFIN.BO,10/9/2024,9.25,4.00,0.00,11.00,4.00,11.45,11.10,10.74,1
DHARSUGAR.BO,10/8/2024,8.63,334.00,0.00,364.00,334.00,0.00,0.00,0.00,1
DHENUBUILD.BO,10/9/2024,6.55,103.00,0.00,138.00,103.00,6.30,5.20,4.11,1
DIAMONDYD.NS,10/9/2024,1129.35,16.00,0.00,32.00,16.00,1214.66,1139.28,1063.89,1
DICIND.NS,10/9/2024,726.20,25.00,0.00,33.00,25.00,0.00,0.00,0.00,1
DIVISLAB.NS,10/9/2024,5989.75,37.00,0.00,46.00,37.00,5920.86,5675.56,5430.27,1
DLTNCBL.BO,10/9/2024,715.95,7.00,0.00,11.00,7.00,743.76,725.15,706.55,1
DRL.BO,9/13/2024,18.33,102.00,0.00,188.00,102.00,11.96,10.34,8.73,1
DREDGECORP.NS,10/9/2024,1153.10,18.00,0.00,23.00,18.00,1137.81,1084.16,1030.52,1
DUTRON.BO,10/9/2024,169.00,13.00,0.00,25.00,13.00,183.37,178.62,173.87,1
DWL.BO,5/12/2021,81.00,363.00,0.00,585.00,363.00,0.00,0.00,0.00,1
DYNPRO.NS,10/9/2024,407.10,7.00,0.00,17.00,7.00,424.26,406.68,389.11,1
ECLERX.NS,10/9/2024,3119.95,14.00,0.00,23.00,14.00,3276.46,3169.71,3062.96,1
ECS.BO,9/13/2024,14.79,3.00,0.00,49.00,3.00,20.67,11.05,1.42,1
ECORECO.BO,10/9/2024,966.00,6.00,0.00,22.00,6.00,1182.15,1149.09,1116.03,1
EIHOTEL.NS,10/9/2024,407.40,8.00,0.00,22.00,8.00,407.53,400.56,393.58,1
ELAND.BO,10/9/2024,13.86,7.00,0.00,25.00,7.00,16.16,15.89,15.61,1
EIMCOELECO.NS,10/9/2024,2973.35,8.00,0.00,25.00,8.00,3278.12,3226.53,3174.94,1
ELANTAS.BO,10/9/2024,14223.45,44.00,0.00,49.00,44.00,13804.23,12950.69,12097.15,1
ELEMARB.BO,10/9/2024,260.90,20.00,0.00,46.00,20.00,276.37,268.67,260.98,1
EMAINDIA.BO,10/8/2024,34.02,5.00,0.00,7.00,5.00,34.60,34.28,33.95,1
EMERALD.BO,10/9/2024,74.97,4.00,0.00,9.00,4.00,75.82,74.94,74.06,1
EMMESSA.BO,10/9/2024,44.85,3.00,0.00,5.00,3.00,46.29,45.34,44.39,1
EMKAY.NS,10/9/2024,237.26,24.00,0.00,29.00,24.00,252.48,235.24,218.00,1
ENBETRD.BO,10/9/2024,12.05,23.00,0.00,35.00,23.00,12.45,12.13,11.82,1
ENVAIREL.BO,10/9/2024,160.70,9.00,0.00,19.00,9.00,168.82,162.52,156.21,1
EPIC.BO,10/9/2024,61.06,107.00,0.00,171.00,107.00,58.43,50.82,43.21,1
ERIS.NS,10/9/2024,1423.10,7.00,0.00,23.00,7.00,1437.90,1394.24,1350.57,1
EPL.NS,10/9/2024,269.20,13.00,0.00,21.00,13.00,276.51,268.19,259.88,1
EXIDEIND.NS,10/9/2024,519.35,13.00,0.00,73.00,13.00,529.42,509.91,490.39,1
FIBERWEB.BO,10/9/2024,42.44,6.00,0.00,20.00,6.00,0.00,0.00,0.00,1
FINELINE.BO,10/8/2024,109.80,24.00,0.00,31.00,24.00,117.55,111.61,105.66,1
FISCHER.BO,10/9/2024,672.85,9.00,0.00,16.00,9.00,684.43,666.44,648.46,1
FINPIPE.NS,10/9/2024,286.45,3.00,0.00,27.00,3.00,305.20,291.49,277.77,1
FLFL.NS,10/9/2024,2.80,7.00,0.00,15.00,7.00,2.88,2.81,2.75,1
FOCUS.NS,10/9/2024,128.94,14.00,0.00,24.00,14.00,137.78,137.25,136.72,1
FMNL.NS,10/9/2024,10.68,5.00,0.00,22.00,5.00,10.71,10.68,10.65,1
FRANKLININD.BO,10/9/2024,2.44,24.00,0.00,33.00,24.00,2.59,2.39,2.18,1
FREDUN.BO,10/9/2024,811.40,6.00,0.00,49.00,6.00,867.00,845.97,824.94,1
FRUTION.BO,10/9/2024,54.65,19.00,0.00,27.00,19.00,59.48,56.28,53.08,1
GALADAFIN.BO,9/13/2024,18.00,56.00,0.00,127.00,56.00,12.85,10.97,9.08,1
GALAGEX.BO,9/13/2024,54.00,89.00,0.00,655.00,89.00,19.89,10.48,1.07,1
GANGAPA.BO,10/8/2024,120.90,7.00,0.00,11.00,7.00,123.96,121.35,118.74,1
GARNETINT.BO,10/9/2024,126.60,11.00,0.00,29.00,11.00,128.95,126.54,124.13,1
GAYAHWS.NS,10/9/2024,1.30,5.00,0.00,10.00,5.00,1.38,1.33,1.28,1
GAYAPROJ.NS,10/8/2024,10.81,31.00,0.00,45.00,31.00,11.22,10.87,10.51,1
GENNEX.BO,10/9/2024,23.95,4.00,0.00,13.00,4.00,24.66,24.20,23.74,1
GESHIP.NS,10/9/2024,1294.20,6.00,0.00,36.00,6.00,1314.16,1276.17,1238.17,1
GGENG.BO,10/9/2024,1.90,4.00,0.00,35.00,4.00,1.97,1.92,1.87,1
GET&D.NS,10/9/2024,1748.65,11.00,0.00,18.00,11.00,1785.79,1716.44,1647.09,1
GFSTEELS.NS,10/8/2024,7.71,6.00,0.00,40.00,6.00,7.83,7.68,7.53,1
GILADAFINS.BO,10/9/2024,13.04,6.00,0.00,16.00,6.00,13.50,12.82,12.13,1
GILLETTE.NS,10/9/2024,8995.85,4.00,0.00,13.00,4.00,9081.74,8972.26,8862.78,1
GKWLIMITED.NS,10/9/2024,3118.95,6.00,0.00,11.00,6.00,3250.55,3088.73,2926.91,1
GLFL.NS,10/9/2024,7.19,6.00,0.00,29.00,6.00,7.41,7.31,7.21,1
GLENMARK.NS,10/9/2024,1786.15,12.00,0.00,16.00,12.00,1781.68,1712.70,1643.72,1
GLOBOFFS.BO,10/9/2024,90.28,8.00,0.00,13.00,8.00,94.64,90.18,85.72,1
GNRL.BO,10/9/2024,24.41,12.00,0.00,17.00,12.00,24.20,23.33,22.46,1
GODHA.NS,10/9/2024,0.88,3.00,0.00,9.00,3.00,0.89,0.89,0.88,1
GOLCA.BO,10/8/2024,14.33,198.00,0.00,262.00,198.00,15.45,14.32,13.19,1
GOODRICKE.BO,10/9/2024,268.20,11.00,0.00,22.00,11.00,295.30,288.16,281.01,1
GRATEXI.BO,10/9/2024,22.28,3.00,0.00,13.00,3.00,23.06,22.25,21.45,1
GRASIM.NS,10/9/2024,2715.75,9.00,0.00,16.00,9.00,3121.02,3075.10,3029.19,1
GREENPANEL.NS,10/9/2024,403.20,9.00,0.00,20.00,9.00,411.66,400.25,388.83,1
GROVY.BO,10/9/2024,190.50,27.00,0.00,30.00,27.00,180.05,170.95,161.84,1
GSBFIN.BO,10/9/2024,17.60,6.00,0.00,19.00,6.00,19.11,18.69,18.27,1
GSPL.NS,10/9/2024,410.85,13.00,0.00,25.00,13.00,0.00,0.00,0.00,1
GTV.BO,9/13/2024,464.65,4.00,0.00,26.00,4.00,610.89,288.45,-33.99,1
GUJCOTEX.BO,10/9/2024,11.85,29.00,0.00,33.00,29.00,11.84,11.61,11.37,1
GUJCRED.BO,10/9/2024,30.53,10.00,0.00,16.00,10.00,31.14,29.60,28.05,1
GUJINV.BO,10/9/2024,17.01,11.00,0.00,16.00,11.00,23.05,22.32,21.59,1
GUJPETR.BO,10/9/2024,73.62,6.00,0.00,16.00,6.00,72.96,70.50,68.05,1
GVFILM.BO,10/9/2024,0.96,6.00,0.00,30.00,6.00,1.05,0.99,0.93,1
HAPPSTMNDS.NS,10/9/2024,805.05,38.00,0.00,75.00,38.00,0.00,0.00,0.00,1
HASTIFIN.BO,10/9/2024,9.03,29.00,0.00,107.00,29.00,9.52,9.06,8.60,1
HATHWAYB.BO,10/9/2024,20.97,12.00,0.00,33.00,12.00,21.40,20.37,19.33,1
HAZOOR.BO,9/13/2024,590.20,8.00,0.00,11.00,8.00,576.18,226.24,-123.70,1
HAWKINCOOK.BO,10/9/2024,8811.15,38.00,0.00,51.00,38.00,0.00,0.00,0.00,1
HAWAENG.BO,10/9/2024,260.45,15.00,0.00,23.00,15.00,245.85,215.43,185.01,1
HCG.NS,10/9/2024,441.25,55.00,0.00,79.00,55.00,454.66,436.34,418.03,1
HCLTECH.NS,10/9/2024,1809.70,87.00,0.00,154.00,87.00,1956.93,1895.42,1833.91,1
HEERAISP.BO,10/9/2024,8.12,3.00,0.00,7.00,3.00,8.24,8.02,7.81,1
HELPAGE.BO,10/9/2024,28.79,12.00,0.00,18.00,12.00,28.09,26.02,23.94,1
HEIDELBERG.NS,10/9/2024,223.96,3.00,0.00,15.00,3.00,245.65,245.65,245.65,1
HILTON.NS,10/9/2024,87.10,3.00,0.00,18.00,3.00,88.78,87.75,86.71,1
HINDALCO.NS,10/9/2024,727.55,19.00,0.00,30.00,19.00,809.87,790.38,770.88,1
HISARSP.BO,10/9/2024,75.00,28.00,0.00,31.00,28.00,83.77,77.58,71.39,1
HINDZINC.NS,10/9/2024,505.45,19.00,0.00,30.00,19.00,551.40,539.26,527.13,1
HITECH.NS,10/9/2024,202.05,3.00,0.00,11.00,3.00,208.00,204.28,200.56,1
HITKITGLO.BO,10/8/2024,1.35,132.00,0.00,145.00,132.00,1.42,1.36,1.30,1
HITTCO.BO,10/9/2024,14.00,14.00,0.00,27.00,14.00,14.05,13.65,13.26,1
HNDFDS.NS,9/13/2024,567.90,26.00,0.00,32.00,26.00,592.98,582.63,572.27,1
HOMEFIRST.NS,10/9/2024,1309.35,4.00,0.00,10.00,4.00,1333.68,1310.74,1287.80,1
HONDAPOWER.NS,10/9/2024,4336.00,21.00,0.00,28.00,21.00,4357.63,4221.68,4085.74,1
HOWARHO.BO,10/9/2024,28.08,10.00,0.00,22.00,10.00,30.87,29.33,27.79,1
IBINFO.BO,10/9/2024,204.85,4.00,0.00,29.00,4.00,209.04,202.72,196.40,1
IBRIGST.BO,10/8/2024,200.00,10.00,0.00,28.00,10.00,233.57,226.74,219.91,1
IBULHSGFIN.NS,9/25/2024,171.53,10.00,0.00,24.00,10.00,175.55,168.55,161.54,1
ICICIB22.BO,9/13/2024,116.08,53.00,0.00,,53.00,,,,1
ICEMAKE.NS,10/9/2024,767.30,13.00,0.00,36.00,13.00,786.54,745.87,705.20,1
ICSL.BO,10/9/2024,4.43,7.00,0.00,21.00,7.00,4.51,4.35,4.19,1
ICRA.NS,10/9/2024,7008.90,45.00,0.00,57.00,45.00,7843.65,7446.93,7050.21,1
IDFCFIRSTB.NS,10/9/2024,72.39,38.00,0.00,75.00,38.00,0.00,0.00,0.00,1
IDFC.NS,10/9/2024,107.97,45.00,0.00,75.00,45.00,0.00,0.00,0.00,1
IFINSER.BO,10/9/2024,39.35,8.00,0.00,26.00,8.00,42.20,41.10,40.00,1
IFINSEC.BO,10/8/2024,145.10,18.00,0.00,24.00,18.00,154.48,149.05,143.61,1
IGL.NS,10/9/2024,532.50,17.00,0.00,23.00,17.00,586.19,572.08,557.97,1
IISL.BO,10/9/2024,10.15,10.00,0.00,14.00,10.00,10.47,9.59,8.71,1
IL&FSENGG.NS,10/9/2024,46.00,23.00,0.00,30.00,23.00,49.78,48.49,47.20,1
IMFA.NS,10/9/2024,687.00,21.00,0.00,51.00,21.00,730.52,713.01,695.50,1
IMCAP.BO,9/16/2024,1030.55,8.00,0.00,32.00,8.00,1017.58,970.77,923.95,1
INANISEC.BO,10/9/2024,28.42,37.00,0.00,44.00,37.00,29.49,27.21,24.93,1
INCAP.BO,10/9/2024,83.38,3.00,0.00,16.00,3.00,84.66,83.10,81.53,1
INCON.BO,10/9/2024,19.69,17.00,0.00,20.00,17.00,20.43,19.67,18.90,1
INDIACEM.NS,10/9/2024,362.10,64.00,0.00,70.00,64.00,750.36,736.65,722.94,1
INDIANVSH.BO,10/9/2024,13.92,18.00,0.00,30.00,18.00,14.81,14.42,14.03,1
INDIANB.NS,10/9/2024,527.90,13.00,0.00,48.00,13.00,583.24,571.13,559.01,1
INDICAP.BO,10/9/2024,15.53,13.00,0.00,29.00,13.00,16.15,15.47,14.79,1
INDOEURO.BO,10/9/2024,17.72,4.00,0.00,6.00,4.00,17.88,17.30,16.73,1
INDOTHAI.NS,10/9/2024,841.50,36.00,0.00,43.00,36.00,936.57,877.46,818.35,1
INDRAIND.BO,10/9/2024,11.78,25.00,0.00,44.00,25.00,12.02,11.71,11.41,1
INDRENEW.BO,10/9/2024,12.90,8.00,0.00,16.00,8.00,13.24,12.89,12.54,1
INDSUCR.BO,10/9/2024,129.25,3.00,0.00,6.00,3.00,131.03,128.49,125.95,1
INFORTEC.BO,10/9/2024,96.18,13.00,0.00,26.00,13.00,95.92,93.58,91.25,1
INNOCORP.BO,10/8/2024,10.21,10.00,0.00,14.00,10.00,11.97,10.30,8.64,1
INFY.NS,10/9/2024,1952.75,42.00,0.00,50.00,42.00,2300.63,2270.29,2239.94,1
INTEGFD.BO,10/9/2024,47.14,187.00,0.00,189.00,187.00,33.70,14.92,-3.86,1
INTENTECH.NS,10/9/2024,145.08,3.00,0.00,41.00,3.00,147.20,144.06,140.92,1
INTELSOFT.BO,10/8/2024,4.19,11.00,0.00,123.00,11.00,4.55,4.45,4.34,1
IRIS.BO,10/9/2024,370.80,25.00,0.00,34.00,25.00,383.85,367.11,350.36,1
IPCALAB.NS,10/9/2024,1612.20,71.00,0.00,80.00,71.00,1595.83,1541.64,1487.45,1
ISEC.NS,10/9/2024,868.25,33.00,0.00,35.00,33.00,940.40,920.28,900.16,1
ISHITADR.BO,10/9/2024,80.91,10.00,0.00,26.00,10.00,82.40,80.03,77.66,1
ISTRNETWK.BO,10/9/2024,3.97,7.00,0.00,11.00,7.00,4.05,3.71,3.37,1
ISLCONSUL.BO,10/9/2024,33.96,45.00,0.00,55.00,45.00,33.89,32.80,31.71,1
ISWL.BO,10/9/2024,5.08,7.00,0.00,14.00,7.00,5.34,4.63,3.92,1
JAINEX.BO,10/9/2024,220.20,8.00,0.00,16.00,8.00,255.33,243.80,232.27,1
JAINSTUDIO.BO,10/8/2024,2.65,544.00,0.00,552.00,544.00,2.67,2.65,2.63,1
JAUSPOL.BO,10/9/2024,8.83,19.00,0.00,48.00,19.00,10.11,9.53,8.95,1
JBFIND.BO,10/8/2024,4.42,281.00,0.00,386.00,281.00,5.06,4.58,4.10,1
JCTLTD.BO,10/8/2024,1.39,6.00,0.00,116.00,6.00,1.42,1.40,1.37,1
JDORGOCHEM.BO,10/3/2024,18.01,9.00,0.00,16.00,9.00,20.63,20.40,20.18,1
JINDALPOLY.NS,10/9/2024,777.50,7.00,0.00,32.00,7.00,786.10,755.20,724.31,1
JKLAKSHMI.NS,10/9/2024,808.80,8.00,0.00,49.00,8.00,816.72,808.15,799.58,1
JKPAPER.NS,10/9/2024,501.70,21.00,0.00,36.00,21.00,507.40,483.07,458.74,1
JLL.BO,10/9/2024,49.35,3.00,0.00,13.00,3.00,50.02,48.86,47.71,1
JPINFRATEC.BO,10/8/2024,1.27,392.00,0.00,410.00,392.00,1.29,1.27,1.26,1
JPASSOCIAT.NS,10/9/2024,8.55,6.00,0.00,44.00,6.00,8.69,8.51,8.33,1
JSLHISAR.BO,3/29/2023,560.75,42.00,0.00,45.00,42.00,608.93,575.64,542.35,1
JSWISPL.BO,8/9/2023,38.97,18.00,0.00,23.00,18.00,40.83,39.11,37.39,1
JSWSTEEL.NS,10/9/2024,994.50,45.00,0.00,47.00,45.00,1048.53,1016.53,984.54,1
JUNIORBEES.BO,10/9/2024,804.38,233.00,0.00,263.00,233.00,887.91,854.61,821.31,1
JUSTDIAL.NS,10/9/2024,1242.45,16.00,0.00,34.00,16.00,1235.05,1193.58,1152.11,1
JYOTI.BO,10/9/2024,115.94,20.00,0.00,29.00,20.00,116.95,108.76,100.57,1
JYOTISTRUC.NS,10/9/2024,32.07,3.00,0.00,11.00,3.00,33.27,31.69,30.11,1
KAKTEX.BO,10/9/2024,24.81,3.00,0.00,36.00,3.00,25.15,24.97,24.79,1
KAMADGIRI.BO,10/9/2024,102.39,20.00,0.00,21.00,20.00,104.75,98.25,91.76,1
KANELIND.BO,10/8/2024,1.95,29.00,0.00,33.00,29.00,1.98,1.79,1.61,1
KANSHST.BO,10/9/2024,39.88,18.00,0.00,27.00,18.00,40.63,38.73,36.84,1
KAPILRAJ.BO,10/9/2024,65.98,42.00,0.00,52.00,42.00,72.97,64.45,55.94,1
KATRSPG.BO,10/9/2024,231.45,29.00,0.00,84.00,29.00,396.64,268.82,141.00,1
KAYCEEI.BO,10/9/2024,4707.05,72.00,0.00,73.00,72.00,4618.44,4227.45,3836.46,1
KCLINFRA.BO,10/9/2024,1.68,5.00,0.00,15.00,5.00,1.82,1.77,1.72,1
KEC.NS,10/9/2024,1007.35,12.00,0.00,22.00,12.00,1162.50,1141.16,1119.82,1
KEL.BO,10/8/2024,30.95,17.00,0.00,26.00,17.00,32.81,31.99,31.16,1
KELENRG.BO,10/9/2024,3845.05,11.00,0.00,32.00,11.00,3809.91,3702.51,3595.11,1
KEMISTAR.BO,10/9/2024,114.12,9.00,0.00,25.00,9.00,117.92,115.10,112.28,1
KGDENIM.BO,10/9/2024,26.37,37.00,0.00,50.00,37.00,0.00,0.00,0.00,1
KHOOBSURAT.BO,10/9/2024,0.84,4.00,0.00,16.00,4.00,0.00,0.00,0.00,1
KINETRU.BO,10/8/2024,18.13,220.00,0.00,238.00,220.00,19.93,18.84,17.75,1
KIRANPR.BO,10/9/2024,14.70,4.00,0.00,29.00,4.00,15.16,14.81,14.47,1
KIRIINDUS.NS,10/9/2024,353.05,6.00,0.00,29.00,6.00,415.27,403.92,392.58,1
KKFIN.BO,8/19/2024,57.63,26.00,0.00,44.00,26.00,69.37,66.60,63.82,1
KKCL.NS,10/9/2024,651.75,23.00,0.00,68.00,23.00,731.96,723.04,714.13,1
KLGCAP.BO,10/8/2024,19.47,216.00,0.00,267.00,216.00,18.39,17.05,15.72,1
KORE.BO,10/9/2024,9.11,8.00,0.00,12.00,8.00,9.14,9.02,8.91,1
KPITTECH.NS,10/9/2024,1741.55,6.00,0.00,17.00,6.00,1756.37,1738.49,1720.62,1
KRETTOSYS.BO,10/9/2024,1.48,7.00,0.00,12.00,7.00,1.48,1.47,1.46,1
KRIFILIND.BO,10/9/2024,7.34,10.00,0.00,,10.00,,,,1
KRIDHANINF.NS,10/9/2024,4.70,8.00,0.00,13.00,8.00,4.73,4.51,4.30,1
KSHITIJPOL.NS,10/9/2024,6.45,6.00,0.00,12.00,6.00,7.06,6.95,6.83,1
LADDERUP.BO,10/9/2024,49.33,17.00,0.00,26.00,17.00,54.03,51.97,49.91,1
KZLFIN.BO,10/9/2024,35.42,8.00,0.00,17.00,8.00,35.67,34.45,33.23,1
LAKHOTIA.BO,10/9/2024,35.00,12.00,0.00,37.00,12.00,41.21,39.91,38.61,1
LALPATHLAB.NS,10/9/2024,3605.55,14.00,0.00,18.00,14.00,3638.73,3534.01,3429.30,1
LERTHAI.BO,10/9/2024,489.90,5.00,0.00,8.00,5.00,553.03,534.58,516.12,1
LGBFORGE.NS,8/5/2024,11.92,9.00,0.00,30.00,9.00,0.00,0.00,0.00,1
LIBORDFIN.BO,10/9/2024,19.82,4.00,0.00,28.00,4.00,20.51,19.68,18.85,1
LICNETFN50.BO,10/9/2024,275.37,38.00,0.00,48.00,38.00,292.45,286.17,279.90,1
LICNFNHGP.BO,10/9/2024,277.01,132.00,0.00,141.00,132.00,298.94,290.83,282.72,1
LLFICL.BO,10/9/2024,8.07,41.00,0.00,44.00,41.00,8.03,7.77,7.51,1
LOKESHMACH.NS,10/9/2024,391.00,5.00,0.00,22.00,5.00,404.67,391.89,379.11,1
LOTUSCHO.BO,10/9/2024,1991.70,15.00,0.00,23.00,15.00,2006.99,1883.23,1759.47,1
LOYALTEX.BO,10/9/2024,532.50,6.00,0.00,40.00,6.00,603.91,571.90,539.89,1
LUDLOWJUT.BO,10/9/2024,158.35,4.00,0.00,10.00,4.00,161.64,156.99,152.34,1
LUPIN.NS,10/9/2024,2286.05,12.00,0.00,23.00,12.00,2274.97,2225.30,2175.62,1
LYKISLTD.BO,10/9/2024,48.39,6.00,0.00,10.00,6.00,54.44,53.01,51.59,1
M&M.NS,10/9/2024,3153.00,19.00,0.00,37.00,19.00,3589.38,3509.11,3428.83,1
MADHUSE.BO,10/9/2024,28.21,7.00,0.00,9.00,7.00,28.31,27.15,25.99,1
MAGNAELQ.BO,10/9/2024,882.40,15.00,0.00,31.00,15.00,880.76,836.81,792.86,1
MAHASTEEL.NS,10/9/2024,211.00,9.00,0.00,17.00,9.00,227.33,225.39,223.44,1
MAL.BO,10/8/2024,2.90,19.00,0.00,22.00,19.00,3.94,3.79,3.64,1
MANAKCOAT.NS,10/9/2024,68.94,8.00,0.00,10.00,8.00,85.40,83.26,81.11,1
MAITRI.BO,10/8/2024,48.90,27.00,0.00,31.00,27.00,56.58,52.28,47.98,1
MANAKSTEEL.NS,10/9/2024,66.64,21.00,0.00,29.00,21.00,82.34,75.52,68.69,1
MANGCHEFER.NS,10/9/2024,134.72,13.00,0.00,33.00,13.00,137.03,133.46,129.89,1
MANORAMA.BO,10/9/2024,879.25,13.00,0.00,32.00,13.00,880.49,846.29,812.09,1
MARINE.NS,10/9/2024,230.19,6.00,0.00,28.00,6.00,236.63,231.35,226.08,1
MARIS.BO,10/9/2024,39.10,8.00,0.00,31.00,8.00,41.86,40.68,39.51,1
MARSHALL.NS,10/9/2024,34.17,7.00,0.00,19.00,7.00,37.81,36.50,35.18,1
MARICO.NS,10/9/2024,698.20,24.00,0.00,31.00,24.00,778.61,764.27,749.92,1
MARSONS.BO,10/9/2024,333.15,13.00,0.00,14.00,13.00,374.12,366.12,358.13,1
MARUTISE.BO,10/8/2024,10.41,16.00,0.00,59.00,16.00,10.87,10.59,10.31,1
MATHEWE.BO,10/8/2024,12.92,11.00,0.00,15.00,11.00,14.81,14.33,13.84,1
MATRIMONY.NS,10/9/2024,802.65,4.00,0.00,25.00,4.00,811.44,793.38,775.32,1
MAXHEIGHTS.BO,10/9/2024,43.90,4.00,0.00,18.00,4.00,45.07,44.21,43.35,1
MAXIND.NS,10/9/2024,258.75,12.00,0.00,39.00,12.00,282.21,274.33,266.45,1
MAXVIL.BO,8/10/2023,215.65,7.00,0.00,14.00,7.00,216.91,212.75,208.58,1
MCDOWELL-N.NS,8/7/2024,1462.80,35.00,0.00,39.00,35.00,1482.60,1418.83,1355.07,1
MCX.BO,10/9/2024,6102.05,54.00,0.00,56.00,54.00,6365.93,6107.60,5849.27,1
MCX.NS,9/13/2024,5308.80,38.00,0.00,40.00,38.00,5722.87,5506.49,5290.12,1
MEERA.BO,10/9/2024,127.60,15.00,0.00,25.00,15.00,165.66,151.30,136.94,1
MEDINOV.BO,10/9/2024,39.05,8.00,0.00,31.00,8.00,42.30,41.92,41.54,1
MEFCOMCAP.BO,10/9/2024,24.17,7.00,0.00,11.00,7.00,25.15,24.17,23.19,1
MEHAI.BO,10/9/2024,100.24,72.00,0.00,80.00,72.00,101.48,93.24,85.01,1
METROPOLIS.NS,10/9/2024,2288.55,38.00,0.00,48.00,38.00,2295.30,2239.92,2184.54,1
MFSL.NS,10/9/2024,1189.75,36.00,0.00,51.00,36.00,1270.80,1239.33,1207.86,1
MIDEASTP.BO,10/9/2024,11.29,24.00,0.00,34.00,24.00,11.01,9.82,8.63,1
MINID.BO,10/9/2024,159.80,6.00,0.00,10.00,6.00,161.14,159.65,158.17,1
MITSHI.BO,10/9/2024,18.43,18.00,0.00,48.00,18.00,18.88,18.16,17.45,1
MMRUBBR-B.BO,10/9/2024,95.21,5.00,0.00,31.00,5.00,105.66,105.48,105.31,1
MODINATUR.BO,10/9/2024,401.70,23.00,0.00,32.00,23.00,417.23,398.88,380.53,1
MODWOOL.BO,10/9/2024,66.01,10.00,0.00,26.00,10.00,78.37,76.27,74.17,1
MONGIPA.BO,10/9/2024,63.02,6.00,0.00,17.00,6.00,71.20,70.53,69.87,1
MORGAN.BO,10/9/2024,61.61,6.00,0.00,32.00,6.00,65.83,62.31,58.79,1
MPAGI.BO,10/9/2024,10.20,8.00,0.00,29.00,8.00,10.57,10.43,10.29,1
MPILCORPL.BO,10/9/2024,623.90,16.00,0.00,25.00,16.00,631.22,603.92,576.61,1
MUKTA.BO,10/9/2024,3.99,8.00,0.00,14.00,8.00,4.08,3.94,3.81,1
MULLER.BO,10/9/2024,367.10,7.00,0.00,9.00,7.00,380.79,359.37,337.95,1
MUNJALAU.NS,10/9/2024,129.23,6.00,0.00,21.00,6.00,132.37,126.03,119.69,1
MUNOTHFI.BO,10/8/2024,64.50,10.00,0.00,22.00,10.00,71.31,69.30,67.28,1
NARBADA.BO,10/9/2024,75.74,21.00,0.00,30.00,21.00,84.71,79.29,73.88,1
NAM.BO,10/8/2024,173.00,12.00,0.00,21.00,12.00,0.00,0.00,0.00,1
NATGENI.BO,9/13/2024,69.09,120.00,0.00,317.00,120.00,37.13,29.70,22.27,1
NATCOPHARM.NS,10/9/2024,1474.30,3.00,0.00,18.00,3.00,1488.43,1471.99,1455.54,1
NATPLY.BO,10/9/2024,6.61,39.00,0.00,58.00,39.00,6.59,6.22,5.85,1
NAUKRI.NS,10/9/2024,8392.45,87.00,0.00,95.00,87.00,8489.76,8195.22,7900.69,1
NBFOOT.BO,10/9/2024,16.48,6.00,0.00,12.00,6.00,17.02,16.56,16.09,1
NCCBLUE.BO,10/8/2024,27.80,60.00,0.00,67.00,60.00,30.52,25.41,20.30,1
NDGL.NS,10/9/2024,4472.20,43.00,0.00,50.00,43.00,4318.86,4075.31,3831.77,1
NEIL.BO,10/9/2024,14.55,3.00,0.00,14.00,3.00,18.68,17.21,15.74,1
NEWLIGHT.BO,10/9/2024,76.20,14.00,0.00,16.00,14.00,76.62,75.86,75.09,1
NIDHGRN.BO,10/9/2024,162.00,3.00,0.00,12.00,3.00,174.70,167.20,159.70,1
NIFTYBEES.BO,10/9/2024,278.92,233.00,0.00,237.00,233.00,296.00,285.94,275.88,1
NILKAMAL.NS,10/9/2024,1914.20,40.00,0.00,49.00,40.00,0.00,0.00,0.00,1
NITIRAJ.NS,10/9/2024,246.30,19.00,0.00,28.00,19.00,274.43,266.02,257.60,1
NMSRESRC.BO,10/9/2024,84.00,6.00,0.00,,6.00,,,,1
NOGMIND.BO,10/8/2024,2.73,31.00,0.00,137.00,31.00,2.80,2.69,2.59,1
NORTHLINK.BO,10/9/2024,26.46,3.00,0.00,54.00,3.00,27.10,26.32,25.54,1
NOUVEAU.BO,10/9/2024,0.59,10.00,0.00,167.00,10.00,0.59,0.59,0.59,1
NPRFIN.BO,10/9/2024,26.45,7.00,0.00,17.00,7.00,26.24,25.07,23.89,1
NTL.BO,10/8/2024,3.39,5.00,0.00,40.00,5.00,3.47,3.38,3.29,1
NUTRICIRCLE.BO,10/8/2024,251.90,11.00,0.00,50.00,11.00,280.41,262.26,244.11,1
ODYCORP.BO,10/9/2024,25.76,37.00,0.00,39.00,37.00,25.76,25.16,24.55,1
OMAXE.NS,10/9/2024,120.44,4.00,0.00,31.00,4.00,123.19,118.21,113.23,1
OMKARCHEM.NS,10/9/2024,9.26,7.00,0.00,12.00,7.00,9.99,9.79,9.59,1
ONTIC.BO,10/9/2024,0.75,8.00,0.00,20.00,8.00,0.76,0.64,0.52,1
ORGCOAT.BO,10/9/2024,22.40,6.00,0.00,10.00,6.00,23.29,22.21,21.13,1
ORIENTTR.BO,10/9/2024,15.38,6.00,0.00,14.00,6.00,0.00,0.00,0.00,1
ORISSAMINE.NS,10/9/2024,8986.85,7.00,0.00,11.00,7.00,0.00,0.00,0.00,1
ORTEL.NS,10/9/2024,2.20,6.00,0.00,27.00,6.00,2.24,2.19,2.13,1
OSIAJEE.BO,10/9/2024,48.03,15.00,0.00,19.00,15.00,48.92,47.79,46.66,1
OSWAYRN.BO,10/9/2024,54.73,51.00,0.00,65.00,51.00,54.26,52.44,50.62,1
OVOBELE.BO,10/9/2024,197.20,8.00,0.00,39.00,8.00,209.02,203.90,198.78,1
PADAMCO.BO,10/9/2024,125.75,36.00,0.00,40.00,36.00,125.27,122.44,119.61,1
PADMALAYAT.BO,10/9/2024,6.03,29.00,0.00,41.00,29.00,5.98,5.25,4.51,1
PAGEIND.NS,10/9/2024,43935.40,41.00,0.00,48.00,41.00,44288.46,42764.82,41241.19,1
PALCO.BO,9/13/2024,135.35,161.00,0.00,548.00,161.00,40.24,22.59,4.93,1
PALREDTEC.NS,10/9/2024,123.73,3.00,0.00,6.00,3.00,0.00,0.00,0.00,1
PANACHE.NS,10/9/2024,181.00,19.00,0.00,30.00,19.00,198.26,191.59,184.93,1
PANKAJPIYUS.BO,10/8/2024,318.00,6.00,0.00,15.00,6.00,331.75,326.80,321.85,1
PANKAJPO.BO,10/9/2024,12.24,11.00,0.00,20.00,11.00,12.59,12.30,12.00,1
PARAGMILK.NS,10/9/2024,217.49,13.00,0.00,33.00,13.00,222.26,212.69,203.13,1
PARSHWANA.BO,10/8/2024,127.25,11.00,0.00,34.00,11.00,141.99,134.40,126.82,1
PARSVNATH.NS,10/9/2024,19.25,11.00,0.00,23.00,11.00,20.58,20.43,20.29,1
PAVNAIND.NS,10/9/2024,534.40,4.00,0.00,9.00,4.00,535.93,528.90,521.87,1
PATIDAR.BO,10/9/2024,9.75,30.00,0.00,53.00,30.00,11.76,11.25,10.73,1
PCCOSMA.BO,10/9/2024,882.50,7.00,0.00,11.00,7.00,914.22,814.24,714.25,1
PCS.BO,10/9/2024,33.61,5.00,0.00,10.00,5.00,35.11,34.22,33.33,1
PEETISEC.BO,10/9/2024,24.74,15.00,0.00,27.00,15.00,31.78,30.97,30.16,1
PERFEPA.BO,10/9/2024,138.70,5.00,0.00,9.00,5.00,143.51,137.15,130.79,1
PETRONET.NS,10/9/2024,352.00,12.00,0.00,33.00,12.00,377.79,368.88,359.97,1
PFOCUS.NS,10/9/2024,150.21,13.00,0.00,16.00,13.00,151.21,145.77,140.33,1
PFIZER.NS,10/9/2024,5705.90,8.00,0.00,26.00,8.00,5837.44,5653.29,5469.15,1
PGIL.NS,10/9/2024,959.30,7.00,0.00,30.00,7.00,990.21,951.10,911.99,1
PGHL.NS,10/9/2024,5305.90,13.00,0.00,35.00,13.00,5854.13,5768.33,5682.52,1
PHARMAID.BO,10/9/2024,40.83,8.00,0.00,14.00,8.00,42.03,40.54,39.05,1
PHOTON.BO,10/8/2024,91.16,11.00,0.00,12.00,11.00,102.66,99.47,96.27,1
PHYTO.BO,10/9/2024,29.93,6.00,0.00,14.00,6.00,31.43,30.52,29.61,1
PIGL.NS,10/9/2024,241.52,10.00,0.00,22.00,10.00,244.49,234.90,225.32,1
PIFL.BO,10/8/2024,20.02,60.00,0.00,64.00,60.00,22.22,20.86,19.50,1
PIIND.NS,10/9/2024,4605.25,106.00,0.00,124.00,106.00,5084.76,4857.77,4630.78,1
PITTIENG.NS,10/9/2024,1339.65,15.00,0.00,31.00,15.00,1369.87,1338.15,1306.42,1
POLYCAB.NS,10/9/2024,7396.65,38.00,0.00,47.00,38.00,7393.44,7030.55,6667.65,1
POLYCHMP.BO,10/9/2024,71.86,7.00,0.00,25.00,7.00,73.60,71.38,69.17,1
POLYMAC.BO,9/13/2024,22.20,5.00,0.00,,5.00,,,,1
POOJA.BO,10/9/2024,41.62,12.00,0.00,15.00,12.00,43.67,42.25,40.83,1
POWERINDIA.NS,10/9/2024,14480.80,21.00,0.00,34.00,21.00,15132.16,14432.21,13732.26,1
PRATIKSH.BO,10/9/2024,22.55,7.00,0.00,22.00,7.00,0.00,0.00,0.00,1
PRIVISCL.NS,10/9/2024,1554.60,25.00,0.00,32.00,25.00,1553.92,1508.94,1463.96,1
PRIYALT.BO,10/9/2024,22.49,5.00,0.00,9.00,5.00,24.23,22.99,21.75,1
PTCIL.BO,10/9/2024,13541.80,8.00,0.00,29.00,8.00,0.00,0.00,0.00,1
PULSRIN.BO,10/9/2024,17.83,7.00,0.00,9.00,7.00,19.25,17.93,16.60,1
QUASAR.BO,10/9/2024,21.82,6.00,0.00,14.00,6.00,0.00,0.00,0.00,1
QUANTBUILD.BO,10/9/2024,3.92,4.00,0.00,17.00,4.00,4.03,3.96,3.90,1
QUICKHEAL.NS,10/9/2024,708.15,8.00,0.00,22.00,8.00,724.01,695.66,667.32,1
QUEST.BO,10/7/2024,47.69,6.00,0.00,21.00,6.00,59.21,59.01,58.81,1
RADIOCITY.NS,10/9/2024,16.04,11.00,0.00,29.00,11.00,16.88,16.65,16.41,1
RAJKSYN.BO,10/9/2024,60.47,4.00,0.00,5.00,4.00,61.27,59.87,58.48,1
RAJOOENG.BO,10/9/2024,403.95,11.00,0.00,16.00,11.00,445.93,435.42,424.92,1
RAJSPTR.BO,10/8/2024,3.76,11.00,0.00,40.00,11.00,3.83,3.71,3.59,1
RAMAPETRO.BO,10/8/2024,9.03,40.00,0.00,64.00,40.00,9.18,9.05,8.92,1
RAMAPPR-B.BO,10/9/2024,17.00,26.00,0.00,31.00,26.00,18.33,17.47,16.60,1
RAMAVISION.BO,10/9/2024,135.65,12.00,0.00,20.00,12.00,141.84,134.60,127.36,1
RAMCOCEM.NS,10/9/2024,855.20,38.00,0.00,48.00,38.00,891.30,874.40,857.50,1
RAMRAT.BO,10/9/2024,704.20,18.00,0.00,23.00,18.00,703.15,677.65,652.14,1
RASRESOR.BO,10/9/2024,54.87,25.00,0.00,33.00,25.00,60.19,58.91,57.63,1
RAUNAQEPC.BO,10/8/2024,48.28,26.00,0.00,36.00,26.00,60.76,58.55,56.34,1
RCAN.BO,10/9/2024,649.00,4.00,0.00,11.00,4.00,658.66,651.65,644.64,1
RCIIND.BO,10/8/2024,7.30,35.00,0.00,56.00,35.00,8.48,7.86,7.23,1
RDBRIL.BO,10/9/2024,498.30,12.00,0.00,22.00,12.00,508.47,464.56,420.66,1
RCOM.NS,10/9/2024,2.58,12.00,0.00,32.00,12.00,2.61,2.41,2.20,1
REGENCY.BO,10/9/2024,35.85,27.00,0.00,29.00,27.00,36.70,30.25,23.81,1
RGRL.BO,10/9/2024,9.67,7.00,0.00,21.00,7.00,11.46,11.17,10.87,1
RGL.NS,10/9/2024,133.49,6.00,0.00,16.00,6.00,143.43,135.58,127.73,1
RKEC.NS,10/9/2024,140.11,8.00,0.00,16.00,8.00,143.31,138.75,134.19,1
RMCL.NS,10/8/2024,200.00,206.00,0.00,217.00,206.00,209.59,201.66,193.74,1
RNBDENIMS.BO,10/9/2024,80.26,37.00,0.00,41.00,37.00,81.53,77.70,73.88,1
RODIUM.BO,10/8/2024,105.30,6.00,0.00,13.00,6.00,107.42,104.08,100.74,1
ROSELABS.BO,10/9/2024,35.26,9.00,0.00,30.00,9.00,36.46,35.21,33.95,1
RPEL.BO,10/9/2024,1138.05,9.00,0.00,20.00,9.00,1169.72,1116.56,1063.40,1
ROYALCU.BO,10/9/2024,32.05,3.00,0.00,34.00,3.00,34.04,32.26,30.49,1
RPGLIFE.NS,10/9/2024,2726.40,13.00,0.00,20.00,13.00,2895.70,2750.06,2604.42,1
RSCINT.BO,10/7/2024,15.09,3.00,0.00,740.00,3.00,25.82,17.29,8.76,1
RTFL.BO,10/9/2024,75.73,12.00,0.00,25.00,12.00,79.55,76.85,74.14,1
RSYSTEMS.NS,10/9/2024,500.35,6.00,0.00,16.00,6.00,532.70,515.54,498.38,1
RTNPOWER.NS,10/9/2024,16.50,12.00,0.00,33.00,12.00,17.68,16.84,15.99,1
S&SPOWER.NS,10/9/2024,422.80,9.00,0.00,25.00,9.00,457.24,440.52,423.81,1
SABEVENTS.NS,10/9/2024,12.26,5.00,0.00,30.00,5.00,12.60,12.02,11.44,1
SACHEMT.BO,10/9/2024,26.90,4.00,0.00,16.00,4.00,27.19,26.84,26.49,1
SAENTER.BO,10/9/2024,34.27,6.00,0.00,14.00,6.00,36.90,36.26,35.61,1
SAFARI.NS,10/9/2024,2607.55,7.00,0.00,16.00,7.00,2688.01,2616.83,2545.64,1
SAGCEM.NS,10/9/2024,229.61,40.00,0.00,48.00,40.00,0.00,0.00,0.00,1
SAICAPI.BO,9/13/2024,155.30,306.00,0.00,406.00,306.00,33.92,17.99,2.06,1
SAINIK.BO,10/9/2024,43.57,11.00,0.00,24.00,11.00,46.99,44.50,42.01,1
SALZERELEC.NS,10/9/2024,1088.25,3.00,0.00,28.00,3.00,1117.24,1062.52,1007.79,1
SANCTRN.BO,10/9/2024,759.95,4.00,0.00,27.00,4.00,810.65,777.15,743.65,1
SANTETX.BO,10/9/2024,155.30,10.00,0.00,30.00,10.00,163.59,157.71,151.83,1
SARDAEN.NS,10/9/2024,497.20,44.00,0.00,49.00,44.00,508.89,478.19,447.48,1
SARLAPOLY.NS,10/9/2024,90.34,6.00,0.00,23.00,6.00,91.59,89.24,86.89,1
SASKEN.NS,10/9/2024,1662.30,4.00,0.00,33.00,4.00,1682.94,1588.73,1494.52,1
SAWABUSI.BO,10/9/2024,0.59,13.00,0.00,28.00,13.00,0.70,0.70,0.70,1
SBGLP.BO,10/9/2024,131.30,8.00,0.00,35.00,8.00,134.51,129.57,124.63,1
SBFL.BO,10/9/2024,26.54,35.00,0.00,40.00,35.00,25.99,25.11,24.23,1
SCANPGEOM.BO,10/9/2024,10.20,19.00,0.00,27.00,19.00,10.13,9.63,9.12,1
SCAGRO.BO,10/9/2024,17.40,10.00,0.00,42.00,10.00,18.24,17.68,17.12,1
SDL.BO,10/9/2024,25.99,18.00,0.00,65.00,18.00,26.21,24.56,22.92,1
SEIL.BO,10/9/2024,194.80,19.00,0.00,21.00,19.00,236.53,227.83,219.12,1
SHAHFOOD.BO,10/8/2024,232.85,39.00,0.00,43.00,39.00,243.61,236.85,230.10,1
SHALPRO.BO,10/9/2024,0.62,9.00,0.00,13.00,9.00,0.00,0.00,0.00,1
SHAQUAK.BO,10/9/2024,1.58,9.00,0.00,17.00,9.00,1.65,1.59,1.54,1
SHARDACROP.NS,10/9/2024,566.85,11.00,0.00,30.00,11.00,591.34,587.16,582.98,1
SHARDUL.BO,10/9/2024,458.15,14.00,0.00,19.00,14.00,451.07,436.17,421.26,1
SHARIABEES.BO,10/9/2024,586.76,117.00,0.00,157.00,117.00,645.80,627.30,608.81,1
SHHARICH.BO,10/9/2024,101.05,12.00,0.00,24.00,12.00,115.68,114.64,113.61,1
SHILCTECH.BO,10/9/2024,6090.55,5.00,0.00,17.00,5.00,6233.97,5963.53,5693.09,1
SHILGRAVQ.BO,10/9/2024,172.45,13.00,0.00,18.00,13.00,0.00,0.00,0.00,1
SHK.NS,10/9/2024,321.95,4.00,0.00,9.00,4.00,326.48,316.68,306.88,1
SHRADHA.NS,10/9/2024,156.00,6.00,0.00,11.00,6.00,159.89,158.05,156.21,1
SHIVATEX.NS,10/9/2024,210.24,12.00,0.00,17.00,12.00,216.22,207.65,199.08,1
SHREEGANES.BO,10/9/2024,1.13,4.00,0.00,49.00,4.00,1.22,1.13,1.05,1
SHREEPUSHK.NS,10/9/2024,252.69,6.00,0.00,17.00,6.00,274.77,273.11,271.46,1
SHREECEM.NS,10/9/2024,24975.05,41.00,0.00,69.00,41.00,0.00,0.00,0.00,1
SHRENIK.NS,10/9/2024,0.84,6.00,0.00,14.00,6.00,0.97,0.95,0.92,1
SHREMETAL.BO,10/9/2024,40.50,11.00,0.00,14.00,11.00,0.00,0.00,0.00,1
SHRIKRISH.BO,10/9/2024,39.67,4.00,0.00,16.00,4.00,40.24,39.14,38.04,1
SHRMFGC.BO,10/4/2024,9.36,4.00,0.00,,4.00,,,,1
SHUKJEW.BO,10/8/2024,10.19,6.00,0.00,8.00,6.00,12.00,11.14,10.28,1
SICALLOG.NS,9/9/2024,177.03,7.00,0.00,15.00,7.00,178.26,175.75,173.24,1
SIEMENS.NS,10/9/2024,7677.20,21.00,0.00,37.00,21.00,7710.49,7482.99,7255.49,1
SILGO.NS,10/9/2024,44.19,5.00,0.00,9.00,5.00,45.46,43.58,41.70,1
SIKOZY.BO,10/9/2024,1.42,12.00,0.00,16.00,12.00,1.44,1.36,1.28,1
SILLYMONKS.NS,10/9/2024,23.69,3.00,0.00,30.00,3.00,24.10,23.55,23.00,1
SILVOAK.BO,10/9/2024,135.75,19.00,0.00,27.00,19.00,142.83,137.83,132.82,1
SIMPLXMIL.BO,10/9/2024,6932.50,56.00,0.00,62.00,56.00,7580.92,6979.27,6377.63,1
SIMPLXPAP.BO,10/8/2024,2899.95,14.00,0.00,20.00,14.00,0.00,0.00,0.00,1
SINNAR.BO,10/9/2024,778.00,3.00,0.00,,3.00,,,,1
SIPL.BO,10/9/2024,13.89,7.00,0.00,10.00,7.00,14.18,13.53,12.88,1
SITAENT.BO,10/9/2024,84.44,11.00,0.00,16.00,11.00,88.15,84.21,80.27,1
SITINET.NS,10/9/2024,0.90,11.00,0.00,27.00,11.00,0.95,0.95,0.95,1
SIYSIL.NS,10/9/2024,524.05,4.00,0.00,15.00,4.00,535.88,520.03,504.18,1
SKRABUL.BO,10/9/2024,22.06,3.00,0.00,9.00,3.00,22.72,21.89,21.07,1
SKYGOLD.BO,10/9/2024,2941.20,8.00,0.00,10.00,8.00,2980.88,2903.89,2826.89,1
SOFTSOL.BO,10/9/2024,545.50,9.00,0.00,13.00,9.00,570.61,553.30,535.99,1
SOLIMAC.BO,10/9/2024,111.65,8.00,0.00,15.00,8.00,120.29,114.56,108.82,1
SOUTHMG.BO,10/9/2024,360.40,7.00,0.00,30.00,7.00,389.17,380.36,371.54,1
SPECMKT.BO,10/8/2024,3.76,213.00,0.00,,213.00,,,,1
SPECTRA.BO,10/9/2024,4.87,5.00,0.00,7.00,5.00,5.06,4.94,4.81,1
SPENTEX.NS,10/8/2024,280.00,192.00,0.00,198.00,192.00,300.65,283.75,266.85,1
SPTL.NS,10/8/2024,1.06,85.00,0.00,120.00,85.00,1.16,1.08,0.99,1
SPSINT.BO,10/8/2024,37.28,40.00,0.00,45.00,40.00,38.50,37.51,36.52,1
SPTRSHI.BO,10/9/2024,41.00,5.00,0.00,,5.00,,,,1
SRECR.BO,10/9/2024,69.81,13.00,0.00,25.00,13.00,70.89,68.78,66.68,1
SRIKPRIND.BO,10/9/2024,36.67,6.00,0.00,31.00,6.00,43.77,42.69,41.60,1
SRHHYPOLTD.NS,10/9/2024,772.35,4.00,0.00,7.00,4.00,823.25,786.80,750.35,1
SRPL.NS,10/9/2024,1.25,6.00,0.00,10.00,6.00,1.28,1.21,1.14,1
SRIND.BO,10/9/2024,1.73,16.00,0.00,27.00,16.00,1.74,1.60,1.45,1
STAR.NS,10/9/2024,1505.25,12.00,0.00,16.00,12.00,1514.83,1473.12,1431.42,1
STARCOM.BO,10/9/2024,137.70,6.00,0.00,25.00,6.00,140.51,134.39,128.28,1
STARLITE.BO,10/8/2024,3.64,40.00,0.00,55.00,40.00,4.01,3.76,3.51,1
STARTECK.BO,10/9/2024,272.20,14.00,0.00,19.00,14.00,276.99,269.68,262.38,1
STELLAR.BO,10/8/2024,5.99,40.00,0.00,46.00,40.00,6.66,6.40,6.13,1
STEP2COR.BO,10/9/2024,38.38,4.00,0.00,10.00,4.00,38.68,37.71,36.74,1
STRGRENWO.BO,10/9/2024,49.95,15.00,0.00,29.00,15.00,57.65,55.57,53.50,1
STRLGUA.BO,10/8/2024,42.18,42.00,0.00,44.00,42.00,45.82,43.01,40.20,1
STYLAMIND.BO,10/9/2024,2193.25,9.00,0.00,21.00,9.00,2234.07,2190.11,2146.16,1
SUCROSA.BO,10/9/2024,20.25,4.00,0.00,6.00,4.00,22.40,20.66,18.92,1
SUBSM.BO,10/8/2024,25.00,78.00,0.00,94.00,78.00,26.62,25.46,24.31,1
SUDAI.BO,10/9/2024,62.95,13.00,0.00,30.00,13.00,68.78,67.24,65.69,1
SUGALDAM.BO,10/9/2024,74.92,44.00,0.00,46.00,44.00,82.03,74.95,67.86,1
SULABEN.BO,10/9/2024,6.12,13.00,0.00,20.00,13.00,6.23,5.97,5.72,1
SUMEETINDS.NS,10/9/2024,4.73,17.00,0.00,30.00,17.00,4.98,4.80,4.61,1
SUNDARMFIN.NS,10/9/2024,5297.65,19.00,0.00,26.00,19.00,5545.37,5404.41,5263.45,1
SUNDRMFAST.NS,10/9/2024,1440.25,33.00,0.00,50.00,33.00,1451.03,1421.73,1392.43,1
SUNRAJDI.BO,10/9/2024,12.16,8.00,0.00,29.00,8.00,12.54,12.07,11.60,1
SUNPHARMA.NS,10/9/2024,1930.85,87.00,0.00,130.00,87.00,2007.45,1955.45,1903.45,1
SUPERBAK.BO,10/9/2024,29.02,3.00,0.00,12.00,3.00,30.30,29.51,28.72,1
SUPERHOUSE.NS,10/9/2024,222.09,21.00,0.00,29.00,21.00,246.18,241.90,237.62,1
SUPERIOR.BO,10/9/2024,1.58,4.00,0.00,13.00,4.00,1.61,1.54,1.47,1
SUPERTEX.BO,10/9/2024,11.05,5.00,0.00,21.00,5.00,11.16,10.89,10.62,1
SUPREMEENG.NS,10/9/2024,3.51,15.00,0.00,8.00,15.00,3.55,3.48,3.41,1
SUPRATRE.BO,10/8/2024,49.67,318.00,0.00,347.00,318.00,49.74,48.12,46.50,1
SUPREMEIND.NS,10/9/2024,5448.70,24.00,0.00,34.00,24.00,0.00,0.00,0.00,1
SURAJ.BO,10/9/2024,575.15,11.00,0.00,26.00,11.00,623.30,612.70,602.09,1
SURYAROSNI.NS,10/9/2024,691.95,21.00,0.00,34.00,21.00,777.91,752.02,726.14,1
SVGLOBAL.BO,10/9/2024,149.85,4.00,0.00,16.00,4.00,153.01,149.92,146.84,1
SW1.BO,10/8/2024,82.00,96.00,0.00,124.00,96.00,83.44,51.40,19.36,1
SWAGTAM.BO,10/9/2024,82.27,16.00,0.00,57.00,16.00,84.85,78.28,71.72,1
SWASTIKA.BO,10/9/2024,219.85,4.00,0.00,11.00,4.00,230.44,224.39,218.34,1
SYMPHONY.NS,10/9/2024,1798.15,15.00,0.00,36.00,15.00,1786.61,1707.49,1628.37,1
TAINWALCHM.NS,10/9/2024,281.87,3.00,0.00,18.00,3.00,322.57,316.43,310.29,1
TARAPUR.BO,10/9/2024,21.71,3.00,0.00,14.00,3.00,22.50,21.68,20.87,1
TARC.NS,10/9/2024,257.00,38.00,0.00,41.00,38.00,271.67,260.38,249.10,1
TATACHEM.NS,10/9/2024,1105.35,13.00,0.00,25.00,13.00,1187.81,1170.46,1153.10,1
TATACOFFEE.NS,1/12/2024,344.80,195.00,0.00,277.00,195.00,320.72,298.82,276.92,1
TATAMETALI.NS,2/5/2024,1110.55,12.00,0.00,25.00,12.00,1110.38,1086.14,1061.90,1
TATAMTRDVR.BO,8/29/2024,765.15,15.00,0.00,19.00,15.00,775.35,761.19,747.03,1
TATASTLLP.NS,11/16/2023,829.95,10.00,0.00,41.00,10.00,835.70,824.00,812.29,1
TCIIND.BO,10/9/2024,1390.00,5.00,0.00,37.00,5.00,1415.60,1373.25,1330.90,1
TCMLMTD.BO,10/9/2024,46.53,37.00,0.00,70.00,37.00,46.35,44.84,43.32,1
TCNSBRANDS.NS,9/2/2024,583.30,12.00,0.00,22.00,12.00,590.95,579.37,567.79,1
TECHM.NS,10/9/2024,1658.80,45.00,0.00,48.00,45.00,1841.57,1770.08,1698.60,1
TECHNOE.NS,10/9/2024,1667.25,12.00,0.00,35.00,12.00,1682.30,1608.85,1535.39,1
TELECANOR.BO,10/9/2024,6.69,8.00,0.00,14.00,8.00,6.74,6.53,6.31,1
TIJARIA.NS,10/9/2024,11.83,6.00,0.00,20.00,6.00,13.24,12.87,12.50,1
TIPSINDLTD.NS,10/8/2024,750.05,12.00,0.00,35.00,12.00,748.43,729.19,709.95,1
TIRUSTA.BO,10/9/2024,177.75,4.00,0.00,47.00,4.00,183.01,178.61,174.21,1
TITAANIUM.BO,10/8/2024,33.95,24.00,0.00,32.00,24.00,35.88,33.49,31.09,1
TITANBIO.BO,10/9/2024,751.85,7.00,0.00,9.00,7.00,776.18,752.49,728.80,1
TITANSEC.BO,10/9/2024,47.50,3.00,0.00,16.00,3.00,51.40,48.03,44.67,1
TNSTLTU.BO,10/8/2024,21.07,33.00,0.00,43.00,33.00,23.48,21.89,20.29,1
TORNTPHARM.NS,10/9/2024,3557.25,105.00,0.00,109.00,105.00,3754.07,3595.79,3437.52,1
TRANSFRE.BO,10/9/2024,31.11,12.00,0.00,16.00,12.00,0.00,0.00,0.00,1
TRENT.NS,10/9/2024,8220.85,3.00,0.00,7.00,3.00,8501.27,8245.67,7990.06,1
TRICOMFRU.BO,10/9/2024,1.75,10.00,0.00,20.00,10.00,1.77,1.73,1.68,1
TRIMURTHI.BO,10/8/2024,21.91,159.00,0.00,181.00,159.00,26.00,22.87,19.75,1
TRIL.NS,10/8/2024,674.10,13.00,0.00,30.00,13.00,703.01,672.41,641.81,1
TSPIRITUAL.BO,10/9/2024,1.91,12.00,0.00,30.00,12.00,2.05,2.01,1.98,1
TVVISION.NS,10/9/2024,15.61,16.00,0.00,25.00,16.00,15.82,15.52,15.23,1
UBL.NS,10/9/2024,2099.40,38.00,0.00,63.00,38.00,2243.89,2199.11,2154.33,1
UCALFUEL.NS,8/22/2023,140.50,5.00,0.00,19.00,5.00,142.55,138.29,134.03,1
UJJIVAN.NS,5/2/2024,591.00,10.00,0.00,17.00,10.00,604.86,584.08,563.30,1
UMIYA.BO,10/9/2024,14.02,51.00,0.00,55.00,51.00,14.13,12.37,10.62,1
UMESLTD.NS,10/9/2024,6.31,8.00,0.00,17.00,8.00,7.47,7.27,7.07,1
UNIINFO.NS,10/9/2024,40.24,19.00,0.00,32.00,19.00,39.49,38.40,37.30,1
UNIROYAL.BO,10/9/2024,24.96,4.00,0.00,22.00,4.00,25.92,25.17,24.43,1
UNISHIRE.BO,10/9/2024,3.87,17.00,0.00,21.00,17.00,4.76,4.49,4.22,1
UNISTRMU.BO,10/9/2024,8.43,13.00,0.00,21.00,13.00,9.98,9.74,9.51,1
UNITECH.BO,10/9/2024,11.86,4.00,0.00,8.00,4.00,12.12,11.87,11.63,1
UNITEDTE.BO,10/8/2024,17.00,15.00,0.00,96.00,15.00,17.17,16.80,16.42,1
UNIVARTS.BO,10/9/2024,5.45,14.00,0.00,18.00,14.00,5.74,5.56,5.38,1
UNIVSTAR.BO,10/9/2024,204.00,10.00,0.00,35.00,10.00,267.75,261.57,255.39,1
UNJHAFOR.BO,10/9/2024,32.01,9.00,0.00,14.00,9.00,31.10,29.37,27.64,1
UNRYLMA.BO,10/9/2024,18.10,6.00,0.00,14.00,6.00,19.29,18.36,17.44,1
UPSURGE.BO,10/9/2024,171.50,8.00,0.00,22.00,8.00,171.23,167.69,164.15,1
USHAKIRA.BO,10/9/2024,33.29,10.00,0.00,22.00,10.00,33.66,33.01,32.36,1
UTINEXT50.BO,10/9/2024,80.29,135.00,0.00,142.00,135.00,87.22,83.82,80.42,1
UTINIFTETF.BO,10/9/2024,272.02,135.00,0.00,150.00,135.00,289.96,282.36,274.76,1
V2RETAIL.NS,10/9/2024,1405.70,19.00,0.00,29.00,19.00,1479.23,1417.12,1355.00,1
VAISHALI.NS,10/9/2024,195.08,4.00,0.00,17.00,4.00,199.44,195.24,191.04,1
VAMA.BO,10/9/2024,8.37,6.00,0.00,26.00,6.00,9.56,9.39,9.22,1
VAMSHIRU.BO,10/9/2024,60.05,7.00,0.00,12.00,7.00,61.28,59.68,58.08,1
VANICOM.BO,10/9/2024,12.16,17.00,0.00,25.00,17.00,12.68,11.93,11.17,1
VCU.BO,10/9/2024,6.19,24.00,0.00,31.00,24.00,0.00,0.00,0.00,1
VELHO.BO,10/9/2024,6.43,14.00,0.00,21.00,14.00,9.34,9.05,8.77,1
VEDL.NS,10/9/2024,496.25,19.00,0.00,27.00,19.00,562.49,538.03,513.57,1
VERITAS.BO,10/9/2024,1140.75,14.00,0.00,25.00,14.00,1226.19,1213.67,1201.15,1
VIJSOLX.BO,10/9/2024,1060.50,7.00,0.00,12.00,7.00,0.00,0.00,0.00,1
VINAYAKPOL.BO,9/13/2024,30.49,7.00,0.00,122.00,7.00,31.25,17.01,2.76,1
VINTRON.BO,10/9/2024,52.51,12.00,0.00,16.00,12.00,57.21,53.98,50.75,1
VINTAGES.BO,10/9/2024,18.00,6.00,0.00,15.00,6.00,19.12,18.99,18.87,1
VIRAT.BO,10/9/2024,415.05,13.00,0.00,34.00,13.00,455.38,427.39,399.40,1
VIRATCRA.BO,10/9/2024,69.03,18.00,0.00,28.00,18.00,73.17,71.64,70.11,1
VIRTUALG.BO,9/13/2024,0.88,4.00,0.00,10.00,4.00,0.97,0.78,0.59,1
VISASTEEL.NS,10/8/2024,34.44,31.00,0.00,64.00,31.00,37.26,35.10,32.94,1
VISHNU.NS,10/9/2024,414.20,18.00,0.00,36.00,18.00,437.74,427.48,417.21,1
VIVANZA.BO,10/9/2024,4.07,4.00,0.00,,4.00,,,,1
VITESSE.BO,10/8/2024,7.25,36.00,0.00,120.00,36.00,7.80,7.44,7.09,1
VIVIDIND.BO,10/9/2024,20.80,3.00,0.00,11.00,3.00,0.00,0.00,0.00,1
VJTFEDU.BO,10/9/2024,104.10,43.00,0.00,46.00,43.00,110.34,105.88,101.43,1
VMART.NS,10/9/2024,4373.50,45.00,0.00,53.00,45.00,4478.93,4140.54,3802.14,1
VXLINSTR.BO,10/9/2024,7.05,3.00,0.00,8.00,3.00,7.82,7.58,7.34,1
WALLFORT.BO,10/9/2024,149.25,10.00,0.00,35.00,10.00,161.86,158.11,154.35,1
WEALTH.NS,10/9/2024,1323.75,18.00,0.00,30.00,18.00,1518.83,1458.33,1397.83,1
WELCURE.BO,10/8/2024,7.69,68.00,0.00,71.00,68.00,8.74,8.00,7.26,1
WHBRADY.BO,10/9/2024,895.30,26.00,0.00,29.00,26.00,1024.74,959.63,894.52,1
WHIRLPOOL.NS,10/9/2024,2371.55,15.00,0.00,23.00,15.00,2468.15,2396.98,2325.81,1
WIMPLAST.BO,10/9/2024,658.40,27.00,0.00,40.00,27.00,0.00,0.00,0.00,1
WIPRO.NS,10/9/2024,531.15,45.00,0.00,50.00,45.00,0.00,0.00,0.00,1
YUG.BO,10/9/2024,38.64,7.00,0.00,25.00,7.00,41.44,40.65,39.85,1
ZBINTXPP.BO,10/8/2024,1925.00,15.00,0.00,19.00,15.00,2157.43,2106.28,2055.14,1
ZENTEC.NS,10/9/2024,1759.95,21.00,0.00,30.00,21.00,1780.23,1707.09,1633.95,1
ZENITHEXPO.NS,10/9/2024,288.00,38.00,0.00,41.00,38.00,295.11,283.77,272.42,1
ZKHANDEN.BO,10/9/2024,76.95,11.00,0.00,22.00,11.00,84.26,80.07,75.87,1
ZSVARAJT.BO,10/9/2024,9.73,7.00,0.00,40.00,7.00,10.76,10.48,10.20,1
